_id,title,company,location,workMode,employmentType,experienceLevel,description,skills[0],skills[1],skills[2],salaryRange,applicationUrl,applicationEmail,source,postedDate,deadline,slug,status,publishedAt,scheduledAt,featured,displayOrder,deletedAt,deletedBy,createdBy,updatedBy,revision,companyLogo.media,companyLogo.url,companyLogo.fileId,companyLogo.thumbnailUrl,companyLogo.alt,companyLogo.caption,companyLogo.width,companyLogo.height,seo.title,seo.description,seo.ogImage,seo.canonicalUrl,seo.noIndex,createdAt,updatedAt,__v,dedupeKey,rejectedReason,sourceJobId,fetchedAt
6a6061ed7bfcf05ac32c3ef2,Frontend Developer,TechWave Solutions,"Noida, Uttar Pradesh",On-site,Full-time,0–2 years,Build responsive and accessible user interfaces for ed-tech platforms.,React,JavaScript,CSS,₹4–7 LPA,https://www.linkedin.com/jobs/search/?keywords=Frontend+Developer&location=Noida%2C+Uttar+Pradesh,,LinkedIn Jobs,2026-07-13T00:00:00.000Z,,frontend-developer-techwave-solutions,published,2026-07-22T06:23:41.199Z,,true,0,,,,,7,,,,,,,,,,,,,false,2026-07-22T06:23:41.201Z,2026-08-04T08:18:40.642Z,0,,,,
6a6061ed7bfcf05ac32c3ef5,React Developer,CodeCraft Labs,"Bengaluru, Karnataka",Hybrid,Full-time,1–3 years,Develop and maintain component libraries for enterprise dashboards.,React,TypeScript,Redux,₹6–10 LPA,https://www.linkedin.com/jobs/search/?keywords=React+Developer&location=Bengaluru%2C+Karnataka,,LinkedIn Jobs,2026-07-12T00:00:00.000Z,,react-developer-codecraft-labs,published,2026-07-22T06:23:41.260Z,,true,1,,,,,7,,,,,,,,,,,,,false,2026-07-22T06:23:41.261Z,2026-08-04T08:18:40.707Z,0,,,,
6a6061ed7bfcf05ac32c3ef8,Backend Developer,DataForge Inc.,"Gurugram, Haryana",On-site,Full-time,1–3 years,Design and deploy RESTful APIs for high-traffic web applications.,Node.js,Express,PostgreSQL,₹5–9 LPA,https://www.linkedin.com/jobs/search/?keywords=Backend+Developer&location=Gurugram%2C+Haryana,,LinkedIn Jobs,2026-07-11T00:00:00.000Z,,backend-developer-dataforge-inc,published,2026-07-22T06:23:41.318Z,,false,2,,,,,7,,,,,,,,,,,,,false,2026-07-22T06:23:41.319Z,2026-08-04T08:18:40.768Z,0,,,,
6a6061ed7bfcf05ac32c3efb,Node.js Developer,CloudBase Systems,Remote,Remote,Full-time,2–4 years,Build scalable microservices for cloud-native products.,Node.js,AWS,MongoDB,₹8–14 LPA,https://www.linkedin.com/jobs/search/?keywords=Node.js+Developer&location=India&f_WT=2,,LinkedIn Jobs,2026-07-10T00:00:00.000Z,,node-js-developer-cloudbase-systems,published,2026-07-22T06:23:41.378Z,,true,3,,,,,7,,,,,,,,,,,,,false,2026-07-22T06:23:41.379Z,2026-08-04T08:18:40.823Z,0,,,,
6a6061ed7bfcf05ac32c3efe,Full-Stack Developer,NexGen EdTech,"Mumbai, Maharashtra",Hybrid,Full-time,2–5 years,Own end-to-end feature delivery across frontend and backend stacks.,React,Node.js,MongoDB,₹10–18 LPA,https://www.linkedin.com/jobs/search/?keywords=Full-Stack+Developer&location=Mumbai%2C+Maharashtra,,LinkedIn Jobs,2026-07-09T00:00:00.000Z,,full-stack-developer-nexgen-edtech,published,2026-07-22T06:23:41.441Z,,false,4,,,,,7,,,,,,,,,,,,,false,2026-07-22T06:23:41.442Z,2026-08-04T08:18:40.884Z,0,,,,
6a6061ed7bfcf05ac32c3f01,Data Analyst,InsightBox Analytics,"Bengaluru, Karnataka",On-site,Full-time,0–2 years,Analyze learner engagement data and generate actionable reports.,SQL,Python,Tableau,₹4–7 LPA,https://www.linkedin.com/jobs/search/?keywords=Data+Analyst&location=Bengaluru%2C+Karnataka,,LinkedIn Jobs,2026-07-08T00:00:00.000Z,,data-analyst-insightbox-analytics,published,2026-07-22T06:23:41.507Z,,true,5,,,,,7,,,,,,,,,,,,,false,2026-07-22T06:23:41.508Z,2026-08-04T08:18:40.946Z,0,,,,
6a6061ed7bfcf05ac32c3f04,Business Analyst,StrategyFirst Consulting,"Noida, Uttar Pradesh",Hybrid,Full-time,1–3 years,Bridge stakeholder requirements with technical delivery teams.,Excel,SQL,Power BI,₹5–9 LPA,https://www.linkedin.com/jobs/search/?keywords=Business+Analyst&location=Noida%2C+Uttar+Pradesh,,LinkedIn Jobs,2026-07-07T00:00:00.000Z,,business-analyst-strategyfirst-consulting,published,2026-07-22T06:23:41.568Z,,false,6,,,,,7,,,,,,,,,,,,,false,2026-07-22T06:23:41.568Z,2026-08-04T08:18:41.006Z,0,,,,
6a6061ed7bfcf05ac32c3f07,Data Scientist,AIMatrix Labs,"Hyderabad, Telangana",On-site,Full-time,2–5 years,Develop predictive models for personalized learning recommendations.,Python,Machine Learning,TensorFlow,₹12–22 LPA,https://www.linkedin.com/jobs/search/?keywords=Data+Scientist&location=Hyderabad%2C+Telangana,,LinkedIn Jobs,2026-07-06T00:00:00.000Z,,data-scientist-aimatrix-labs,published,2026-07-22T06:23:41.625Z,,true,7,,,,,7,,,,,,,,,,,,,false,2026-07-22T06:23:41.626Z,2026-08-04T08:18:41.068Z,0,,,,
6a6061ed7bfcf05ac32c3f0a,Machine Learning Engineer,NeuralStack AI,Remote,Remote,Full-time,2–4 years,Productionize ML models and build automated training pipelines.,Python,PyTorch,MLOps,₹14–25 LPA,https://www.linkedin.com/jobs/search/?keywords=Machine+Learning+Engineer&location=India&f_WT=2,,LinkedIn Jobs,2026-07-05T00:00:00.000Z,,machine-learning-engineer-neuralstack-ai,published,2026-07-22T06:23:41.684Z,,false,8,,,,,7,,,,,,,,,,,,,false,2026-07-22T06:23:41.685Z,2026-08-04T08:18:41.126Z,0,,,,
6a6061ed7bfcf05ac32c3f0d,AI Engineer,CogniVault Technologies,"Bengaluru, Karnataka",Hybrid,Full-time,2–5 years,Build AI-powered tutoring assistants using large language models.,LLMs,Python,RAG,₹15–28 LPA,https://www.linkedin.com/jobs/search/?keywords=AI+Engineer&location=Bengaluru%2C+Karnataka,,LinkedIn Jobs,2026-07-04T00:00:00.000Z,,ai-engineer-cognivault-technologies,published,2026-07-22T06:23:41.746Z,,true,9,,,,,7,,,,,,,,,,,,,false,2026-07-22T06:23:41.747Z,2026-08-04T08:18:41.188Z,0,,,,
6a6061ed7bfcf05ac32c3f10,Cybersecurity Analyst,ShieldNet Security,"Gurugram, Haryana",On-site,Full-time,1–3 years,Monitor infrastructure threats and conduct vulnerability assessments.,Network Security,Kali Linux,SIEM,₹6–11 LPA,https://www.linkedin.com/jobs/search/?keywords=Cybersecurity+Analyst&location=Gurugram%2C+Haryana,,LinkedIn Jobs,2026-07-03T00:00:00.000Z,,cybersecurity-analyst-shieldnet-security,published,2026-07-22T06:23:41.806Z,,false,10,,,,,7,,,,,,,,,,,,,false,2026-07-22T06:23:41.807Z,2026-08-04T08:18:41.248Z,0,,,,
6a6061ed7bfcf05ac32c3f13,SOC Analyst,CyberDefence Pro,"Noida, Uttar Pradesh",On-site,Full-time,0–2 years,Monitor security alerts and coordinate incident response procedures.,Log Analysis,Incident Response,Splunk,₹3.5–6 LPA,https://www.linkedin.com/jobs/search/?keywords=SOC+Analyst&location=Noida%2C+Uttar+Pradesh,,LinkedIn Jobs,2026-07-02T00:00:00.000Z,,soc-analyst-cyberdefence-pro,published,2026-07-22T06:23:41.864Z,,false,11,,,,,7,,,,,,,,,,,,,false,2026-07-22T06:23:41.865Z,2026-08-04T08:18:41.308Z,0,,,,
6a6061ed7bfcf05ac32c3f16,Product Manager,EduGrowth Platform,"Mumbai, Maharashtra",Hybrid,Full-time,3–6 years,Define product roadmap and drive feature prioritization for learning products.,Product Strategy,Analytics,Agile,₹18–32 LPA,https://www.linkedin.com/jobs/search/?keywords=Product+Manager&location=Mumbai%2C+Maharashtra,,LinkedIn Jobs,2026-07-01T00:00:00.000Z,,product-manager-edugrowth-platform,published,2026-07-22T06:23:41.921Z,,true,12,,,,,7,,,,,,,,,,,,,false,2026-07-22T06:23:41.923Z,2026-08-04T08:18:41.367Z,0,,,,
6a6061ed7bfcf05ac32c3f19,Associate Product Manager,SkillBridge Tech,"Bengaluru, Karnataka",On-site,Full-time,0–2 years,"Support product managers in research, documentation, and stakeholder coordination.",Market Research,PRD Writing,Data Analysis,₹6–10 LPA,https://www.linkedin.com/jobs/search/?keywords=Associate+Product+Manager&location=Bengaluru%2C+Karnataka,,LinkedIn Jobs,2026-06-30T00:00:00.000Z,,associate-product-manager-skillbridge-tech,published,2026-07-22T06:23:41.979Z,,false,13,,,,,7,,,,,,,,,,,,,false,2026-07-22T06:23:41.980Z,2026-08-04T08:18:41.429Z,0,,,,
6a6061ee7bfcf05ac32c3f1c,Investment Banking Analyst,FinEdge Capital,"Mumbai, Maharashtra",On-site,Full-time,0–2 years,"Assist in deal execution, financial analysis, and client pitch preparation.",Financial Modeling,Valuation,Excel,₹8–14 LPA,https://www.linkedin.com/jobs/search/?keywords=Investment+Banking+Analyst&location=Mumbai%2C+Maharashtra,,LinkedIn Jobs,2026-06-29T00:00:00.000Z,,investment-banking-analyst-finedge-capital,published,2026-07-22T06:23:42.037Z,,false,14,,,,,7,,,,,,,,,,,,,false,2026-07-22T06:23:42.038Z,2026-08-04T08:18:41.490Z,0,,,,
6a6061ee7bfcf05ac32c3f1f,Financial Analyst,GrowthCap Advisors,"Gurugram, Haryana",Hybrid,Full-time,1–3 years,"Prepare financial reports, budgets, and variance analysis for leadership.",Financial Reporting,Power BI,Forecasting,₹5–9 LPA,https://www.linkedin.com/jobs/search/?keywords=Financial+Analyst&location=Gurugram%2C+Haryana,,LinkedIn Jobs,2026-06-28T00:00:00.000Z,,financial-analyst-growthcap-advisors,published,2026-07-22T06:23:42.096Z,,false,15,,,,,7,,,,,,,,,,,,,false,2026-07-22T06:23:42.097Z,2026-08-04T08:18:41.547Z,0,,,,
6a6061ee7bfcf05ac32c3f22,Data Engineer,Pipeline Data Systems,"Hyderabad, Telangana",On-site,Full-time,1–4 years,Build and maintain ETL pipelines for large-scale data platforms.,Python,Spark,Airflow,₹8–16 LPA,https://www.linkedin.com/jobs/search/?keywords=Data+Engineer&location=Hyderabad%2C+Telangana,,LinkedIn Jobs,2026-06-27T00:00:00.000Z,,data-engineer-pipeline-data-systems,published,2026-07-22T06:23:42.153Z,,true,16,,,,,7,,,,,,,,,,,,,false,2026-07-22T06:23:42.153Z,2026-08-04T08:18:41.607Z,0,,,,
6a6061ee7bfcf05ac32c3f25,DevOps Engineer,InfraStack Labs,Remote,Remote,Full-time,2–5 years,Automate deployment workflows and manage cloud infrastructure at scale.,Docker,Kubernetes,CI/CD,₹10–20 LPA,https://www.linkedin.com/jobs/search/?keywords=DevOps+Engineer&location=India&f_WT=2,,LinkedIn Jobs,2026-06-26T00:00:00.000Z,,devops-engineer-infrastack-labs,published,2026-07-22T06:23:42.210Z,,false,17,,,,,7,,,,,,,,,,,,,false,2026-07-22T06:23:42.211Z,2026-08-04T08:18:41.663Z,0,,,,
6a6061ee7bfcf05ac32c3f28,UI/UX Designer,DesignCraft Studio,"Noida, Uttar Pradesh",Hybrid,Full-time,1–3 years,Design intuitive interfaces and conduct usability testing for web apps.,Figma,User Research,Prototyping,₹5–9 LPA,https://www.linkedin.com/jobs/search/?keywords=UI%2FUX+Designer&location=Noida%2C+Uttar+Pradesh,,LinkedIn Jobs,2026-06-25T00:00:00.000Z,,ui-ux-designer-designcraft-studio,published,2026-07-22T06:23:42.269Z,,false,18,,,,,7,,,,,,,,,,,,,false,2026-07-22T06:23:42.270Z,2026-08-04T08:18:41.726Z,0,,,,
6a6061ee7bfcf05ac32c3f2b,Quality Assurance Engineer,TestRight Solutions,"Bengaluru, Karnataka",On-site,Full-time,0–2 years,Write and execute test cases to ensure product quality across releases.,Selenium,Test Automation,API Testing,₹3–6 LPA,https://www.linkedin.com/jobs/search/?keywords=Quality+Assurance+Engineer&location=Bengaluru%2C+Karnataka,,LinkedIn Jobs,2026-06-24T00:00:00.000Z,,quality-assurance-engineer-testright-solutions,published,2026-07-22T06:23:42.326Z,,false,19,,,,,7,,,,,,,,,,,,,false,2026-07-22T06:23:42.326Z,2026-08-04T08:18:41.783Z,0,,,,
6a6061ee7bfcf05ac32c3f2e,Software Development Engineer,ProductLabs India,"Pune, Maharashtra",On-site,Full-time,0–2 years,Build and maintain backend services for a high-scale SaaS product.,Java,Spring Boot,SQL,₹5–9 LPA,https://www.linkedin.com/jobs/search/?keywords=Software+Development+Engineer&location=Pune%2C+Maharashtra,,LinkedIn Jobs,2026-06-23T00:00:00.000Z,,software-development-engineer-productlabs-india,published,2026-07-22T06:23:42.384Z,,false,20,,,,6a60a17c20a2dec57e15dec5,8,6a606f7f9d2ffd32c2f5294f,https://ik.imagekit.io/ojoijfoinsdnfoodsnf/careerveda/press/insta_story-523a01e0.png,6a606f7f5c7cd75eb8f9db34,https://ik.imagekit.io/ojoijfoinsdnfoodsnf/tr:n-ik_ml_thumbnail/careerveda/press/insta_story-523a01e0.png,,,300,150,,,,,false,2026-07-22T06:23:42.385Z,2026-08-04T08:18:41.841Z,0,,,,
6a6061ee7bfcf05ac32c3f31,Technical Content Writer,LearnHub Media,Remote,Remote,Full-time,0–2 years,"Create developer tutorials, API docs, and technical blog content.",Technical Writing,Markdown,Documentation,₹3–6 LPA,https://www.linkedin.com/jobs/search/?keywords=Technical+Content+Writer&location=India&f_WT=2,,LinkedIn Jobs,2026-06-22T00:00:00.000Z,,technical-content-writer-learnhub-media,published,2026-07-22T06:23:42.443Z,,false,21,,,,6a60a17c20a2dec57e15dec5,8,,,,,,,,,,,,,false,2026-07-22T06:23:42.444Z,2026-08-04T08:18:41.897Z,0,,,,
6a60c117c6504c80ff175363,hello world,hello world,hello world fnbsaj,On-site,Full-time,,jjasndkjfnsajdnfoas,,,,,https://www.naukri.com/job-listings-key-accounts-manager-paytm-noida-bengaluru-mumbai-all-areas-5-to-10-years-130726017029?src=seo_srp&sid=17847257664633749&xp=1&px=1,,,,,hello-world,archived,2026-07-22T13:09:46.554Z,,false,0,2026-07-22T13:21:43.046Z,6a60a17c20a2dec57e15dec5,6a60a17c20a2dec57e15dec5,6a60a17c20a2dec57e15dec5,1,,,,,,,,,,,,,false,2026-07-22T13:09:43.753Z,2026-07-22T13:21:43.047Z,0,,,,
6a61ce17f61896cd231ed3a3,lhoiosdfohsdfshd,fisdsdjfjsad,jndsnfsndnf,On-site,Full-time,,dgasgfkjsndfnnsdjjnfsa,,,,₹5–9 LPA,https://www.linkedin.com/jobs/search/?currentJobId=4442056660&keywords=data%20scientist&location=noida,,,,,lhoiosdfohsdfshd,archived,2026-07-23T08:17:27.916Z,,false,8,2026-07-23T09:30:57.030Z,6a60a17c20a2dec57e15dec5,6a60a17c20a2dec57e15dec5,6a60a17c20a2dec57e15dec5,1,,,,,,,,,,,,,false,2026-07-23T08:17:27.745Z,2026-07-23T09:30:57.061Z,0,,,,
6a632dde1086448c954a50a8,Customer Experience Manager,NR Consulting,"Bangalore, Karnataka",,,,"Job Description:- Manager / Senior Manager – Customer & Marketing Analytics Location: India As a Manager/Senior Manager, you will: 1. Work with clients leading marketing & customer roles at Fortune 100 Retailers 2. Work closely with stakeholders across the organization to gather requirements and understand the underlying business problems. Serve as the bridge between business needs and analytical solutions. 3. Collaboratively work with leadership and SMEs to create innovative solutions for busi…",,,,,https://www.adzuna.in/land/ad/5811114866?se=LD52m0CH8RGlu8FcJJTwKw&utm_medium=api&utm_source=9a0b3cea&v=18C0756511F4BF38B6DABB83F4DD0AFE6B73610D,,adzuna,2026-07-22T22:52:54.000Z,,customer-experience-manager,in-review,,,false,0,,,,,1,,,,,,,,,,,,,false,2026-07-24T09:18:22.623Z,2026-07-24T09:18:22.623Z,0,customer experience manager|nr consulting|bangalore karnataka,,5811114866,2026-07-24T09:18:22.615Z
6a632dde1086448c954a50ab,Data Analyst,,"Thiruvananthapuram, Kerala",,,,Immediate requirement for the post of Data Analyst on rotation Shift (Male or Female). Persons only willing to work in both shifts need to apply.careers.coretechgmail.comorplease contact 9.4.nine.6.8.1.5.6.3.0,,,,,https://www.adzuna.in/details/4686704238?utm_medium=api&utm_source=9a0b3cea,,adzuna,2024-05-10T07:38:46.000Z,,data-analyst,in-review,,,false,0,,,,,1,,,,,,,,,,,,,false,2026-07-24T09:18:22.703Z,2026-07-24T09:18:22.703Z,0,data analyst|thiruvananthapuram kerala,,4686704238,2026-07-24T09:18:22.700Z
6a632dde1086448c954a50af,Data Analyst,SkySun,India,,Full-time,,"Role Overview We are looking for a Data Analyst with strong expertise in Microsoft Excel who can efficiently work with large datasets, formulas, and analytical models. The ideal candidate should be able to transform raw data into meaningful insights , build efficient spreadsheets, and support business decisions through structured analysis and reporting. This role requires someone who is highly detail-oriented, analytical, and extremely efficient in Excel-based data handling. Key Responsibilitie…",,,,,https://www.adzuna.in/details/5680120020?utm_medium=api&utm_source=9a0b3cea,,adzuna,2026-03-27T13:39:38.000Z,,data-analyst-2,in-review,,,false,0,,,,,1,,,,,,,,,,,,,false,2026-07-24T09:18:22.817Z,2026-07-24T09:18:22.817Z,0,data analyst|skysun|india,,5680120020,2026-07-24T09:18:22.814Z
6a632dde1086448c954a50b4,Data Analyst,LRN Corporation,India,,Full-time,,"Position: Data Analyst Location: Mumbai, India About LRN: LRN is the world’s leading dedicated ethics and compliance SaaS company, helping more than 30 million people every year navigate complex regional and global regulatory environments and build ethical, responsible cultures. With over 3,000 clients across the US, EMEA, APAC, and Latin America—including some of the world’s most respected and successful brands—we’re proud to be the long-term partner trusted to reduce organizational risk and d…",,,,,https://www.adzuna.in/details/5693524382?utm_medium=api&utm_source=9a0b3cea,,adzuna,2026-04-09T01:03:12.000Z,,data-analyst-3,in-review,,,false,0,,,,,1,,,,,,,,,,,,,false,2026-07-24T09:18:22.959Z,2026-07-24T09:18:22.959Z,0,data analyst|lrn corporation|india,,5693524382,2026-07-24T09:18:22.957Z
6a632ddf1086448c954a50ba,Data Analyst,Cloudester Software LLP,"Sevasi, Vadodara",,Contract,,"We are looking for a Data Analyst with 2–3 years of experience for a 3-month contract . You will be responsible for extracting web data, organizing it in Excel, and communicating findings clearly to our team. Role Details Duration: 3 Months Experience Required: 2–3 years Location: Vadodara Key Responsibilities Extract data from various websites using web scraping tools. Clean, organize, and analyze the collected datasets. Write database queries to pull and manage information. Present data findi…",,,,,https://www.adzuna.in/details/5793077025?utm_medium=api&utm_source=9a0b3cea,,adzuna,2026-07-09T02:21:15.000Z,,data-analyst-4,in-review,,,false,0,,,,,1,,,,,,,,,,,,,false,2026-07-24T09:18:23.125Z,2026-07-24T09:18:23.125Z,0,data analyst|cloudester software llp|sevasi vadodara,,5793077025,2026-07-24T09:18:23.123Z
6a632ddf1086448c954a50c1,Data Analyst,Weekday AI,India,,Full-time,,"This role is for one of Weekday’s clients Min Experience: 1 years Location: Nagpur JobType: full-time We're looking for a Data Analyst who is adaptable, quick to learn, and comfortable working across multiple projects and business functions. Unlike a dedicated role tied to one domain, this position will rotate/support across different projects as business priorities shift, making it ideal for someone who's curious, eager to build breadth, and thrives in a dynamic environment. Requirements Key R…",,,,,https://www.adzuna.in/details/5795450231?utm_medium=api&utm_source=9a0b3cea,,adzuna,2026-07-10T15:19:19.000Z,,data-analyst-5,in-review,,,false,0,,,,,1,,,,,,,,,,,,,false,2026-07-24T09:18:23.347Z,2026-07-24T09:18:23.347Z,0,data analyst|weekday ai|india,,5795450231,2026-07-24T09:18:23.346Z
6a632ddf1086448c954a50c9,Data Analyst,Sia,"Mumbai, Maharashtra",,,,"Job Description We are hiring a Power BI Developer to support our global internal teams (Finance, HR, Strategy, Corporate Functions) by delivering high-impact business intelligence dashboards, datasets, and analytics solutions. This role is critical for strengthening our internal reporting systems and driving data-backed decision-making across the organization. Key Responsibilities Design, maintain, and enhance internal Power BI dashboards and analytics for Corporate Finance and other functions…",,,,,https://www.adzuna.in/details/5812614536?utm_medium=api&utm_source=9a0b3cea,,adzuna,2026-07-24T01:04:13.000Z,,data-analyst-6,in-review,,,false,0,,,,,1,,,,,,,,,,,,,false,2026-07-24T09:18:23.583Z,2026-07-24T09:18:23.583Z,0,data analyst|sia|mumbai maharashtra,,5812614536,2026-07-24T09:18:23.582Z
6a632ddf1086448c954a50d2,Data Analyst,Ubisoft,"Pune, Maharashtra",,,,"Job Description Impact - Enable data-driven decisions for leaders for LiveOps events, feature launches, and content updates through dashboards by defining datasets. Track KPIs including and not limited upto - Daily Active Users (DAU), Retention Rate, Churn Rate, ARPU (Average Revenue Per User), and session metrics. Make daily / weekly/monthly reports on player behavior, performance accuracy, engagement, and monetization / revenue trends to improve visibility. Proactively identify patterns, anom…",,,,,https://www.adzuna.in/details/5802046407?utm_medium=api&utm_source=9a0b3cea,,adzuna,2026-07-16T06:56:15.000Z,,data-analyst-7,in-review,,,false,0,,,,,1,,,,,,,,,,,,,false,2026-07-24T09:18:23.834Z,2026-07-24T09:18:23.834Z,0,data analyst|ubisoft|pune maharashtra,,5802046407,2026-07-24T09:18:23.832Z
6a632de01086448c954a50dc,Data Analyst,Proof of Skill,"Andheri, Mumbai",,Full-time,,"Analyzing hiring and candidate data to improve decision-making, shortlisting, and overall system efficiency. Skills: Logical/analytical thinking, Excel/Google Sheets, basic SQL, data interpretation, data visualization, attention to detail. Responsibilities: Analyze candidate and hiring data, build dashboards and reports, improve shortlisting/scoring systems, track hiring funnel metrics, work with ops/product teams, ensure data accuracy. This is a remote position.",,,,"₹12,00,000",https://www.adzuna.in/details/5786180968?utm_medium=api&utm_source=9a0b3cea,,adzuna,2026-07-03T06:18:29.000Z,,data-analyst-8,in-review,,,false,0,,,,,1,,,,,,,,,,,,,false,2026-07-24T09:18:24.128Z,2026-07-24T09:18:24.128Z,0,data analyst|proof of skill|andheri mumbai,,5786180968,2026-07-24T09:18:24.126Z
6a632de01086448c954a50e7,Data Analyst,Digital Twin,"Pune, Maharashtra",,,,"Job Summary - Data Analyst We are looking to hire a data analyst to join our enterprise customer solutions team. As a Data Analyst, one will take responsibility for developing reports, and troubleshooting data issues. To do well in this role you need attention to detail, past experience as a data analyst, and a deep understanding of the popular data analysis tools and databases. Data Analyst Responsibilities: ● Commissioning and decommissioning of data sets. ● Processing confidential data and i…",,,,,https://www.adzuna.in/details/5735463452?utm_medium=api&utm_source=9a0b3cea,,adzuna,2026-05-21T02:12:34.000Z,,data-analyst-9,in-review,,,false,0,,,,,1,,,,,,,,,,,,,false,2026-07-24T09:18:24.431Z,2026-07-24T09:18:24.431Z,0,data analyst|digital twin|pune maharashtra,,5735463452,2026-07-24T09:18:24.429Z
6a632de01086448c954a50f3,Data Analyst,SveltetechTechnologies Pvt Ltd,"Delhi, India",,Full-time,,"Data Analyst Job Duties Data analyst responsibilities include conducting full lifecycle analysis to include requirements, activities and design. Data analysts will develop analysis and reporting capabilities. They will also monitor performance and quality control plans to identify improvements. Responsibilities Interpret data, analyze results using statistical techniques and provide ongoing reports Develop and implement databases, data collection systems, data analytics and other strategies tha…",,,,"₹3,00,000",https://www.adzuna.in/details/1993882092?utm_medium=api&utm_source=9a0b3cea,,adzuna,2021-02-15T04:27:43.000Z,,data-analyst-10,in-review,,,false,0,,,,,1,,,,,,,,,,,,,false,2026-07-24T09:18:24.808Z,2026-07-24T09:18:24.808Z,0,data analyst|sveltetechtechnologies pvt ltd|delhi india,,1993882092,2026-07-24T09:18:24.806Z
6a632de11086448c954a5100,Data Analyst,Qrata,"Delhi, India",,Full-time,,"Job Title: Data Analyst Job Brief: The successful candidate will turn data into information, information into insight and insight into business decisions. Data Analyst Job Duties Data analyst responsibilities include conducting full lifecycle analysis to include requirements, activities and design. Data analysts will develop analysis and reporting capabilities. They will also monitor performance and quality control plans to identify improvements. About Us We began in 2015 with an entrepreneuria…",,,,"₹10,00,000 – ₹12,00,000",https://www.adzuna.in/details/4514376622?utm_medium=api&utm_source=9a0b3cea,,adzuna,2024-01-07T15:08:07.000Z,,data-analyst-11,in-review,,,false,0,,,,,1,,,,,,,,,,,,,false,2026-07-24T09:18:25.174Z,2026-07-24T09:18:25.174Z,0,data analyst|qrata|delhi india,,4514376622,2026-07-24T09:18:25.172Z
6a632de11086448c954a510e,Data Analyst,Amicus Therapeutics,"Bangalore, Karnataka",,Full-time,,"Position Description Data Analyst Location: Remote/Bangalore Amicus Therapeutics is a global, patient-dedicated biotechnology company focused on discovering, developing and delivering high-quality medicines for people living with rare metabolic diseases. Position Summary Data analyst responsibilities include conducting full lifecycle analysis to include requirements, activities and design. Data analysts will develop analysis and reporting capabilities. They will also monitor performance and qua…",,,,,https://www.adzuna.in/details/5146507084?utm_medium=api&utm_source=9a0b3cea,,adzuna,2025-04-16T01:41:37.000Z,,data-analyst-12,in-review,,,false,0,,,,,1,,,,,,,,,,,,,false,2026-07-24T09:18:25.593Z,2026-07-24T09:18:25.593Z,0,data analyst|amicus therapeutics|bangalore karnataka,,5146507084,2026-07-24T09:18:25.592Z
6a632de21086448c954a511d,Data Analyst,Amicus India,"Bangalore, Karnataka",,Full-time,,"Data Analyst Location: Remote/Bangalore Amicus Therapeutics is a global, patient-dedicated biotechnology company focused on discovering, developing, and delivering high-quality medicines for people living with rare metabolic diseases. Position Summary Data analyst responsibilities include conducting full lifecycle analysis to include requirements, activities and design. Data analysts will develop analysis and reporting capabilities. They will also monitor performance and quality control plans t…",,,,,https://www.adzuna.in/details/5744868780?utm_medium=api&utm_source=9a0b3cea,,adzuna,2026-05-30T02:27:15.000Z,,data-analyst-13,in-review,,,false,0,,,,,1,,,,,,,,,,,,,false,2026-07-24T09:18:26.031Z,2026-07-24T09:18:26.031Z,0,data analyst|amicus india|bangalore karnataka,,5744868780,2026-07-24T09:18:26.029Z
6a632de21086448c954a512d,Data Analyst,Aliqan Services,"Chennai, Tamil Nadu",,,,"Data Analyst (6 years) Insurance domain for 3-4 Years Proficiency in data querying, reporting, and visualization tools Role: Other Industry Type: Insurance Department: Other Employment Type: Full Time, Permanent Role Category: Other Education UG: B.Tech/B.E. in Any Specialization Skills: Data Visualization, data reporting, Data Analyst Experience: 6.00-10.00 Years",,,,,https://www.adzuna.in/details/5794938967?utm_medium=api&utm_source=9a0b3cea,,adzuna,2026-07-10T07:19:30.000Z,,data-analyst-14,in-review,,,false,0,,,,,1,,,,,,,,,,,,,false,2026-07-24T09:18:26.535Z,2026-07-24T09:18:26.535Z,0,data analyst|aliqan services|chennai tamil nadu,,5794938967,2026-07-24T09:18:26.534Z
6a632de31086448c954a5153,Data Analyst,Leading Client,"Hyderabad, Telangana",,Full-time,,"Job Description Role Overview: We are looking for an experienced Data Business Analyst with strong exposure to Snowflake and Databricks who can work closely with business stakeholders and analytics teams.Job Title: Data Business Analyst Key Skills & Experience: 5 years of experience as a Business Analyst / Data Business Analyst Strong hands-on experience with Snowflake and Databricks Advanced SQL skills for data analysis and validation Experience with data pipelines, ETL processes , and data qu…",,,,,https://www.adzuna.in/details/5726293535?utm_medium=api&utm_source=9a0b3cea,,adzuna,2026-05-12T05:45:42.000Z,,data-analyst-16,in-review,,,false,0,,,,,1,,,,,,,,,,,,,false,2026-07-24T09:18:27.552Z,2026-07-24T09:18:27.552Z,0,data analyst|leading client|hyderabad telangana,,5726293535,2026-07-24T09:18:27.550Z
6a632de41086448c954a5166,Data Analyst,InTouch CX,"Hyderabad, Telangana",,,,"About the Job We are looking for a Data Analyst who is a self-starter with the ability to work in a fast-paced, performance driven environment. The incumbent will be responsible for the analysis and reporting of operational related data in an on-going effort to increase visibility for program performance. As Data Analyst, You Will… Collect, analyze, evaluate and report data in order to increase visibility into performance for all lines of business within 24-7 Intouch Complete projects and ad-ho…",,,,,https://www.adzuna.in/details/5586444744?utm_medium=api&utm_source=9a0b3cea,,adzuna,2026-01-16T00:31:50.000Z,,data-analyst-17,in-review,,,false,0,,,,,1,,,,,,,,,,,,,false,2026-07-24T09:18:28.135Z,2026-07-24T09:18:28.135Z,0,data analyst|intouch cx|hyderabad telangana,,5586444744,2026-07-24T09:18:28.132Z
6a632de41086448c954a517a,Data Analyst,Careernet,India,,Full-time,,"Job Description Key Skills: Data Analyst, Data Analysis, Python, Product Owner, SQL Roles and Responsibilities: Analyze and interpret complex datasets related to marketing performance and customer engagement. Collaborate with Product Owners to understand business objectives and translate them into data-driven insights. Use Python and ANSI-SQL for data extraction, manipulation, and advanced analysis. Merge data from multiple source systems while ensuring data accuracy and consistency. Clean, tra…",,,,,https://www.adzuna.in/details/5690242267?utm_medium=api&utm_source=9a0b3cea,,adzuna,2026-04-05T03:36:04.000Z,,data-analyst-18,in-review,,,false,0,,,,,1,,,,,,,,,,,,,false,2026-07-24T09:18:28.739Z,2026-07-24T09:18:28.739Z,0,data analyst|careernet|india,,5690242267,2026-07-24T09:18:28.737Z
6a632de51086448c954a518f,Data analyst,RECEX,"Kolkata, West Bengal",,Full-time,,"Job Description: Job Title: Data Analyst Job Description: We are looking for a skilled Data Analyst to collect, analyze, and interpret large datasets to help drive business decisions. The ideal candidate will have strong analytical skills, attention to detail, and experience with data visualization tools. Key Responsibilities: Analyze data to identify trends and insights. Create dashboards and reports for internal stakeholders. Collaborate with teams to understand data needs. Ensure data accura…",,,,,https://www.adzuna.in/details/5728436260?utm_medium=api&utm_source=9a0b3cea,,adzuna,2026-05-14T02:27:02.000Z,,data-analyst-19,in-review,,,false,0,,,,,1,,,,,,,,,,,,,false,2026-07-24T09:18:29.375Z,2026-07-24T09:18:29.375Z,0,data analyst|recex|kolkata west bengal,,5728436260,2026-07-24T09:18:29.373Z
6a632de61086448c954a51a5,Data Analyst,Fatakpay,India,,Full-time,,"Job Title : Data Analyst-Fintech Job Description : We are seeking a highly motivated and detail-oriented Data Analyst with 2 to 4 years of work experience to join our team. The ideal candidate will have a strong analytical mindset, excellent problem-solving skills, and a passion for transforming data into actionable insights. In this role, you will play a pivotal role in gathering, analyzing, and interpreting data to support informed decision-making and drive business growth. Key Responsibiliti…",,,,"₹8,00,000 – ₹15,00,000",https://www.adzuna.in/details/4966721625?utm_medium=api&utm_source=9a0b3cea,,adzuna,2024-12-07T13:03:54.000Z,,data-analyst-20,in-review,,,false,0,,,,,1,,,,,,,,,,,,,false,2026-07-24T09:18:30.012Z,2026-07-24T09:18:30.012Z,0,data analyst|fatakpay|india,,4966721625,2026-07-24T09:18:30.010Z
6a632de61086448c954a51c0,Data analyst,Cars24,"Pune, Maharashtra",,,,"Job Description: We are seeking a talented and motivated Data Analyst to join our team. The ideal candidate will have a passion for data, a strong analytical mindset, and the ability to derive insights that drive business decisions. As a Data Analyst, you will be responsible for collecting, analyzing, and interpreting large datasets to provide actionable insights to various stakeholders across the organization. Key Responsibilities: Data Collection and Cleaning: Collect and clean data from vari…",,,,,https://www.adzuna.in/details/5784727356?utm_medium=api&utm_source=9a0b3cea,,adzuna,2026-07-02T07:16:47.000Z,,data-analyst-21,in-review,,,false,0,,,,,1,,,,,,,,,,,,,false,2026-07-24T09:18:30.692Z,2026-07-24T09:18:30.692Z,0,data analyst|cars24|pune maharashtra,,5784727356,2026-07-24T09:18:30.689Z
6a632de71086448c954a51da,DATA ANALYST,Connect Pro Srl,"Ajmer, Rajasthan",,Full-time,,"Posizione - Data Analyst Lavora con noi Data Analyst Id Richiesta: 1002 Sede: Milano Data Analyst È responsabile della raccolta, analisi e interpretazione dei dati aziendali per guidare decisioni strategiche e migliorare le performance. Ha il compito di trasformare dati complessi in insight utili per il business, collaborando con diversi dipartimenti per ottimizzare le attività aziendali. Responsabilità Principali Raccolta e analisi dei dati da diverse fonti aziendali. Creazione di report e das…",,,,,https://www.adzuna.in/details/5812180318?utm_medium=api&utm_source=9a0b3cea,,adzuna,2026-07-23T15:54:18.000Z,,data-analyst-22,in-review,,,false,0,,,,,1,,,,,,,,,,,,,false,2026-07-24T09:18:31.387Z,2026-07-24T09:18:31.387Z,0,data analyst|connect pro srl|ajmer rajasthan,,5812180318,2026-07-24T09:18:31.385Z
6a632de71086448c954a51df,MIS Executive,Anand Rathi Share and Stock Brokers Ltd,"Mumbai, Maharashtra",,,,Anand Rathi Shares and Stockbrokers is Hiring for MIS Executive. Job Description: - • Possess a strong understanding of the current regulatory environment and financial / securities market rules and regulations • One point of contact at HO Level for Operations & Business MIS Support for different Business • Handling teams and help them to prepare MIS and Submit to respective Business • Creating required MIS to the management for the business understanding • Scheduling and creating a review fram…,,,,,https://www.adzuna.in/land/ad/5786785538?se=mLxDnUCH8RGlu8FcJJTwKw&utm_medium=api&utm_source=9a0b3cea&v=23F71771CC346D60FE31D3C2AA1ECEDCF225C7FD,,adzuna,2026-07-03T17:37:15.000Z,,mis-executive,in-review,,,false,0,,,,,1,,,,,,,,,,,,,false,2026-07-24T09:18:31.449Z,2026-07-24T09:18:31.449Z,0,mis executive|anand rathi share and stock brokers ltd|mumbai maharashtra,,5786785538,2026-07-24T09:18:31.447Z
6a632de71086448c954a51e3,Product Engineer,Tata Consultancy Services,"Noida, Ghaziabad",,,,"Greetings from TCS Role: Senior Product / Integration Engineer - Digital Banking Experience required: 3 to 10 years Location:- Noida, Yamuna Park Role descriptions / Expectations from the Role: Low level design & Development – new / incremental for Banking Products of TCS BaNCS (Core Banking , Payments , Loan Origination etc) Integration of TCS BaNCS systems into customers IT landscape by designing and developing interfaces using data streaming , event architecture , APIs , file etc Troubleshoo…",,,,,https://www.adzuna.in/land/ad/5801531630?se=mLxDnUCH8RGlu8FcJJTwKw&utm_medium=api&utm_source=9a0b3cea&v=43701C3E42203698048BE0D5DB73DE99143BE1CF,,adzuna,2026-07-16T02:03:17.000Z,,product-engineer,in-review,,,false,0,,,,,1,,,,,,,,,,,,,false,2026-07-24T09:18:31.516Z,2026-07-24T09:18:31.516Z,0,product engineer|tata consultancy services|noida ghaziabad,,5801531630,2026-07-24T09:18:31.515Z
6a632de71086448c954a51e8,Test Engineer,AQM Technologies,"Mumbai, Maharashtra",,,,"Job Description : Manual Tester – Health Claims (TCS BaNCS) Location: Mumbai Experience: 2–3 Years Joining Preference: Immediate Joiners Preferred  About the Role We are seeking a Manual Tester with domain expertise in Health Claims processing and hands-on experience with TCS BaNCS. The candidate will play a key role in validating claim workflows, ensuring compliance, and maintaining system quality.  Key Responsibilities Perform end-to-end testing of health insurance claims modules within TCS B…",,,,,https://www.adzuna.in/land/ad/5798139392?se=mLxDnUCH8RGlu8FcJJTwKw&utm_medium=api&utm_source=9a0b3cea&v=E8D6A8C6D93F5585CFAD7E58346BFC9512033E54,,adzuna,2026-07-13T01:59:14.000Z,,test-engineer,in-review,,,false,0,,,,,1,,,,,,,,,,,,,false,2026-07-24T09:18:31.584Z,2026-07-24T09:18:31.584Z,0,test engineer|aqm technologies|mumbai maharashtra,,5798139392,2026-07-24T09:18:31.582Z
6a632de71086448c954a51eb,Engagement Lead,Saras Analytics,"Hyderabad, Telangana",,,,"The Role: As an Engagement Lead , you will play a crucial role in managing client relationships, leading project teams, and ensuring the successful delivery of consulting engagements. You will work closely with clients to understand their needs, develop actionable solutions, and drive value through innovative approaches. This role offers an opportunity to grow into an Engagement Manager position, with a focus on leadership, problem-solving, and business development. Key Responsibilities 1.Proje…",,,,,https://www.adzuna.in/land/ad/5797879568?se=mLxDnUCH8RGlu8FcJJTwKw&utm_medium=api&utm_source=9a0b3cea&v=EEFF7152CA840158DA6FC40F0C0E4395DC32D92F,,adzuna,2026-07-12T15:44:32.000Z,,engagement-lead,in-review,,,false,0,,,,,1,,,,,,,,,,,,,false,2026-07-24T09:18:31.652Z,2026-07-24T09:18:31.652Z,0,engagement lead|saras analytics|hyderabad telangana,,5797879568,2026-07-24T09:18:31.650Z
6a632de71086448c954a51ee,Technical Executive Assistant,The Chopras,"Delhi, India",,,,"Role Overview The Technical Assistant to the Chairman will work closely with the Chairman and technical teams to support technology project coordination, documentation, follow-up, status reporting, meeting intelligence, task tracking and AI-assisted productivity. This is not a pure secretarial role and not a developer role. It is a hybrid role combining: ● Technical understanding ● Project coordination ● Executive assistance ● Structured documentation ● Follow-up discipline ● AI tool usage ● Ma…",,,,,https://www.adzuna.in/land/ad/5812352805?se=mLxDnUCH8RGlu8FcJJTwKw&utm_medium=api&utm_source=9a0b3cea&v=4A37AD7DACBC53EF2CFFBB1218BF3CD5C05E955A,,adzuna,2026-07-23T18:56:59.000Z,,technical-executive-assistant,in-review,,,false,0,,,,,1,,,,,,,,,,,,,false,2026-07-24T09:18:31.713Z,2026-07-24T09:18:31.713Z,0,technical executive assistant|the chopras|delhi india,,5812352805,2026-07-24T09:18:31.711Z
6a632de71086448c954a51f1,Business Analyst,TestHiring,"Teori, Jodhpur",,Full-time,,"Business Analyst to join our software development team. The candidate will work closely with clients, stakeholders, and technical teams to gather requirements, analyze business needs, and help deliver effective software solutions. Requirements 3 years of experience as a Business Analyst or similar role. Strong analytical, communication, and problem-solving skills. Knowledge of SDLC, Agile methodologies, and business analysis techniques. Proficiency in MS Excel, PowerPoint, and documentation too…",,,,"₹40,000 – ₹60,000",https://www.adzuna.in/details/5812267330?utm_medium=api&utm_source=9a0b3cea,,adzuna,2026-07-23T16:41:15.000Z,,business-analyst,in-review,,,false,0,,,,,1,,,,,,,,,,,,,false,2026-07-24T09:18:31.791Z,2026-07-24T09:18:31.791Z,0,business analyst|testhiring|teori jodhpur,,5812267330,2026-07-24T09:18:31.789Z
6a632de71086448c954a51f5,Business Analyst,Nexivo Consulting,"Aperl, Hyderabad",,Full-time,,"Job Title: Business Analyst (BFSI) Experience: 3–4 Years Preferred: Experience with Zoho Applications Location: Gachibowli, Hyderabad Job Summary We are looking for an experienced Business Analyst (BFSI) with a strong background in the Banking, Financial Services, and Insurance (BFSI) domain. The ideal candidate should have hands-on experience in Mutual Funds, Loans, Banking, or Financial Services , along with excellent business analysis and stakeholder management skills. The candidate will be …",,,,,https://www.adzuna.in/details/5802608212?utm_medium=api&utm_source=9a0b3cea,,adzuna,2026-07-16T14:39:19.000Z,,business-analyst-2,in-review,,,false,0,,,,,1,,,,,,,,,,,,,false,2026-07-24T09:18:31.889Z,2026-07-24T09:18:31.889Z,0,business analyst|nexivo consulting|aperl hyderabad,,5802608212,2026-07-24T09:18:31.888Z
6a632de81086448c954a51fa,Business Analyst,AVIGNAAI PRIVATE LIMITED,"Baner, Pune",,Full-time,,"Dear Candidate, Hope you are doing well. I'm thrilled to connect with you today and share an exciting opportunity at Avigna.AI for the role of Business Analyst . Avigna.AI is not just a workplace; it's a dynamic hub of innovation and collaboration, and we're seeking talented individuals to join our team. Please find below the job description : Requirement: Business Analyst, Avigna, Pune LinkedIn link : Avigna.AI Job Location: Pune, Baner. Work from Office, Monday to Friday, 9:30 AM to 6:30 PM. …",,,,,https://www.adzuna.in/details/5796256176?utm_medium=api&utm_source=9a0b3cea,,adzuna,2026-07-11T04:40:29.000Z,,business-analyst-3,in-review,,,false,0,,,,,1,,,,,,,,,,,,,false,2026-07-24T09:18:32.013Z,2026-07-24T09:18:32.013Z,0,business analyst|avignaai private limited|baner pune,,5796256176,2026-07-24T09:18:32.011Z
6a632de81086448c954a5200,Business Analyst,SuperProcure,"Ahmedabad, Gujarat",,Full-time,,"Job Summary SuperProcure is looking for Business Analyst with organizational, management and problem solving skills. We are seeking a high level of motivation, a self- starter attitude, and the ability to work with minimal direction and supervision. The ideal candidate will be helping to drive day to day business requirements for various clients. Responsibilities Provide support in project management & successful implementation across clients. Join SP customer interaction call to understand, di…",,,,"₹6,00,000 – ₹8,00,000",https://www.adzuna.in/details/5748838813?utm_medium=api&utm_source=9a0b3cea,,adzuna,2026-06-02T11:06:10.000Z,,business-analyst-4,in-review,,,false,0,,,,,1,,,,,,,,,,,,,false,2026-07-24T09:18:32.165Z,2026-07-24T09:18:32.165Z,0,business analyst|superprocure|ahmedabad gujarat,,5748838813,2026-07-24T09:18:32.164Z
6a632de81086448c954a5207,Business Analyst,Weekday AI,India,,Full-time,,"This role is for one of Weekday’s clients Salary range: Rs 2500000 - Rs 2800000 (ie INR 25-28 LPA) Min Experience: 8 years Location: Banglaore, Hybrid (2–3 days per week from office) JobType: full-time We are seeking an experienced Business Analyst with strong expertise in the US Healthcare and/or Health Insurance domain for a full-time opportunity based in Bangalore. Requirements Key Responsibilities  Collaborate with business stakeholders to gather, analyze, and document business requirement…",,,,,https://www.adzuna.in/details/5793828192?utm_medium=api&utm_source=9a0b3cea,,adzuna,2026-07-09T12:17:21.000Z,,business-analyst-5,in-review,,,false,0,,,,,1,,,,,,,,,,,,,false,2026-07-24T09:18:32.354Z,2026-07-24T09:18:32.354Z,0,business analyst|weekday ai|india,,5793828192,2026-07-24T09:18:32.352Z
6a632de81086448c954a5211,Business Analyst,Fulcrum Digital,"Warje, Pune",,Full-time,,"Who are we Fulcrum Digital is an agile and next-generation digital accelerating company providing digital transformation and technology services right from ideation to implementation. These services have applicability across a variety of industries, including banking & financial services, insurance, retail, higher education, food, healthcare, and manufacturing. We are seeking an experienced Business Analyst with 6-8 years of relevant experience in the Property and Casualty (P&C) insurance domai…",,,,,https://www.adzuna.in/details/5747946842?utm_medium=api&utm_source=9a0b3cea,,adzuna,2026-06-01T22:43:38.000Z,,business-analyst-6,in-review,,,false,0,,,,,1,,,,,,,,,,,,,false,2026-07-24T09:18:32.578Z,2026-07-24T09:18:32.578Z,0,business analyst|fulcrum digital|warje pune,,5747946842,2026-07-24T09:18:32.572Z
6a632de81086448c954a521c,Business Analyst,NEC Software Solutions,"Mumbai, Maharashtra",,,,"Job Description Job Role: Business Analyst Key Accountabilities: Primarily focussed on Systems Analysis and preparation of functional specifications / User Stories, the Business Analyst will also be responsible for contributing to System Testing and providing analysis and support throughout the full development lifecycle Role & Responsibilities •To act as the primary contact and source of knowledge for the offshore development and test teams for all matters relating to the business functionalit…",,,,,https://www.adzuna.in/details/5811132651?utm_medium=api&utm_source=9a0b3cea,,adzuna,2026-07-23T01:03:09.000Z,,business-analyst-7,in-review,,,false,0,,,,,1,,,,,,,,,,,,,false,2026-07-24T09:18:32.842Z,2026-07-24T09:18:32.842Z,0,business analyst|nec software solutions|mumbai maharashtra,,5811132651,2026-07-24T09:18:32.840Z
6a632de91086448c954a5226,Business Analyst -,Trigent Software Private Limited,India,,,,"The Senior Business Analyst will work within the Cybersecurity Operations and Intelligence team to drive delivery of a Target Operating Model (TOM), support the strategic direction of Cyber Operations and analyse, estimate, design, document, test, implement new system development and to assist in delivery of system enhancements. Mandatory Skills Domain & Tech Core: Extensive business analysis experience in Banking/BFSI paired with hands-on exposure to Cybersecurity Operations, SOC, or Threat In…",,,,"₹25,00,000",https://www.adzuna.in/details/5801459884?utm_medium=api&utm_source=9a0b3cea,,adzuna,2026-07-15T23:26:20.000Z,,business-analyst-8,in-review,,,false,0,,,,,1,,,,,,,,,,,,,false,2026-07-24T09:18:33.122Z,2026-07-24T09:18:33.122Z,0,business analyst|trigent software private limited|india,,5801459884,2026-07-24T09:18:33.120Z
6a632de91086448c954a5231,Business Analyst,Sisco Jobs,"Ttti Taramani, Chennai",,Full-time,,"Job Description We are Sisco Jobs, a recruitment consultancy based in Trichy, Tamil Nadu. We are hiring on behalf of our client for the position of Business Analyst in Chennai. Our client is a reputed organization in the Banking & Financial Services sector seeking skilled and motivated professionals with strong expertise in payment processing and ISO 20022 standards. If you meet the requirements below, apply early as positions are limited. Key Responsibilities Gather and analyze business requir…",,,,,https://www.adzuna.in/details/5809616632?utm_medium=api&utm_source=9a0b3cea,,adzuna,2026-07-22T00:39:38.000Z,,business-analyst-9,in-review,,,false,0,,,,,1,,,,,,,,,,,,,false,2026-07-24T09:18:33.430Z,2026-07-24T09:18:33.430Z,0,business analyst|sisco jobs|ttti taramani chennai,,5809616632,2026-07-24T09:18:33.428Z
6a632de91086448c954a523d,Business Analyst,VDart Software Services Pvt. Ltd.,"Karaikal, Puducherry",,,,"Job Summary We are looking for a Business Analyst to support the planning, documentation, and successful execution of AI-driven product initiatives. The ideal candidate will work closely with business stakeholders, the Product Owner, Project Manager, and engineering teams to gather requirements, document business processes, and ensure alignment between business needs and technical implementation. Key Responsibilities Gather, analyze, and document business and functional requirements. Prepare Bu…",,,,,https://www.adzuna.in/details/5805094962?utm_medium=api&utm_source=9a0b3cea,,adzuna,2026-07-17T23:26:32.000Z,,business-analyst-10,in-review,,,false,0,,,,,1,,,,,,,,,,,,,false,2026-07-24T09:18:33.759Z,2026-07-24T09:18:33.759Z,0,business analyst|vdart software services pvt ltd|karaikal puducherry,,5805094962,2026-07-24T09:18:33.758Z
6a632dea1086448c954a524a,Business Analyst,Distinction Dev,"Navrangpura, Ahmedabad",,Full-time,,"Job Title - Business Analyst ( 2-5 Yrs of Experience ) Office Location -202, 3rd Eye II, Opposite Parimal Garden, Panchavati Road, Chimanlal Girdharlal Rd, Ahmedabad, Gujarat 380009 Duration & Type of Employment - Full Time Work Style - Hybrid In-office days - 3 days a week Relocation - Candidate must be willing to relocate to Ahmedabad, GJ, with reasonable notice. Immediate Joiner preferable Requirements We're looking for a seasoned analyst with a knack to find out what happens inside systems,…",,,,,https://www.adzuna.in/details/5799081438?utm_medium=api&utm_source=9a0b3cea,,adzuna,2026-07-14T02:30:29.000Z,,business-analyst-11,in-review,,,false,0,,,,,1,,,,,,,,,,,,,false,2026-07-24T09:18:34.136Z,2026-07-24T09:18:34.136Z,0,business analyst|distinction dev|navrangpura ahmedabad,,5799081438,2026-07-24T09:18:34.134Z
6a632dea1086448c954a5258,Business Analyst,Infotel UK,India,,,,"The PCM Business Analyst is expected to have experience in some of the following functional areas: · Payments engine and clearing ( At least one) : o Payment engines o SWIFT (MT/MX Messages), ISO 20022 o Regulatory Clearing & Settlement applications o Instant Payments · Compliance Frameworks: Anti‑Money‑Laundering (AML), Sanctions Screening ( Optional) · Core banking applications ( Optional) · Treasury management ( Optional) The role involves collaborating with various stakeholders mainly busin…",,,,,https://www.adzuna.in/details/5758364393?utm_medium=api&utm_source=9a0b3cea,,adzuna,2026-06-10T16:21:44.000Z,,business-analyst-12,in-review,,,false,0,,,,,1,,,,,,,,,,,,,false,2026-07-24T09:18:34.548Z,2026-07-24T09:18:34.548Z,0,business analyst|infotel uk|india,,5758364393,2026-07-24T09:18:34.547Z
6a632dea1086448c954a5267,Business Analyst,"Opalforce, Inc.","Bangalore, Karnataka",,Full-time,,"About the Job: Opalforce is hiring Mechanical Design Engineers Key Responsibilities: Create requirements and specifications for business solutions Conduct business analysis and research to identify opportunities for improvement Consult with key stakeholders to determine business objectives and success factors Collaborate with team members to collect, analyze, and evaluate information from multiple sources including Present findings and recommendations to stakeholders Write and document business…",,,,,https://www.adzuna.in/details/4725867393?utm_medium=api&utm_source=9a0b3cea,,adzuna,2024-06-07T16:37:08.000Z,,business-analyst-13,in-review,,,false,0,,,,,1,,,,,,,,,,,,,false,2026-07-24T09:18:34.975Z,2026-07-24T09:18:34.975Z,0,business analyst|opalforce inc|bangalore karnataka,,4725867393,2026-07-24T09:18:34.974Z
6a632deb1086448c954a5277,Business Analyst,Egon Zehnder,India,,Full-time,,"The Company Egon Zehnder is trusted advisor to many of the world’s most respected organizations and a leading Executive Search firm, with more than 600 consultants and 69 offices in 41 countries spanning Europe, the Americas, Asia Pacific, the Middle East and Africa. Our clients range from the largest corporations to emerging growth companies, government and regulatory bodies, and major educational and cultural institutions. The firm is a private partnership which allows us to operate independe…",,,,,https://www.adzuna.in/details/5774786002?utm_medium=api&utm_source=9a0b3cea,,adzuna,2026-06-24T18:32:43.000Z,,business-analyst-14,in-review,,,false,0,,,,,1,,,,,,,,,,,,,false,2026-07-24T09:18:35.458Z,2026-07-24T09:18:35.458Z,0,business analyst|egon zehnder|india,,5774786002,2026-07-24T09:18:35.456Z
6a632deb1086448c954a5288,Business Analyst,Eurofins GSC IT DC,"Bangalore, Karnataka",,,,"Job Description Job Title: Analyst Work Location: Bangalore Shift timings: 8.00am to 5.00pm OR 12.00pm to 9.00pm IST Work mode: Hybrid - 3 Days office Job Description: Requirements Gathering & Analysis: Experience - 9 to 12years Collaborate with regional business units to capture functional and non-functional requirements. Analyze existing processes and identify gaps for eLIMS-NG deployment. Stakeholder Management: Act as the primary liaison between business teams, IT, and global NG program tea…",,,,,https://www.adzuna.in/details/5778381990?utm_medium=api&utm_source=9a0b3cea,,adzuna,2026-06-27T05:59:24.000Z,,business-analyst-15,in-review,,,false,0,,,,,1,,,,,,,,,,,,,false,2026-07-24T09:18:35.941Z,2026-07-24T09:18:35.941Z,0,business analyst|eurofins gsc it dc|bangalore karnataka,,5778381990,2026-07-24T09:18:35.940Z
6a632dec1086448c954a529a,Business Analyst,Acumatica,India,,,,"Job Description • Collaborate closely with Product Managers, Developers, QA Engineers, Customers, and Partners to identify, analyse, and prioritize business requirements. • Translate business needs into detailed Functional Specifications, User Stories, workflows, use cases, and process documentation. • Coordinate feature delivery across cross-functional teams, ensuring alignment with scope, timelines, and quality standards. • Define acceptance criteria, support testing efforts, and validate com…",,,,,https://www.adzuna.in/details/5778381866?utm_medium=api&utm_source=9a0b3cea,,adzuna,2026-06-27T05:59:23.000Z,,business-analyst-16,in-review,,,false,0,,,,,1,,,,,,,,,,,,,false,2026-07-24T09:18:36.453Z,2026-07-24T09:18:36.453Z,0,business analyst|acumatica|india,,5778381866,2026-07-24T09:18:36.452Z
6a632dec1086448c954a529d,Manual Tester - LOS/LMS,AQM Technologies,"Mumbai, Maharashtra",,,,"Job Title: Manual Tester – LOS/LMS Experience: 2–10 Years Location: Mumbai (Onsite) Notice Period: Immediate to 15 Days Preferred only Job Description We are looking for an experienced Manual Tester with strong expertise in the Banking Domain , specifically in LOS (Loan Origination System) and LMS (Loan Management System) . The candidate should have hands-on experience in testing end-to-end loan lifecycle applications, preparing test scenarios, executing test cases, and coordinating with busine…",,,,,https://www.adzuna.in/land/ad/5808131609?se=mLxDnUCH8RGlu8FcJJTwKw&utm_medium=api&utm_source=9a0b3cea&v=11A215CEE34220B5C55DEB34804B9E259757A422,,adzuna,2026-07-20T18:27:39.000Z,,manual-tester-los-lms,in-review,,,false,0,,,,,1,,,,,,,,,,,,,false,2026-07-24T09:18:36.517Z,2026-07-24T09:18:36.517Z,0,manual tester los lms|aqm technologies|mumbai maharashtra,,5808131609,2026-07-24T09:18:36.515Z
6a632dec1086448c954a52a0,Subject Matter Expert (SME) / Business Development Executive (BDE) – Logistics & TOS,Tesseract Technolabs,"Ahmedabad, Gujarat",,Full-time,,"About the Role We are looking for an experienced Business Development Executive (BDE) / Subject Matter Expert (SME) with strong domain expertise in Logistics, Freight Forwarding, Shipping, Port Operations, or Terminal Operating Systems (TOS) . This role is ideal for professionals who understand real-world logistics operations and can bridge the gap between business users and software development teams. You will work closely with product managers, business analysts, UI/UX designers, developers, …",,,,,https://www.adzuna.in/land/ad/5812352221?se=mLxDnUCH8RGlu8FcJJTwKw&utm_medium=api&utm_source=9a0b3cea&v=9BBC2E025E113E98B21254078954D84969BFB084,,adzuna,2026-07-23T18:56:14.000Z,,subject-matter-expert-sme-business-development-executive-bde-logistics-tos,in-review,,,false,0,,,,,1,,,,,,,,,,,,,false,2026-07-24T09:18:36.582Z,2026-07-24T09:18:36.582Z,0,subject matter expert sme business development executive bde logistics tos|tesseract technolabs|ahmedabad gujarat,,5812352221,2026-07-24T09:18:36.581Z
6a632ded1086448c954a52b3,Business Analyst,Lincode Labs India Pvt Ltd,"Bangalore, Karnataka",,Full-time,,"Job Description: Business Analyst (Job Code: BNSAN1) No of Positions: 2 Purpose of Position: Requirements management is one of the core skills of business analysts. Developing technical solutions to business problems, or to advance a company’s sales efforts, begins with defining, analyzing and documenting requirements. Managing requirements at the project level can help fulfill business needs. Skilled business analysts also use requirements to drive the design or review of test cases, process c…",,,,"₹4,00,000 – ₹8,00,000",https://www.adzuna.in/details/1509166858?utm_medium=api&utm_source=9a0b3cea,,adzuna,2020-03-31T19:47:07.000Z,,business-analyst-17,in-review,,,false,0,,,,,1,,,,,,,,,,,,,false,2026-07-24T09:18:37.145Z,2026-07-24T09:18:37.145Z,0,business analyst|lincode labs india pvt ltd|bangalore karnataka,,1509166858,2026-07-24T09:18:37.144Z
6a632ded1086448c954a52c7,Business Analyst,ProPMO Services Private Limited,"Bangalore, Karnataka",,Full-time,,"Hiring: Business Analyst – General / Motor Insurance Domain  Location: Bangalore, Walton Road  Experience: 4-5 years in the General Insurance Industry (Motor Insurance vertical) We are looking for a Business Analyst with expertise in Motor Insurance to join our team. If you have a strong understanding of the insurance sector and analytical skills, we’d love to connect! Skills:- Business Analysis, General Insurance and Business Analyst",,,,"₹4,00,000 – ₹8,00,000",https://www.adzuna.in/details/5040689008?utm_medium=api&utm_source=9a0b3cea,,adzuna,2025-02-07T12:24:34.000Z,,business-analyst-18,in-review,,,false,0,,,,,1,,,,,,,,,,,,,false,2026-07-24T09:18:37.826Z,2026-07-24T09:18:37.826Z,0,business analyst|propmo services private limited|bangalore karnataka,,5040689008,2026-07-24T09:18:37.825Z
6a632ded1086448c954a52ca,Product Manager – Systems Trainee,Kumaran Systems,"Chennai, Tamil Nadu",,,,"We are looking for a highly motivated and enthusiastic Product Manager - Systems Trainee to join our AI engineering organization. The role involves working closely with product leaders, engineering teams, customers, and marketing to build AI-powered accelerator platforms, enterprise products, and innovative solutions. Job Description: We are looking for 0-1 years of Experience in highly skilled engineering team developing accelerator platforms, products & solutions using AI for enterprise custo…",,,,,https://www.adzuna.in/land/ad/5787965379?se=wLLjnUCH8RGs1ZmgqrrhFg&utm_medium=api&utm_source=9a0b3cea&v=C1F15DFED7AF8811B27D1620C3BCCCA0552BBAA6,,adzuna,2026-07-04T17:08:01.000Z,,product-manager-systems-trainee,in-review,,,false,0,,,,,1,,,,,,,,,,,,,false,2026-07-24T09:18:37.906Z,2026-07-24T09:18:37.906Z,0,product manager systems trainee|kumaran systems|chennai tamil nadu,,5787965379,2026-07-24T09:18:37.904Z
6a632ded1086448c954a52cd,Product Manager- Mutual Funds,Ashika Group,"Worli, Mumbai",,,,"Role Purpose Owns the end-to-end mutual fund experience on both mobile app and website from discovery and first SIP to long-term portfolio growth and exits. This role is responsible for turning mutual funds into a flagship wealth product for the platform, with a clean, trustworthy, and habit-forming experience across every user journey. Key Ownership Areas The Product Manager – Mutual Funds will directly own the following product surfaces and journeys across mobile app and web: • Discovery & Re…",,,,,https://www.adzuna.in/land/ad/5777489642?se=wLLjnUCH8RGs1ZmgqrrhFg&utm_medium=api&utm_source=9a0b3cea&v=1844B36C9638DD33719770DCA9440F4844CCE21C,,adzuna,2026-06-26T14:59:01.000Z,,product-manager-mutual-funds,in-review,,,false,0,,,,,1,,,,,,,,,,,,,false,2026-07-24T09:18:37.983Z,2026-07-24T09:18:37.983Z,0,product manager mutual funds|ashika group|worli mumbai,,5777489642,2026-07-24T09:18:37.982Z
6a632dee1086448c954a52d0,Technical Product Manager / Product Delivery Lead,Quantara AI,India,,Full-time,,"Location: Boise, ID or Remote: USA | India Company Quantara AI is an AI-powered cybersecurity risk-intelligence platform that helps enterprises identify, quantify, prioritize, and manage cyber risks across cloud, on-premises, OT, and SaaS environments. The platform translates technical cyber exposure into financial and operational metrics, delivering tailored insights for Boards, CISOs, CFOs, and Risk Leaders. Quantara AI enables organizations to focus on the highest-impact exposures, align mit…",,,,,https://www.adzuna.in/land/ad/5788489991?se=wLLjnUCH8RGs1ZmgqrrhFg&utm_medium=api&utm_source=9a0b3cea&v=BBDB1275DD3461EA2693989B550606835F6EB7D5,,adzuna,2026-07-05T03:52:21.000Z,,technical-product-manager-product-delivery-lead,in-review,,,false,0,,,,,1,,,,,,,,,,,,,false,2026-07-24T09:18:38.048Z,2026-07-24T09:18:38.048Z,0,technical product manager product delivery lead|quantara ai|india,,5788489991,2026-07-24T09:18:38.046Z
6a632dee1086448c954a52d3,Credit Risk Analytics & Product Management,EliteRecruitments,India,,,,"Job Summary: We are seeking an experienced and analytically driven professional to head the credit product and policy design, launch and management of our embedded finance portfolio as the Director, Credit Policy and Product Solutioning. This role requires closely working with our key ecosystem partners, to develop and manage embedded credit solutions for them and drive business value for them and the MSMEs, businesses and customers working with them. The ideal candidate will have extensive exp…",,,,,https://www.adzuna.in/land/ad/5804793061?se=wLLjnUCH8RGs1ZmgqrrhFg&utm_medium=api&utm_source=9a0b3cea&v=0B0F81D8CC0E99AA4018FCEDA53BB9CF6A8CB9EE,,adzuna,2026-07-17T15:55:17.000Z,,credit-risk-analytics-product-management,in-review,,,false,0,,,,,1,,,,,,,,,,,,,false,2026-07-24T09:18:38.119Z,2026-07-24T09:18:38.119Z,0,credit risk analytics product management|eliterecruitments|india,,5804793061,2026-07-24T09:18:38.118Z
6a632dee1086448c954a52d6,Product Sales Manager,Digio.in,"Mumbai, Maharashtra",,,,"Product Sales Manager (Mumbai) About Digio: Digio was founded in 2016 and is today a market leader in India’s Digital Onboarding and Digital Public Infrastructure ecosystem. Our platform powers mission-critical journeys across: Digital Identity Digital Documentation & eSigning Recurring Payments (NACH & UPI) Account Aggregator Framework AI/ML-driven workflow automation Co- Trust DPDPA compliant solution We serve 2000 leading enterprises across Banking, Capital Markets, Lending, Fintech, e-Comme…",,,,,https://www.adzuna.in/land/ad/5801404477?se=wLLjnUCH8RGs1ZmgqrrhFg&utm_medium=api&utm_source=9a0b3cea&v=414CC245E147D6313CEA79388347DD02EA5F7CCB,,adzuna,2026-07-15T22:28:20.000Z,,product-sales-manager,in-review,,,false,0,,,,,1,,,,,,,,,,,,,false,2026-07-24T09:18:38.182Z,2026-07-24T09:18:38.182Z,0,product sales manager|digio in|mumbai maharashtra,,5801404477,2026-07-24T09:18:38.180Z
6a632dee1086448c954a52da,Product Sales Manager,Sanvijay Green Aluminium Ltd,"Nagpur, Maharashtra",,Full-time,,"Company Description Sanvijay Green Aluminium Ltd. is a leading Central India manufacturer of Aluminum Alloy Ingots, Aluminum Extrusions, Steel Forging, and Copper Ingots. The company operates a state-of-the-art manufacturing facility spread over approximately 85 acres on the Nagpur–Hyderabad highway near Nagpur. With an annual capacity of 60,000 metric tons of Aluminum Ingots, 8,100 metric tons of Steel Forging & Machining, 12,000 metric tons of Aluminum Extrusion, and 4,000 metric tons of Copp…",,,,,https://www.adzuna.in/land/ad/5801402800?se=wLLjnUCH8RGs1ZmgqrrhFg&utm_medium=api&utm_source=9a0b3cea&v=C42DF5EE08A91C26AF6F5A754143A1B18EAAA828,,adzuna,2026-07-15T22:27:55.000Z,,product-sales-manager-2,in-review,,,false,0,,,,,1,,,,,,,,,,,,,false,2026-07-24T09:18:38.287Z,2026-07-24T09:18:38.287Z,0,product sales manager|sanvijay green aluminium ltd|nagpur maharashtra,,5801402800,2026-07-24T09:18:38.285Z
6a632dee1086448c954a52dd,Product Operations Manager,Covenant HR,India,,,,"About the Company At Covenant Technologies, we're transforming the way companies hire and professionals manage their careers through two rapidly growing AI platforms: Scout – an AI-powered recruiting platform helping organizations identify, evaluate, and hire exceptional talent faster than ever. MyScout – an AI-powered career platform helping professionals optimize resumes, prepare for interviews, build their network, and accelerate their careers. We're looking for someone who loves bringing or…",,,,,https://www.adzuna.in/land/ad/5789116435?se=wLLjnUCH8RGs1ZmgqrrhFg&utm_medium=api&utm_source=9a0b3cea&v=44806AF1961BE0CAEED7442F48318A9EA0C2F29C,,adzuna,2026-07-05T17:33:28.000Z,,product-operations-manager,in-review,,,false,0,,,,,1,,,,,,,,,,,,,false,2026-07-24T09:18:38.356Z,2026-07-24T09:18:38.356Z,0,product operations manager|covenant hr|india,,5789116435,2026-07-24T09:18:38.354Z
6a632dee1086448c954a52e0,Product Project Manager,Tenarai,"Bangalore, Karnataka",,,,"Product Delivery Manager - GDS Edifact Implementation Overall, 5-7 years of experience in Project Management Practices. 2-4 years of experience in implementing PSS implementation/ migration project . Drive cross-functional coordination between Business, Product, Architecture, Operations, Contact Center, Airports, Digital Channels, Loyalty, and external vendors. Monitor implementation risks, vendor deliverables, milestones, SLAs, and budget adherence. Establish governance forums and provide exec…",,,,,https://www.adzuna.in/land/ad/5807302280?se=wLLjnUCH8RGs1ZmgqrrhFg&utm_medium=api&utm_source=9a0b3cea&v=83EF62D773B1404CE739E6110334228C58ECF49F,,adzuna,2026-07-20T00:05:04.000Z,,product-project-manager,in-review,,,false,0,,,,,1,,,,,,,,,,,,,false,2026-07-24T09:18:38.418Z,2026-07-24T09:18:38.418Z,0,product project manager|tenarai|bangalore karnataka,,5807302280,2026-07-24T09:18:38.417Z
6a632dee1086448c954a52e3,Production Manager Rubber products Manufacturing-Madurai,The Banyan HR Consults Chennai,"Madurai, Tamil Nadu",,Full-time,,"Job description Production Manager Rubber products Manufacturing Job Title: Production Manager Location: Madurai, Tamil Nadu Experience: 8–15 Years Salary: Best in Industry Industry: Rubber Products / Sports Goods Manufacturing Job Summary We are looking for an experienced Production Manager to lead our rubber balls and tennis balls manufacturing operations. The candidate will be responsible for production planning, shop floor management, quality, productivity, manpower utilization, and continu…",,,,,https://www.adzuna.in/land/ad/5789116518?se=wLLjnUCH8RGs1ZmgqrrhFg&utm_medium=api&utm_source=9a0b3cea&v=16CBCEE601E4D1800FB6EDF44C54E111B25D0AE2,,adzuna,2026-07-05T17:33:35.000Z,,production-manager-rubber-products-manufacturing-madurai,in-review,,,false,0,,,,,1,,,,,,,,,,,,,false,2026-07-24T09:18:38.487Z,2026-07-24T09:18:38.487Z,0,production manager rubber products manufacturing madurai|the banyan hr consults chennai|madurai tamil nadu,,5789116518,2026-07-24T09:18:38.485Z
6a632dee1086448c954a52e6,Export Manager – FMCG | Food products -Bangalore,The Banyan HR Consults Chennai,India,,,,"Job Description: Export Manager – FMCG | Food products *Company: *Location: Bangalore  International Travel Department: International Business / Export Reports to: Head of International Business / Director Role Objective Drive revenue growth and brand presence for our Instant Noodles range in overseas markets. Responsible for developing new distributors, managing existing accounts, and building the brand in assigned regions. Key Responsibilities 1. Business Development & Market Expansion - Iden…",,,,,https://www.adzuna.in/land/ad/5810844224?se=wLLjnUCH8RGs1ZmgqrrhFg&utm_medium=api&utm_source=9a0b3cea&v=DD9D35AC8CA6D9859C9434867C89EE4AEF47AF39,,adzuna,2026-07-22T16:51:35.000Z,,export-manager-fmcg-food-products-bangalore,in-review,,,false,0,,,,,1,,,,,,,,,,,,,false,2026-07-24T09:18:38.594Z,2026-07-24T09:18:38.594Z,0,export manager fmcg food products bangalore|the banyan hr consults chennai|india,,5810844224,2026-07-24T09:18:38.593Z
6a632dee1086448c954a52e9,Product Manager,Cognyte,"Pune, Maharashtra",,Full-time,,"Today’s world is crime riddled. Criminals are everywhere, invisible, virtual, and sophisticated. Traditional ways to prevent and investigate crime and terror are no longer enough… Technology is changing incredibly fast. The criminals know it, and they are taking advantage. We know it too. For 30 years, the incredible minds at Cognyte around the world have worked closely together and put their expertise to work, to keep up with constantly evolving technological and criminal trends and help make …",,,,,https://www.adzuna.in/details/5723745991?utm_medium=api&utm_source=9a0b3cea,,adzuna,2026-05-09T08:46:54.000Z,,product-manager,in-review,,,false,0,,,,,1,,,,,,,,,,,,,false,2026-07-24T09:18:38.659Z,2026-07-24T09:18:38.659Z,0,product manager|cognyte|pune maharashtra,,5723745991,2026-07-24T09:18:38.658Z
6a632dee1086448c954a52ed,Product Manager,Experian,"Mumbai, Maharashtra",,,,"Job Description Experian is looking for smart product management professionals to be a part of our Credit Services business. In the role of Product Manager, you will be responsible for understanding existing solutions & help market those. Your exposure to product management in retail lending products will differentiate you from the rest. Being among the Top 100 ‘The most innovative Companies of 2014 by Forbes’; Experian India provides data, analytical and marketing services to enable organizati…",,,,,https://www.adzuna.in/details/5801251067?utm_medium=api&utm_source=9a0b3cea,,adzuna,2026-07-15T18:55:31.000Z,,product-manager-2,in-review,,,false,0,,,,,1,,,,,,,,,,,,,false,2026-07-24T09:18:38.751Z,2026-07-24T09:18:38.751Z,0,product manager|experian|mumbai maharashtra,,5801251067,2026-07-24T09:18:38.749Z
6a632dee1086448c954a52f2,Product Manager,PlaySimple Games,"Richmond Town, Bangalore",,Full-time,,"Position Summary PlaySimple Games is looking for Product Managers to own, ship & run mobile games at rocket speed. It’s a fast-paced, high adrenaline job, with plenty to learn and build. If you enjoy crunching numbers, are never satisfied with the products around you, and have always wanted to build things your way, you’ll love this job. The Role You will build games from scratch, and manage them over their life cycle. This is a hands-on leadership role that includes end-to-end ownership of the…",,,,,https://www.adzuna.in/details/5796256065?utm_medium=api&utm_source=9a0b3cea,,adzuna,2026-07-11T04:40:28.000Z,,product-manager-3,in-review,,,false,0,,,,,1,,,,,,,,,,,,,false,2026-07-24T09:18:38.868Z,2026-07-24T09:18:38.868Z,0,product manager|playsimple games|richmond town bangalore,,5796256065,2026-07-24T09:18:38.866Z
6a632def1086448c954a52f8,Product Manager,JoVE,India,,Full-time,,"JoVE is the world-leading producer and provider of video solutions with the mission to improve scientific research and education. Millions of scientists, educators and students use JoVE for their research, teaching and learning. Our institutional clients comprise over 1,000 universities, colleges, and biopharma companies, including such leaders as Harvard, MIT, Yale, and Stanford. As a rapidly growing company, with offices in the USA, UK, Australia, and India servicing clients in over 60 countr…",,,,,https://www.adzuna.in/details/5779063943?utm_medium=api&utm_source=9a0b3cea,,adzuna,2026-06-27T19:26:52.000Z,,product-manager-4,in-review,,,false,0,,,,,1,,,,,,,,,,,,,false,2026-07-24T09:18:39.017Z,2026-07-24T09:18:39.017Z,0,product manager|jove|india,,5779063943,2026-07-24T09:18:39.015Z
6a632def1086448c954a52ff,Product Manager,Securin,"Ttti Taramani, Chennai",,Full-time,,"WHO WE ARE: Securin is an AI-native cybersecurity company. Our Preemptive Exposure Management Platform turns exposure data into clear decisions — giving organizations the confidence to know which risks are exploitable, what to fix first, and how to act before attackers do. Founded in New Mexico, Securin was built on the belief that effective security shouldn’t depend on unlimited budgets or perfect conditions. We work with enterprises, government agencies, schools, hospitals, utilities, and cri…",,,,,https://www.adzuna.in/details/5776924205?utm_medium=api&utm_source=9a0b3cea,,adzuna,2026-06-26T04:14:50.000Z,,product-manager-5,in-review,,,false,0,,,,,1,,,,,,,,,,,,,false,2026-07-24T09:18:39.213Z,2026-07-24T09:18:39.213Z,0,product manager|securin|ttti taramani chennai,,5776924205,2026-07-24T09:18:39.211Z
6a632def1086448c954a5307,Product Manager,Weekday AI,India,,Full-time,,"This role is for one of Weekday’s clients Min Experience: 5 years Location: Banglaore JobType: full-time In this role, you will: Requirements Own product execution Turn customer needs and company priorities into clear product specs, timelines, and acceptance criteria. Work with engineering, design, operations, and customer-facing teams to make sure the right things ship with the right quality. Understand customers and the product Speak with customers, review their drawings and files, and turn f…",,,,,https://www.adzuna.in/details/5798747674?utm_medium=api&utm_source=9a0b3cea,,adzuna,2026-07-13T15:32:35.000Z,,product-manager-6,in-review,,,false,0,,,,,1,,,,,,,,,,,,,false,2026-07-24T09:18:39.416Z,2026-07-24T09:18:39.416Z,0,product manager|weekday ai|india,,5798747674,2026-07-24T09:18:39.415Z
6a632def1086448c954a5310,Product Manager,SocialPilot,India,,Full-time,,"About the Role SocialPilot is looking for an experienced Product Manager to join a collaborative cross-functional team across UI/UX designers, engineering, marketing, and customer success. This role is focused on our Online Reputation & Listings Management product line, combining 0→1 product building with the operating maturity of a profitable SaaS business. You’ll solve customer problems, improve core product experiences, and explore thoughtful uses of AI where it adds real value. This role is…",,,,,https://www.adzuna.in/details/5712873933?utm_medium=api&utm_source=9a0b3cea,,adzuna,2026-04-28T23:42:19.000Z,,product-manager-7,in-review,,,false,0,,,,,1,,,,,,,,,,,,,false,2026-07-24T09:18:39.654Z,2026-07-24T09:18:39.654Z,0,product manager|socialpilot|india,,5712873933,2026-07-24T09:18:39.652Z
6a632def1086448c954a531a,Product Manager,Origin,India,,Full-time,,"About Origin Origin is building general-purpose autonomous robots for critical infrastructure buildout. Our priority is the buildout the US cannot afford to slow down: data centres and power plants, where rising costs, safety risks, and labour shortages hit hardest. Our modular, multi-trade platform combines purpose-built hardware with real-time site intelligence to navigate complex environments and execute tasks with precision. Trained in high-fidelity simulation and already deployed on live s…",,,,,https://www.adzuna.in/details/5766895020?utm_medium=api&utm_source=9a0b3cea,,adzuna,2026-06-17T19:57:36.000Z,,product-manager-8,in-review,,,false,0,,,,,1,,,,,,,,,,,,,false,2026-07-24T09:18:39.923Z,2026-07-24T09:18:39.923Z,0,product manager|origin|india,,5766895020,2026-07-24T09:18:39.921Z
6a632df01086448c954a5325,Product Manager,Apna,India,,,,"About Apna Company Since 2019, apna has connected over 60 million jobseekers with more than 250,000 enterprises and small businesses across India. Founded by Nirmit Parikh, a Stanford graduate and serial entrepreneur who recognized the challenges in entry-level hiring, apna has rapidly grown to become India's fastest unicorn in 2021—achieving this milestone in just 21 months. Backed by marquee global investors - Insight Partners, Tiger Global, Lightspeed India, Sequoia Capital, and GSV, we're r…",,,,,https://www.adzuna.in/details/5800836200?utm_medium=api&utm_source=9a0b3cea,,adzuna,2026-07-15T12:35:41.000Z,,product-manager-9,in-review,,,false,0,,,,,1,,,,,,,,,,,,,false,2026-07-24T09:18:40.242Z,2026-07-24T09:18:40.242Z,0,product manager|apna|india,,5800836200,2026-07-24T09:18:40.241Z
6a632df01086448c954a5331,Product Manager,Igloo,India,,Full-time,,"About Igloo Igloo (formerly Axinan) is the first full-stack insurtech firm to emerge from Singapore. With offices across Singapore, Indonesia, Thailand, the Philippines, Vietnam, Malaysia, China and India, Igloo is fueled by a mission of making insurance accessible and affordable for all. Igloo’s innovation solutions empower companies to eliminate operational risk, drive new revenue streams and optimise and enhance their existing products and services. With a successful Pre-Series C fund round …",,,,,https://www.adzuna.in/details/5733959034?utm_medium=api&utm_source=9a0b3cea,,adzuna,2026-05-19T16:07:25.000Z,,product-manager-10,in-review,,,false,0,,,,,1,,,,,,,,,,,,,false,2026-07-24T09:18:40.575Z,2026-07-24T09:18:40.575Z,0,product manager|igloo|india,,5733959034,2026-07-24T09:18:40.574Z
6a632df01086448c954a5334,Product Manager/Associate Product Manager,Toppr,"Mumbai, Maharashtra",,Full-time,,"PMs are like mini-CEOs for their products. They coordinate marketing, engineering and customer service team to ensure launch of new products and feaures. Product managers understands the customer and market. As an Associate Product Manager , your average day will involve sketching product ideas, tracking progress on multiple projects, analyzing customer usage data to identify next oppotunities, speaking to customers and simply being awesome. You will receive mentoring from seasoned product mana…",,,,,https://www.adzuna.in/details/4801554331?utm_medium=api&utm_source=9a0b3cea,,adzuna,2024-07-31T03:15:05.000Z,,product-manager-associate-product-manager,in-review,,,false,0,,,,,1,,,,,,,,,,,,,false,2026-07-24T09:18:40.648Z,2026-07-24T09:18:40.648Z,0,product manager associate product manager|toppr|mumbai maharashtra,,4801554331,2026-07-24T09:18:40.647Z
6a632df01086448c954a5337,Product Manager / Sr. Product Manager,Subhanu Consulting,"Bangalore, Karnataka",,Full-time,,"Product Manager at I4 / I5 level 1-3 yrs of PM experience 1-2 yrs of CPaaS or CCaaS experience Has to know how to build and manage a PRD, UX, User Story, Backlog and Roadmap Skills:- Product Management, CPaas, CCaas, PRD, UX, User Story and Backlog and Roadmap",,,,"₹5,00,000 – ₹15,00,000",https://www.adzuna.in/details/3350129241?utm_medium=api&utm_source=9a0b3cea,,adzuna,2022-07-27T06:40:28.000Z,,product-manager-sr-product-manager,in-review,,,false,0,,,,,1,,,,,,,,,,,,,false,2026-07-24T09:18:40.713Z,2026-07-24T09:18:40.713Z,0,product manager sr product manager|subhanu consulting|bangalore karnataka,,3350129241,2026-07-24T09:18:40.711Z
6a675b2567bf0c0885b6ea36,data analytics,Wellwith India Pvt. Ltd.,"Noida, Uttar Pradesh",On-site,Full-time,,"Collect, clean, and validate data from multiple sources including databases, spreadsheets, APIs, and business systems.Analyze large datasets to identify trends, patterns, and actionable insights.Write and optimize SQL queries for data extraction and analysis.Develop interactive dashboards and reports using Power BI, Tableau, or similar BI tools.Automate recurring reports and data workflows to improve efficiency.Monitor key business metrics and provide performance analysis.Collaborate with cross-functional teams to understand business requirements and deliver data-driven solutions.Present findings and recommendations to stakeholders in a clear and concise manner.Ensure data accuracy, consistency, and integrity across reports and dashboards.Support strategic planning through predictive and descriptive analytics.Required Skills & QualificationsBachelor's degree in Data Analytics, Statistics, Computer Science, Mathematics, Engineering, or a related field.Strong knowledge of SQL for data extraction and manipulation.Proficiency in Microsoft Excel (Pivot Tables, VLOOKUP/XLOOKUP, Power Query, Advanced Formulas).Experience with Power BI, Tableau, or similar data visualization tools.Understanding of APIs and data integration concepts.Strong analytical and problem-solving skills.Excellent communication and presentation abilities.Ability to work independently and manage multiple projects simultaneously.Pay: ₹22,000.00 - ₹30,000.00 per monthBenefits:Flexible scheduleWork Location: In person",,,,30000 per month,https://in.indeed.com/cmp/Wellwith-India-Pvt.-Ltd.?campaignid=mobvjcmp&from=mobviewjob&tk=1juhrm6j025dq000&fromjk=a40f7f3bc6d3dd6c,,,,,data-analytics,archived,2026-07-27T13:20:38.132Z,,false,22,2026-07-28T05:59:23.572Z,6a60a17c20a2dec57e15dec5,6a60a17c20a2dec57e15dec5,6a60a17c20a2dec57e15dec5,1,,,,,,,,,,,,,false,2026-07-27T13:20:37.969Z,2026-07-28T05:59:23.636Z,0,,,,
6a71a061b336ea0995f3a4c7,Senior Product Manager,PayNova Fintech,"Bengaluru, Karnataka",Hybrid,Full-time,5–8 years,Own the payments product roadmap from discovery through launch.,Product Strategy,Roadmapping,A/B Testing,₹35–55 LPA,https://www.linkedin.com/jobs/search/?keywords=Senior+Product+Manager&location=Bengaluru%2C+Karnataka,,LinkedIn Jobs,2026-06-21T00:00:00.000Z,,senior-product-manager-paynova-fintech,published,2026-08-04T08:18:41.950Z,,true,22,,,,,1,,,,,,,,,,,,,false,2026-08-04T08:18:41.952Z,2026-08-04T08:18:41.952Z,0,,,,
6a71a062b336ea0995f3a4ca,Product Owner,AgileWorks Software,"Pune, Maharashtra",On-site,Full-time,3–6 years,Translate business goals into a prioritised sprint backlog for two squads.,Scrum,Backlog Grooming,JIRA,₹16–26 LPA,https://www.linkedin.com/jobs/search/?keywords=Product+Owner&location=Pune%2C+Maharashtra,,LinkedIn Jobs,2026-06-20T00:00:00.000Z,,product-owner-agileworks-software,published,2026-08-04T08:18:42.031Z,,false,23,,,,,1,,,,,,,,,,,,,false,2026-08-04T08:18:42.031Z,2026-08-04T08:18:42.031Z,0,,,,
6a71a062b336ea0995f3a4cd,Technical Product Manager,CloudSpan Technologies,"Bengaluru, Karnataka",Hybrid,Full-time,4–7 years,Define API and platform capabilities alongside engineering leads.,API Design,System Architecture,SQL,₹28–45 LPA,https://www.linkedin.com/jobs/search/?keywords=Technical+Product+Manager&location=Bengaluru%2C+Karnataka,,LinkedIn Jobs,2026-06-19T00:00:00.000Z,,technical-product-manager-cloudspan-technologies,published,2026-08-04T08:18:42.089Z,,true,24,,,,,1,,,,,,,,,,,,,false,2026-08-04T08:18:42.090Z,2026-08-04T08:18:42.090Z,0,,,,
6a71a062b336ea0995f3a4d0,Product Analyst,MetricMinds Digital,"Gurugram, Haryana",Hybrid,Full-time,1–3 years,Measure feature adoption and size opportunities for the product team.,SQL,Amplitude,Funnel Analysis,₹9–15 LPA,https://www.linkedin.com/jobs/search/?keywords=Product+Analyst&location=Gurugram%2C+Haryana,,LinkedIn Jobs,2026-06-18T00:00:00.000Z,,product-analyst-metricminds-digital,published,2026-08-04T08:18:42.146Z,,false,25,,,,,1,,,,,,,,,,,,,false,2026-08-04T08:18:42.147Z,2026-08-04T08:18:42.147Z,0,,,,
6a71a062b336ea0995f3a4d3,Growth Product Manager,ScaleLoop Commerce,Remote,Remote,Full-time,3–6 years,Run acquisition and retention experiments across the onboarding funnel.,Growth Loops,Experimentation,Retention,₹22–38 LPA,https://www.linkedin.com/jobs/search/?keywords=Growth+Product+Manager&location=India&f_WT=2,,LinkedIn Jobs,2026-06-17T00:00:00.000Z,,growth-product-manager-scaleloop-commerce,published,2026-08-04T08:18:42.206Z,,false,26,,,,,1,,,,,,,,,,,,,false,2026-08-04T08:18:42.206Z,2026-08-04T08:18:42.206Z,0,,,,
6a71a062b336ea0995f3a4d6,Group Product Manager,NexGen EdTech,"Mumbai, Maharashtra",Hybrid,Full-time,7–10 years,Lead a pod of product managers across the learner experience portfolio.,Product Vision,Team Leadership,OKRs,₹45–70 LPA,https://www.linkedin.com/jobs/search/?keywords=Group+Product+Manager&location=Mumbai%2C+Maharashtra,,LinkedIn Jobs,2026-06-16T00:00:00.000Z,,group-product-manager-nexgen-edtech,published,2026-08-04T08:18:42.262Z,,true,27,,,,,1,,,,,,,,,,,,,false,2026-08-04T08:18:42.262Z,2026-08-04T08:18:42.262Z,0,,,,
6a71a062b336ea0995f3a4d9,Product Marketing Manager,BrightPath SaaS,"Bengaluru, Karnataka",On-site,Full-time,3–6 years,"Own positioning, launch messaging and sales enablement for new releases.",GTM Strategy,Positioning,Competitive Analysis,₹18–30 LPA,https://www.linkedin.com/jobs/search/?keywords=Product+Marketing+Manager&location=Bengaluru%2C+Karnataka,,LinkedIn Jobs,2026-06-15T00:00:00.000Z,,product-marketing-manager-brightpath-saas,published,2026-08-04T08:18:42.319Z,,false,28,,,,,1,,,,,,,,,,,,,false,2026-08-04T08:18:42.320Z,2026-08-04T08:18:42.320Z,0,,,,
6a71a062b336ea0995f3a4dc,Associate Product Manager,LearnSphere Digital,"Noida, Uttar Pradesh",On-site,Full-time,0–2 years,Shadow senior product managers while owning small features end to end.,User Research,Wireframing,PRD Writing,₹8–13 LPA,https://www.linkedin.com/jobs/search/?keywords=Associate+Product+Manager&location=Noida%2C+Uttar+Pradesh,,LinkedIn Jobs,2026-06-14T00:00:00.000Z,,associate-product-manager-learnsphere-digital,published,2026-08-04T08:18:42.375Z,,false,29,,,,,1,,,,,,,,,,,,,false,2026-08-04T08:18:42.376Z,2026-08-04T08:18:42.376Z,0,,,,
6a71a062b336ea0995f3a4df,Platform Product Manager,CoreStack Systems,"Hyderabad, Telangana",Hybrid,Full-time,5–8 years,Build the internal platform every other product team ships on.,Platform Strategy,Developer Experience,Roadmapping,₹30–48 LPA,https://www.linkedin.com/jobs/search/?keywords=Platform+Product+Manager&location=Hyderabad%2C+Telangana,,LinkedIn Jobs,2026-06-13T00:00:00.000Z,,platform-product-manager-corestack-systems,published,2026-08-04T08:18:42.433Z,,false,30,,,,,1,,,,,,,,,,,,,false,2026-08-04T08:18:42.433Z,2026-08-04T08:18:42.433Z,0,,,,
6a71a062b336ea0995f3a4e2,Product Manager – Payments,FinFlow Technologies,"Mumbai, Maharashtra",On-site,Full-time,4–7 years,Own the UPI and card payment experience for a consumer lending app.,UPI,Payment Gateways,Compliance,₹26–42 LPA,https://www.linkedin.com/jobs/search/?keywords=Product+Manager+%E2%80%93+Payments&location=Mumbai%2C+Maharashtra,,LinkedIn Jobs,2026-06-12T00:00:00.000Z,,product-manager-payments-finflow-technologies,published,2026-08-04T08:18:42.497Z,,true,31,,,,,1,,,,,,,,,,,,,false,2026-08-04T08:18:42.499Z,2026-08-04T08:18:42.499Z,0,,,,
6a71a062b336ea0995f3a4e5,Product Operations Manager,OpsPilot Software,Remote,Remote,Full-time,3–5 years,"Keep research, roadmap and release rituals running across product teams.",Process Design,Tooling,Analytics,₹18–28 LPA,https://www.linkedin.com/jobs/search/?keywords=Product+Operations+Manager&location=India&f_WT=2,,LinkedIn Jobs,2026-06-11T00:00:00.000Z,,product-operations-manager-opspilot-software,published,2026-08-04T08:18:42.556Z,,false,32,,,,,1,,,,,,,,,,,,,false,2026-08-04T08:18:42.557Z,2026-08-04T08:18:42.557Z,0,,,,
6a71a062b336ea0995f3a4e8,Product Management Intern,LaunchPad Ventures,"Bengaluru, Karnataka",Hybrid,Internship,0–1 years,Support discovery research and competitive teardowns for a B2B product.,Market Research,PRD Writing,Analytics,"₹40,000–60,000 /month",https://www.linkedin.com/jobs/search/?keywords=Product+Management+Intern&location=Bengaluru%2C+Karnataka,,LinkedIn Jobs,2026-06-10T00:00:00.000Z,,product-management-intern-launchpad-ventures,published,2026-08-04T08:18:42.615Z,,false,33,,,,,1,,,,,,,,,,,,,false,2026-08-04T08:18:42.616Z,2026-08-04T08:18:42.616Z,0,,,,
6a71a062b336ea0995f3a4eb,Senior Business Analyst,StrategyFirst Consulting,"Noida, Uttar Pradesh",Hybrid,Full-time,4–7 years,Own requirement discovery and process mapping for enterprise rollouts.,Requirement Gathering,SQL,Stakeholder Management,₹14–24 LPA,https://www.linkedin.com/jobs/search/?keywords=Senior+Business+Analyst&location=Noida%2C+Uttar+Pradesh,,LinkedIn Jobs,2026-06-09T00:00:00.000Z,,senior-business-analyst-strategyfirst-consulting,published,2026-08-04T08:18:42.673Z,,false,34,,,,,1,,,,,,,,,,,,,false,2026-08-04T08:18:42.675Z,2026-08-04T08:18:42.675Z,0,,,,
6a71a062b336ea0995f3a4ee,Business Intelligence Analyst,InsightBox Analytics,"Bengaluru, Karnataka",On-site,Full-time,2–5 years,Build executive dashboards that track revenue and retention KPIs.,Power BI,SQL,DAX,₹10–18 LPA,https://www.linkedin.com/jobs/search/?keywords=Business+Intelligence+Analyst&location=Bengaluru%2C+Karnataka,,LinkedIn Jobs,2026-06-08T00:00:00.000Z,,business-intelligence-analyst-insightbox-analytics,published,2026-08-04T08:18:42.734Z,,true,35,,,,,1,,,,,,,,,,,,,false,2026-08-04T08:18:42.735Z,2026-08-04T08:18:42.735Z,0,,,,
6a71a062b336ea0995f3a4f1,Business Analytics Consultant,Meridian Advisory,"Gurugram, Haryana",Hybrid,Full-time,3–6 years,"Advise clients on pricing, churn and demand using analytical models.",Excel Modeling,SQL,Client Advisory,₹15–26 LPA,https://www.linkedin.com/jobs/search/?keywords=Business+Analytics+Consultant&location=Gurugram%2C+Haryana,,LinkedIn Jobs,2026-06-07T00:00:00.000Z,,business-analytics-consultant-meridian-advisory,published,2026-08-04T08:18:42.790Z,,false,36,,,,,1,,,,,,,,,,,,,false,2026-08-04T08:18:42.791Z,2026-08-04T08:18:42.791Z,0,,,,
6a71a062b336ea0995f3a4f4,BI Developer,DataForge Inc.,"Gurugram, Haryana",On-site,Full-time,2–4 years,Develop semantic models and paginated reports for finance teams.,Power BI,SSIS,Data Modeling,₹9–16 LPA,https://www.linkedin.com/jobs/search/?keywords=BI+Developer&location=Gurugram%2C+Haryana,,LinkedIn Jobs,2026-06-06T00:00:00.000Z,,bi-developer-dataforge-inc,published,2026-08-04T08:18:42.848Z,,false,37,,,,,1,,,,,,,,,,,,,false,2026-08-04T08:18:42.849Z,2026-08-04T08:18:42.849Z,0,,,,
6a71a062b336ea0995f3a4f7,Business Systems Analyst,EnterpriseLink Solutions,"Chennai, Tamil Nadu",On-site,Full-time,3–6 years,Map business processes to ERP configuration and run user acceptance testing.,ERP,Process Mapping,UAT,₹12–20 LPA,https://www.linkedin.com/jobs/search/?keywords=Business+Systems+Analyst&location=Chennai%2C+Tamil+Nadu,,LinkedIn Jobs,2026-06-05T00:00:00.000Z,,business-systems-analyst-enterpriselink-solutions,published,2026-08-04T08:18:42.906Z,,false,38,,,,,1,,,,,,,,,,,,,false,2026-08-04T08:18:42.908Z,2026-08-04T08:18:42.908Z,0,,,,
6a71a062b336ea0995f3a4fa,Marketing Analytics Manager,ReachMetrics Media,"Mumbai, Maharashtra",Hybrid,Full-time,4–7 years,Own channel attribution and campaign ROI reporting for a D2C brand.,Attribution Modeling,GA4,SQL,₹18–30 LPA,https://www.linkedin.com/jobs/search/?keywords=Marketing+Analytics+Manager&location=Mumbai%2C+Maharashtra,,LinkedIn Jobs,2026-06-04T00:00:00.000Z,,marketing-analytics-manager-reachmetrics-media,published,2026-08-04T08:18:42.967Z,,false,39,,,,,1,,,,,,,,,,,,,false,2026-08-04T08:18:42.968Z,2026-08-04T08:18:42.968Z,0,,,,
6a71a063b336ea0995f3a4fd,Revenue Operations Analyst,PipelineIQ Software,Remote,Remote,Full-time,2–4 years,Keep the sales funnel data clean and the revenue forecast honest.,Salesforce,SQL,Forecasting,₹10–17 LPA,https://www.linkedin.com/jobs/search/?keywords=Revenue+Operations+Analyst&location=India&f_WT=2,,LinkedIn Jobs,2026-06-03T00:00:00.000Z,,revenue-operations-analyst-pipelineiq-software,published,2026-08-04T08:18:43.030Z,,false,40,,,,,1,,,,,,,,,,,,,false,2026-08-04T08:18:43.031Z,2026-08-04T08:18:43.031Z,0,,,,
6a71a063b336ea0995f3a500,Business Analyst – Supply Chain,LogiCore Industries,"Pune, Maharashtra",On-site,Full-time,2–5 years,Analyse inventory turns and distribution costs across fourteen warehouses.,Inventory Analytics,Excel,SAP,₹9–16 LPA,https://www.linkedin.com/jobs/search/?keywords=Business+Analyst+%E2%80%93+Supply+Chain&location=Pune%2C+Maharashtra,,LinkedIn Jobs,2026-06-02T00:00:00.000Z,,business-analyst-supply-chain-logicore-industries,published,2026-08-04T08:18:43.088Z,,false,41,,,,,1,,,,,,,,,,,,,false,2026-08-04T08:18:43.089Z,2026-08-04T08:18:43.089Z,0,,,,
6a71a063b336ea0995f3a503,Reporting Analyst,ClearLedger Services,"Noida, Uttar Pradesh",Hybrid,Full-time,1–3 years,Produce daily operational reporting packs for business heads.,Excel,SQL,Tableau,₹6–11 LPA,https://www.linkedin.com/jobs/search/?keywords=Reporting+Analyst&location=Noida%2C+Uttar+Pradesh,,LinkedIn Jobs,2026-06-01T00:00:00.000Z,,reporting-analyst-clearledger-services,published,2026-08-04T08:18:43.147Z,,false,42,,,,,1,,,,,,,,,,,,,false,2026-08-04T08:18:43.149Z,2026-08-04T08:18:43.149Z,0,,,,
6a71a063b336ea0995f3a506,Senior Business Intelligence Developer,Northline Data,"Hyderabad, Telangana",Hybrid,Full-time,5–8 years,Own the semantic layer and governance for a company-wide BI stack.,Snowflake,dbt,Looker,₹20–34 LPA,https://www.linkedin.com/jobs/search/?keywords=Senior+Business+Intelligence+Developer&location=Hyderabad%2C+Telangana,,LinkedIn Jobs,2026-05-31T00:00:00.000Z,,senior-business-intelligence-developer-northline-data,published,2026-08-04T08:18:43.208Z,,true,43,,,,,1,,,,,,,,,,,,,false,2026-08-04T08:18:43.210Z,2026-08-04T08:18:43.210Z,0,,,,
6a71a063b336ea0995f3a509,Pricing Analyst,ValueGrid Retail,"Bengaluru, Karnataka",On-site,Full-time,2–4 years,Model price elasticity and recommend margin-safe discounting.,Price Elasticity,SQL,Excel,₹10–17 LPA,https://www.linkedin.com/jobs/search/?keywords=Pricing+Analyst&location=Bengaluru%2C+Karnataka,,LinkedIn Jobs,2026-05-30T00:00:00.000Z,,pricing-analyst-valuegrid-retail,published,2026-08-04T08:18:43.269Z,,false,44,,,,,1,,,,,,,,,,,,,false,2026-08-04T08:18:43.271Z,2026-08-04T08:18:43.271Z,0,,,,
6a71a063b336ea0995f3a50c,Business Analyst Intern,Insight Partners Consulting,"Noida, Uttar Pradesh",On-site,Internship,0–1 years,"Assist consultants with data gathering, cleaning and client decks.",Excel,SQL,Documentation,"₹25,000–35,000 /month",https://www.linkedin.com/jobs/search/?keywords=Business+Analyst+Intern&location=Noida%2C+Uttar+Pradesh,,LinkedIn Jobs,2026-05-29T00:00:00.000Z,,business-analyst-intern-insight-partners-consulting,published,2026-08-04T08:18:43.327Z,,false,45,,,,,1,,,,,,,,,,,,,false,2026-08-04T08:18:43.329Z,2026-08-04T08:18:43.329Z,0,,,,
6a71a063b336ea0995f3a50f,Senior Data Analyst,InsightBox Analytics,"Bengaluru, Karnataka",Hybrid,Full-time,3–6 years,Turn product and revenue data into decisions leadership acts on.,SQL,Python,Looker,₹12–22 LPA,https://www.linkedin.com/jobs/search/?keywords=Senior+Data+Analyst&location=Bengaluru%2C+Karnataka,,LinkedIn Jobs,2026-05-28T00:00:00.000Z,,senior-data-analyst-insightbox-analytics,published,2026-08-04T08:18:43.390Z,,true,46,,,,,1,,,,,,,,,,,,,false,2026-08-04T08:18:43.391Z,2026-08-04T08:18:43.391Z,0,,,,
6a71a063b336ea0995f3a512,Product Data Analyst,ScaleLoop Commerce,Remote,Remote,Full-time,2–4 years,Own experiment readouts and funnel diagnostics for the growth pod.,SQL,Mixpanel,Experiment Design,₹11–19 LPA,https://www.linkedin.com/jobs/search/?keywords=Product+Data+Analyst&location=India&f_WT=2,,LinkedIn Jobs,2026-05-27T00:00:00.000Z,,product-data-analyst-scaleloop-commerce,published,2026-08-04T08:18:43.450Z,,false,47,,,,,1,,,,,,,,,,,,,false,2026-08-04T08:18:43.451Z,2026-08-04T08:18:43.451Z,0,,,,
6a71a063b336ea0995f3a515,Marketing Data Analyst,ReachMetrics Media,"Gurugram, Haryana",Hybrid,Full-time,1–3 years,Report campaign performance and audience behaviour across channels.,GA4,SQL,Looker Studio,₹7–12 LPA,https://www.linkedin.com/jobs/search/?keywords=Marketing+Data+Analyst&location=Gurugram%2C+Haryana,,LinkedIn Jobs,2026-05-26T00:00:00.000Z,,marketing-data-analyst-reachmetrics-media,published,2026-08-04T08:18:43.509Z,,false,48,,,,,1,,,,,,,,,,,,,false,2026-08-04T08:18:43.510Z,2026-08-04T08:18:43.510Z,0,,,,
6a71a063b336ea0995f3a518,Healthcare Data Analyst,MediSight Systems,"Hyderabad, Telangana",On-site,Full-time,2–5 years,Analyse clinical and claims datasets for hospital network reporting.,SQL,Python,Claims Data,₹9–16 LPA,https://www.linkedin.com/jobs/search/?keywords=Healthcare+Data+Analyst&location=Hyderabad%2C+Telangana,,LinkedIn Jobs,2026-05-25T00:00:00.000Z,,healthcare-data-analyst-medisight-systems,published,2026-08-04T08:18:43.566Z,,false,49,,,,,1,,,,,,,,,,,,,false,2026-08-04T08:18:43.568Z,2026-08-04T08:18:43.568Z,0,,,,
6a71a063b336ea0995f3a51b,Analytics Engineer,Pipeline Data Systems,"Bengaluru, Karnataka",Hybrid,Full-time,2–5 years,Model raw warehouse tables into trusted analytics-ready datasets.,dbt,SQL,Snowflake,₹14–26 LPA,https://www.linkedin.com/jobs/search/?keywords=Analytics+Engineer&location=Bengaluru%2C+Karnataka,,LinkedIn Jobs,2026-05-24T00:00:00.000Z,,analytics-engineer-pipeline-data-systems,published,2026-08-04T08:18:43.627Z,,true,50,,,,,1,,,,,,,,,,,,,false,2026-08-04T08:18:43.629Z,2026-08-04T08:18:43.629Z,0,,,,
6a71a063b336ea0995f3a51e,Data Visualization Specialist,ChartWorks Studio,Remote,Remote,Contract,2–4 years,Design dashboards and data stories for non-technical audiences.,Tableau,D3.js,Data Storytelling,₹10–18 LPA,https://www.linkedin.com/jobs/search/?keywords=Data+Visualization+Specialist&location=India&f_WT=2,,LinkedIn Jobs,2026-05-23T00:00:00.000Z,,data-visualization-specialist-chartworks-studio,published,2026-08-04T08:18:43.688Z,,false,51,,,,,1,,,,,,,,,,,,,false,2026-08-04T08:18:43.690Z,2026-08-04T08:18:43.690Z,0,,,,
6a71a063b336ea0995f3a521,Data Quality Analyst,Northline Data,"Chennai, Tamil Nadu",On-site,Full-time,1–4 years,Profile source systems and enforce data contracts before load.,SQL,Data Profiling,Data Governance,₹7–13 LPA,https://www.linkedin.com/jobs/search/?keywords=Data+Quality+Analyst&location=Chennai%2C+Tamil+Nadu,,LinkedIn Jobs,2026-05-22T00:00:00.000Z,,data-quality-analyst-northline-data,published,2026-08-04T08:18:43.748Z,,false,52,,,,,1,,,,,,,,,,,,,false,2026-08-04T08:18:43.749Z,2026-08-04T08:18:43.749Z,0,,,,
6a71a063b336ea0995f3a524,Customer Insights Analyst,LoyalBase Retail,"Mumbai, Maharashtra",Hybrid,Full-time,2–4 years,Segment the customer base and size retention opportunities.,Segmentation,SQL,Survey Analysis,₹9–15 LPA,https://www.linkedin.com/jobs/search/?keywords=Customer+Insights+Analyst&location=Mumbai%2C+Maharashtra,,LinkedIn Jobs,2026-05-21T00:00:00.000Z,,customer-insights-analyst-loyalbase-retail,published,2026-08-04T08:18:43.805Z,,false,53,,,,,1,,,,,,,,,,,,,false,2026-08-04T08:18:43.806Z,2026-08-04T08:18:43.806Z,0,,,,
6a71a063b336ea0995f3a527,Lead Data Analyst,AIMatrix Labs,"Hyderabad, Telangana",On-site,Full-time,5–8 years,Lead a three-person analytics pod supporting operations and finance.,SQL,Python,Stakeholder Management,₹22–36 LPA,https://www.linkedin.com/jobs/search/?keywords=Lead+Data+Analyst&location=Hyderabad%2C+Telangana,,LinkedIn Jobs,2026-05-20T00:00:00.000Z,,lead-data-analyst-aimatrix-labs,published,2026-08-04T08:18:43.875Z,,false,54,,,,,1,,,,,,,,,,,,,false,2026-08-04T08:18:43.877Z,2026-08-04T08:18:43.877Z,0,,,,
6a71a063b336ea0995f3a52a,Risk Data Analyst,CreditSense Fintech,"Bengaluru, Karnataka",Hybrid,Full-time,2–5 years,Analyse repayment behaviour and tune underwriting rule thresholds.,SQL,Python,Credit Risk,₹12–20 LPA,https://www.linkedin.com/jobs/search/?keywords=Risk+Data+Analyst&location=Bengaluru%2C+Karnataka,,LinkedIn Jobs,2026-05-19T00:00:00.000Z,,risk-data-analyst-creditsense-fintech,published,2026-08-04T08:18:43.932Z,,false,55,,,,,1,,,,,,,,,,,,,false,2026-08-04T08:18:43.933Z,2026-08-04T08:18:43.933Z,0,,,,
6a71a063b336ea0995f3a52d,Operations Data Analyst,SwiftMove Logistics,"Gurugram, Haryana",On-site,Full-time,1–3 years,Track delivery SLAs and surface bottlenecks across last-mile routes.,Excel,SQL,Power BI,₹6–11 LPA,https://www.linkedin.com/jobs/search/?keywords=Operations+Data+Analyst&location=Gurugram%2C+Haryana,,LinkedIn Jobs,2026-05-18T00:00:00.000Z,,operations-data-analyst-swiftmove-logistics,published,2026-08-04T08:18:43.991Z,,false,56,,,,,1,,,,,,,,,,,,,false,2026-08-04T08:18:43.994Z,2026-08-04T08:18:43.994Z,0,,,,
6a71a064b336ea0995f3a530,Data Analytics Intern,InsightBox Analytics,"Bengaluru, Karnataka",Hybrid,Internship,0–1 years,Support the analytics team with data cleaning and recurring reports.,SQL,Excel,Python,"₹20,000–30,000 /month",https://www.linkedin.com/jobs/search/?keywords=Data+Analytics+Intern&location=Bengaluru%2C+Karnataka,,LinkedIn Jobs,2026-05-17T00:00:00.000Z,,data-analytics-intern-insightbox-analytics,published,2026-08-04T08:18:44.056Z,,false,57,,,,,1,,,,,,,,,,,,,false,2026-08-04T08:18:44.058Z,2026-08-04T08:18:44.058Z,0,,,,
6a71a064b336ea0995f3a533,Investment Banking Associate,FinEdge Capital,"Mumbai, Maharashtra",On-site,Full-time,3–6 years,Lead modelling and execution workstreams on mid-market M&A mandates.,Financial Modeling,LBO,Pitch Books,₹25–45 LPA,https://www.linkedin.com/jobs/search/?keywords=Investment+Banking+Associate&location=Mumbai%2C+Maharashtra,,LinkedIn Jobs,2026-05-16T00:00:00.000Z,,investment-banking-associate-finedge-capital,published,2026-08-04T08:18:44.134Z,,true,58,,,,,1,,,,,,,,,,,,,false,2026-08-04T08:18:44.135Z,2026-08-04T08:18:44.135Z,0,,,,
6a71a064b336ea0995f3a536,Equity Research Analyst,Marketscope Research,"Mumbai, Maharashtra",On-site,Full-time,2–5 years,Publish coverage notes and earnings previews for listed mid-caps.,Equity Valuation,Sector Coverage,Excel,₹14–26 LPA,https://www.linkedin.com/jobs/search/?keywords=Equity+Research+Analyst&location=Mumbai%2C+Maharashtra,,LinkedIn Jobs,2026-05-15T00:00:00.000Z,,equity-research-analyst-marketscope-research,published,2026-08-04T08:18:44.206Z,,false,59,,,,,1,,,,,,,,,,,,,false,2026-08-04T08:18:44.208Z,2026-08-04T08:18:44.208Z,0,,,,
6a71a064b336ea0995f3a539,M&A Analyst,Crestline Advisors,"Mumbai, Maharashtra",On-site,Full-time,1–3 years,Support buy-side and sell-side transactions from diligence to close.,DCF,Comparable Analysis,Due Diligence,₹12–22 LPA,https://www.linkedin.com/jobs/search/?keywords=M%26A+Analyst&location=Mumbai%2C+Maharashtra,,LinkedIn Jobs,2026-05-14T00:00:00.000Z,,m-a-analyst-crestline-advisors,published,2026-08-04T08:18:44.268Z,,false,60,,,,,1,,,,,,,,,,,,,false,2026-08-04T08:18:44.269Z,2026-08-04T08:18:44.269Z,0,,,,
6a71a064b336ea0995f3a53c,Corporate Finance Analyst,GrowthCap Advisors,"Gurugram, Haryana",Hybrid,Full-time,1–4 years,Model capital plans and evaluate funding options for portfolio firms.,Financial Modeling,Budgeting,Excel,₹9–16 LPA,https://www.linkedin.com/jobs/search/?keywords=Corporate+Finance+Analyst&location=Gurugram%2C+Haryana,,LinkedIn Jobs,2026-05-13T00:00:00.000Z,,corporate-finance-analyst-growthcap-advisors,published,2026-08-04T08:18:44.328Z,,false,61,,,,,1,,,,,,,,,,,,,false,2026-08-04T08:18:44.330Z,2026-08-04T08:18:44.330Z,0,,,,
6a71a064b336ea0995f3a53f,Private Equity Analyst,Ashwood Capital Partners,"Mumbai, Maharashtra",On-site,Full-time,2–4 years,"Screen deals, build LBO models and monitor portfolio performance.",LBO Modeling,Due Diligence,Portfolio Monitoring,₹20–35 LPA,https://www.linkedin.com/jobs/search/?keywords=Private+Equity+Analyst&location=Mumbai%2C+Maharashtra,,LinkedIn Jobs,2026-05-12T00:00:00.000Z,,private-equity-analyst-ashwood-capital-partners,published,2026-08-04T08:18:44.396Z,,true,62,,,,,1,,,,,,,,,,,,,false,2026-08-04T08:18:44.398Z,2026-08-04T08:18:44.398Z,0,,,,
6a71a064b336ea0995f3a542,Credit Research Analyst,BondBridge Financial,"Mumbai, Maharashtra",Hybrid,Full-time,2–5 years,Assess issuer credit quality and write rationale for fixed-income desks.,Credit Analysis,Fixed Income,Ratings,₹13–22 LPA,https://www.linkedin.com/jobs/search/?keywords=Credit+Research+Analyst&location=Mumbai%2C+Maharashtra,,LinkedIn Jobs,2026-05-11T00:00:00.000Z,,credit-research-analyst-bondbridge-financial,published,2026-08-04T08:18:44.463Z,,false,63,,,,,1,,,,,,,,,,,,,false,2026-08-04T08:18:44.464Z,2026-08-04T08:18:44.464Z,0,,,,
6a71a064b336ea0995f3a545,Valuations Analyst,Meridian Advisory,"Bengaluru, Karnataka",Hybrid,Full-time,1–3 years,Prepare independent valuation reports for fundraising and compliance.,Business Valuation,DCF,Ind AS,₹8–15 LPA,https://www.linkedin.com/jobs/search/?keywords=Valuations+Analyst&location=Bengaluru%2C+Karnataka,,LinkedIn Jobs,2026-05-10T00:00:00.000Z,,valuations-analyst-meridian-advisory,published,2026-08-04T08:18:44.523Z,,false,64,,,,,1,,,,,,,,,,,,,false,2026-08-04T08:18:44.524Z,2026-08-04T08:18:44.524Z,0,,,,
6a71a064b336ea0995f3a548,Debt Capital Markets Analyst,FinEdge Capital,"Mumbai, Maharashtra",On-site,Full-time,2–4 years,Support bond issuance and structuring for corporate treasury clients.,Bond Structuring,Fixed Income,Excel,₹15–28 LPA,https://www.linkedin.com/jobs/search/?keywords=Debt+Capital+Markets+Analyst&location=Mumbai%2C+Maharashtra,,LinkedIn Jobs,2026-05-09T00:00:00.000Z,,debt-capital-markets-analyst-finedge-capital,published,2026-08-04T08:18:44.588Z,,false,65,,,,,1,,,,,,,,,,,,,false,2026-08-04T08:18:44.590Z,2026-08-04T08:18:44.590Z,0,,,,
6a71a064b336ea0995f3a54b,Venture Capital Analyst,SeedNorth Ventures,"Bengaluru, Karnataka",Hybrid,Full-time,1–3 years,Source early-stage deals and run diligence on founder-reported metrics.,Market Sizing,Cap Tables,Deal Sourcing,₹14–24 LPA,https://www.linkedin.com/jobs/search/?keywords=Venture+Capital+Analyst&location=Bengaluru%2C+Karnataka,,LinkedIn Jobs,2026-05-08T00:00:00.000Z,,venture-capital-analyst-seednorth-ventures,published,2026-08-04T08:18:44.661Z,,false,66,,,,,1,,,,,,,,,,,,,false,2026-08-04T08:18:44.663Z,2026-08-04T08:18:44.663Z,0,,,,
6a71a064b336ea0995f3a54e,Transaction Advisory Analyst,Crestline Advisors,"Gurugram, Haryana",On-site,Full-time,1–4 years,Run financial due diligence and quality-of-earnings analysis on targets.,Financial Due Diligence,Quality of Earnings,Excel,₹10–18 LPA,https://www.linkedin.com/jobs/search/?keywords=Transaction+Advisory+Analyst&location=Gurugram%2C+Haryana,,LinkedIn Jobs,2026-05-07T00:00:00.000Z,,transaction-advisory-analyst-crestline-advisors,published,2026-08-04T08:18:44.728Z,,false,67,,,,,1,,,,,,,,,,,,,false,2026-08-04T08:18:44.729Z,2026-08-04T08:18:44.729Z,0,,,,
6a71a064b336ea0995f3a551,Investment Banking Summer Analyst,Ashwood Capital Partners,"Mumbai, Maharashtra",On-site,Internship,0–1 years,Ten-week programme supporting live deal teams across coverage sectors.,Financial Modeling,PowerPoint,Excel,"₹50,000–75,000 /month",https://www.linkedin.com/jobs/search/?keywords=Investment+Banking+Summer+Analyst&location=Mumbai%2C+Maharashtra,,LinkedIn Jobs,2026-05-06T00:00:00.000Z,,investment-banking-summer-analyst-ashwood-capital-partners,published,2026-08-04T08:18:44.790Z,,false,68,,,,,1,,,,,,,,,,,,,false,2026-08-04T08:18:44.791Z,2026-08-04T08:18:44.791Z,0,,,,
6a71a064b336ea0995f3a554,Financial Planning and Analysis Analyst,ClearLedger Services,"Pune, Maharashtra",Hybrid,Full-time,2–5 years,"Own monthly forecasting, variance commentary and board reporting.",FP&A,Variance Analysis,Excel,₹10–18 LPA,https://www.linkedin.com/jobs/search/?keywords=Financial+Planning+and+Analysis+Analyst&location=Pune%2C+Maharashtra,,LinkedIn Jobs,2026-05-05T00:00:00.000Z,,financial-planning-and-analysis-analyst-clearledger-services,published,2026-08-04T08:18:44.848Z,,false,69,,,,,1,,,,,,,,,,,,,false,2026-08-04T08:18:44.849Z,2026-08-04T08:18:44.849Z,0,,,,
