_id,resource,documentId,revision,snapshot._id,snapshot.name,snapshot.previousRole,snapshot.currentRole,snapshot.previousCompany,snapshot.currentCompany,snapshot.program,snapshot.programTitle,snapshot.graduationYear,snapshot.salaryBefore,snapshot.salaryAfter,snapshot.percentageHike,snapshot.quote,snapshot.story,snapshot.testimonialVideo,snapshot.accent,snapshot.accentEnd,snapshot.slug,snapshot.status,snapshot.publishedAt,snapshot.scheduledAt,snapshot.featured,snapshot.displayOrder,snapshot.deletedAt,snapshot.deletedBy,snapshot.createdBy,snapshot.updatedBy,snapshot.revision,snapshot.image.media,snapshot.image.url,snapshot.image.fileId,snapshot.image.thumbnailUrl,snapshot.image.alt,snapshot.image.caption,snapshot.image.width,snapshot.image.height,snapshot.companyLogo.media,snapshot.companyLogo.url,snapshot.companyLogo.fileId,snapshot.companyLogo.thumbnailUrl,snapshot.companyLogo.alt,snapshot.companyLogo.caption,snapshot.companyLogo.width,snapshot.companyLogo.height,snapshot.seo.title,snapshot.seo.description,snapshot.seo.ogImage,snapshot.seo.canonicalUrl,snapshot.seo.noIndex,snapshot.createdAt,snapshot.updatedAt,snapshot.isPublic,snapshot.id,changedBy,changeNote,createdAt,__v,snapshot.title,snapshot.fullTitle,snapshot.shortTitle,snapshot.subtitle,snapshot.category,snapshot.description,snapshot.lead,snapshot.duration,snapshot.mentorship,snapshot.format,snapshot.eligibility,snapshot.heroMedia.media,snapshot.heroMedia.url,snapshot.heroMedia.fileId,snapshot.heroMedia.thumbnailUrl,snapshot.heroMedia.alt,snapshot.heroMedia.caption,snapshot.heroMedia.width,snapshot.heroMedia.height,snapshot.overview[0],snapshot.overview[1],snapshot.overview[2],snapshot.overview[3],snapshot.curriculumIntro,snapshot.gainsIntro,snapshot.learners,snapshot.projects,snapshot.startingPrice,snapshot.fee,snapshot.emi,snapshot.guarantee,snapshot.nextBatch,snapshot.seats,snapshot.brochureUrl,snapshot.badges[0],snapshot.badges[1],snapshot.badges[2],snapshot.badges[3],snapshot.curriculum[0],snapshot.curriculum[1],snapshot.curriculum[2],snapshot.modules[0].n,snapshot.modules[1].n,snapshot.modules[2].n,snapshot.modules[3].n,snapshot.modules[4].n,snapshot.modules[5].n,snapshot.modules[6].n,snapshot.modules[7].n,snapshot.modules[8].n,snapshot.modules[9].n,snapshot.modules[10].n,snapshot.modules[11].n,snapshot.modules[12].n,snapshot.modules[13].n,snapshot.modules[14].n,snapshot.modules[15].n,snapshot.modules[16].n,snapshot.modules[17].n,snapshot.modules[18].n,snapshot.modules[19].n,snapshot.modules[20].n,snapshot.modules[0].title,snapshot.modules[1].title,snapshot.modules[2].title,snapshot.modules[3].title,snapshot.modules[4].title,snapshot.modules[5].title,snapshot.modules[6].title,snapshot.modules[7].title,snapshot.modules[8].title,snapshot.modules[9].title,snapshot.modules[10].title,snapshot.modules[11].title,snapshot.modules[12].title,snapshot.modules[13].title,snapshot.modules[14].title,snapshot.modules[15].title,snapshot.modules[16].title,snapshot.modules[17].title,snapshot.modules[18].title,snapshot.modules[19].title,snapshot.modules[20].title,snapshot.modules[0].duration,snapshot.modules[1].duration,snapshot.modules[2].duration,snapshot.modules[3].duration,snapshot.modules[4].duration,snapshot.modules[5].duration,snapshot.modules[6].duration,snapshot.modules[7].duration,snapshot.modules[8].duration,snapshot.modules[9].duration,snapshot.modules[10].duration,snapshot.modules[11].duration,snapshot.modules[12].duration,snapshot.modules[13].duration,snapshot.modules[14].duration,snapshot.modules[15].duration,snapshot.modules[16].duration,snapshot.modules[17].duration,snapshot.modules[18].duration,snapshot.modules[19].duration,snapshot.modules[20].duration,snapshot.modules[0].points[0],snapshot.modules[0].points[1],snapshot.modules[0].points[2],snapshot.modules[0].points[3],snapshot.modules[0].points[4],snapshot.modules[0].points[5],snapshot.modules[1].points[0],snapshot.modules[1].points[1],snapshot.modules[1].points[2],snapshot.modules[1].points[3],snapshot.modules[1].points[4],snapshot.modules[1].points[5],snapshot.modules[2].points[0],snapshot.modules[2].points[1],snapshot.modules[2].points[2],snapshot.modules[2].points[3],snapshot.modules[2].points[4],snapshot.modules[2].points[5],snapshot.modules[3].points[0],snapshot.modules[3].points[1],snapshot.modules[3].points[2],snapshot.modules[3].points[3],snapshot.modules[3].points[4],snapshot.modules[3].points[5],snapshot.modules[4].points[0],snapshot.modules[4].points[1],snapshot.modules[4].points[2],snapshot.modules[4].points[3],snapshot.modules[4].points[4],snapshot.modules[4].points[5],snapshot.modules[5].points[0],snapshot.modules[5].points[1],snapshot.modules[5].points[2],snapshot.modules[5].points[3],snapshot.modules[5].points[4],snapshot.modules[5].points[5],snapshot.modules[6].points[0],snapshot.modules[6].points[1],snapshot.modules[6].points[2],snapshot.modules[6].points[3],snapshot.modules[6].points[4],snapshot.modules[6].points[5],snapshot.modules[7].points[0],snapshot.modules[7].points[1],snapshot.modules[7].points[2],snapshot.modules[7].points[3],snapshot.modules[7].points[4],snapshot.modules[7].points[5],snapshot.modules[8].points[0],snapshot.modules[8].points[1],snapshot.modules[8].points[2],snapshot.modules[8].points[3],snapshot.modules[8].points[4],snapshot.modules[8].points[5],snapshot.modules[9].points[0],snapshot.modules[9].points[1],snapshot.modules[9].points[2],snapshot.modules[9].points[3],snapshot.modules[9].points[4],snapshot.modules[9].points[5],snapshot.modules[10].points[0],snapshot.modules[10].points[1],snapshot.modules[10].points[2],snapshot.modules[10].points[3],snapshot.modules[10].points[4],snapshot.modules[10].points[5],snapshot.modules[11].points[0],snapshot.modules[11].points[1],snapshot.modules[11].points[2],snapshot.modules[11].points[3],snapshot.modules[11].points[4],snapshot.modules[11].points[5],snapshot.modules[12].points[0],snapshot.modules[12].points[1],snapshot.modules[12].points[2],snapshot.modules[12].points[3],snapshot.modules[12].points[4],snapshot.modules[12].points[5],snapshot.modules[13].points[0],snapshot.modules[13].points[1],snapshot.modules[13].points[2],snapshot.modules[13].points[3],snapshot.modules[13].points[4],snapshot.modules[13].points[5],snapshot.modules[14].points[0],snapshot.modules[14].points[1],snapshot.modules[14].points[2],snapshot.modules[14].points[3],snapshot.modules[14].points[4],snapshot.modules[14].points[5],snapshot.modules[15].points[0],snapshot.modules[15].points[1],snapshot.modules[15].points[2],snapshot.modules[15].points[3],snapshot.modules[15].points[4],snapshot.modules[15].points[5],snapshot.modules[16].points[0],snapshot.modules[16].points[1],snapshot.modules[16].points[2],snapshot.modules[16].points[3],snapshot.modules[16].points[4],snapshot.modules[16].points[5],snapshot.modules[17].points[0],snapshot.modules[17].points[1],snapshot.modules[17].points[2],snapshot.modules[17].points[3],snapshot.modules[17].points[4],snapshot.modules[17].points[5],snapshot.modules[18].points[0],snapshot.modules[18].points[1],snapshot.modules[18].points[2],snapshot.modules[18].points[3],snapshot.modules[18].points[4],snapshot.modules[18].points[5],snapshot.modules[19].points[0],snapshot.modules[19].points[1],snapshot.modules[19].points[2],snapshot.modules[19].points[3],snapshot.modules[19].points[4],snapshot.modules[19].points[5],snapshot.modules[20].points[0],snapshot.modules[20].points[1],snapshot.modules[20].points[2],snapshot.modules[20].points[3],snapshot.modules[20].points[4],snapshot.modules[20].points[5],snapshot.modules[0].points[6],snapshot.modules[1].points[6],snapshot.modules[2].points[6],snapshot.modules[2].points[7],snapshot.modules[3].points[6],snapshot.modules[3].points[7],snapshot.modules[4].points[6],snapshot.modules[4].points[7],snapshot.modules[5].points[6],snapshot.modules[5].points[7],snapshot.modules[6].points[6],snapshot.modules[6].points[7],snapshot.modules[7].points[6],snapshot.modules[7].points[7],snapshot.modules[8].points[6],snapshot.modules[8].points[7],snapshot.modules[9].points[6],snapshot.modules[9].points[7],snapshot.modules[10].points[6],snapshot.modules[10].points[7],snapshot.modules[11].points[6],snapshot.modules[11].points[7],snapshot.modules[20].points[6],snapshot.outcomes[0],snapshot.outcomes[1],snapshot.outcomes[2],snapshot.gains[0],snapshot.gains[1],snapshot.gains[2],snapshot.gains[3],snapshot.gains[4],snapshot.gains[5],snapshot.gains[6],snapshot.gains[7],snapshot.gains[8],snapshot.gains[9],snapshot.gains[10],snapshot.gains[11],snapshot.gains[12],snapshot.gains[13],snapshot.gains[14],snapshot.gains[15],snapshot.gains[16],snapshot.gains[17],snapshot.gains[18],snapshot.gains[19],snapshot.skills[0],snapshot.skills[1],snapshot.skills[2],snapshot.skills[3],snapshot.skills[4],snapshot.softSkills[0],snapshot.softSkills[1],snapshot.softSkills[2],snapshot.softSkills[3],snapshot.softSkills[4],snapshot.softSkills[5],snapshot.internship[0],snapshot.internship[1],snapshot.internship[2],snapshot.internship[3],snapshot.internship[4],snapshot.internship[5],snapshot.fee.label,snapshot.fee.amount,snapshot.fee.note,snapshot.company,snapshot.location,snapshot.workMode,snapshot.employmentType,snapshot.experienceLevel,snapshot.salaryRange,snapshot.applicationUrl,snapshot.applicationEmail,snapshot.source,snapshot.postedDate,snapshot.deadline,snapshot.tag,snapshot.tags[0],snapshot.author,snapshot.date,snapshot.readTime,snapshot.excerpt,snapshot.sections[0].heading,snapshot.sections[0].body[0],snapshot.question,snapshot.answer,snapshot.relatedEntityType,snapshot.relatedEntityId,snapshot.gallery[0].media,snapshot.gallery[0].url,snapshot.gallery[0].fileId,snapshot.gallery[0].thumbnailUrl,snapshot.gallery[0].alt,snapshot.gallery[0].caption,snapshot.gallery[0].width,snapshot.gallery[0].height,snapshot.showOnAlumniPage,snapshot.cta.label,snapshot.cta.url,snapshot.mentorship[0],snapshot.mentorship[1],snapshot.discipline,snapshot.role,snapshot.designation,snapshot.bio,snapshot.shortBio,snapshot.education,snapshot.experience,snapshot.specialization,snapshot.photo.media,snapshot.photo.url,snapshot.photo.fileId,snapshot.photo.thumbnailUrl,snapshot.photo.alt,snapshot.photo.caption,snapshot.photo.width,snapshot.photo.height,snapshot.coverImage.media,snapshot.coverImage.url,snapshot.coverImage.fileId,snapshot.coverImage.thumbnailUrl,snapshot.coverImage.alt,snapshot.coverImage.caption,snapshot.coverImage.width,snapshot.coverImage.height,snapshot.socialLinks.linkedin,snapshot.socialLinks.twitter,snapshot.socialLinks.github,snapshot.socialLinks.website,snapshot.rejectedReason,snapshot.sourceJobId,snapshot.fetchedAt,snapshot.dedupeKey,snapshot.achievements[0],snapshot.achievements[1],snapshot.achievements[2],snapshot.achievements[3],snapshot.achievements[4],snapshot.expertise[0],snapshot.expertise[1],snapshot.expertise[2],snapshot.expertise[3],snapshot.expertise[4],snapshot.expertise[5],snapshot.expertise[6],snapshot.expertise[7]
6a60a5bcd5bd876677e43319,alumni,6a60a5a1d5bd876677e432f8,1,6a60a5a1d5bd876677e432f8,hello,,,,,,,,,,,,,,,,hello,published,2026-07-22T11:12:33.298Z,,false,0,,,6a60a17c20a2dec57e15dec5,6a60a17c20a2dec57e15dec5,1,,,,,,,,,,,,,,,,,,,,,false,2026-07-22T11:12:33.132Z,2026-07-22T11:12:33.300Z,true,6a60a5a1d5bd876677e432f8,6a60a17c20a2dec57e15dec5,,2026-07-22T11:13:00.724Z,0,,,,,,,,,,,,,,,,,,,,,,,,,,,,,,,,,,,,,,,,,,,,,,,,,,,,,,,,,,,,,,,,,,,,,,,,,,,,,,,,,,,,,,,,,,,,,,,,,,,,,,,,,,,,,,,,,,,,,,,,,,,,,,,,,,,,,,,,,,,,,,,,,,,,,,,,,,,,,,,,,,,,,,,,,,,,,,,,,,,,,,,,,,,,,,,,,,,,,,,,,,,,,,,,,,,,,,,,,,,,,,,,,,,,,,,,,,,,,,,,,,,,,,,,,,,,,,,,,,,,,,,,,,,,,,,,,,,,,,,,,,,,,,,,,,,,,,,,,,,,,,,,,,,,,,,,,,,,,,,,,,,,,,,,,,,,,,,,,,,,,,,,,,,,,,,,,,,,,,,,,,,,,,,,,,,,,,,,,
6a60be046a93729e942be825,programs,6a60a554d5bd876677e432de,1,6a60a554d5bd876677e432de,,,,,,,,,,,,,,,,,ojonsdjnfsnad,draft,2026-07-22T11:11:16.942Z,,false,0,,,6a60a17c20a2dec57e15dec5,6a60a17c20a2dec57e15dec5,1,6a606f809d2ffd32c2f52953,https://ik.imagekit.io/ojoijfoinsdnfoodsnf/careerveda/press/daily_hunt-7e7b15e5.png,6a606f815c7cd75eb8f9f24a,https://ik.imagekit.io/ojoijfoinsdnfoodsnf/tr:n-ik_ml_thumbnail/careerveda/press/daily_hunt-7e7b15e5.png,,,141,50,,,,,,,,,,,,,false,2026-07-22T11:11:16.773Z,2026-07-22T11:11:16.943Z,false,6a60a554d5bd876677e432de,6a60a17c20a2dec57e15dec5,,2026-07-22T12:56:36.703Z,0,hello world,soadjfnsadlfas,,fasjdoifjsd,kjsadfjskdkfkjfsndj,fsdnfnksndlfn,sdagasdg,,,,,6a606a30ee5ababd488de2a6,https://ik.imagekit.io/ojoijfoinsdnfoodsnf/careerveda/alumni/Achiever7-4f504cd7.jpg,6a606a305c7cd75eb8b7f590,https://ik.imagekit.io/ojoijfoinsdnfoodsnf/tr:n-ik_ml_thumbnail/careerveda/alumni/Achiever7-4f504cd7.jpg,,,1194,1600,fasdgasdga,,,,,,,,,,,,,,,,,,,,,,,,,,,,,,,,,,,,,,,,,,,,,,,,,,,,,,,,,,,,,,,,,,,,,,,,,,,,,,,,,,,,,,,,,,,,,,,,,,,,,,,,,,,,,,,,,,,,,,,,,,,,,,,,,,,,,,,,,,,,,,,,,,,,,,,,,,,,,,,,,,,,,,,,,,,,,,,,,,,,,,,,,,,,,,,,,,,,,,,,,,,,,,,,,,,,,,,,,,,,,,,,,,,,,,,,,,,,,,,,,,,,,,,,,,,,,,,,,,,,,,,,,,,,,,,,,,,,,,,,,,,,,,,,,,,,,,,,,,,,,,,,,,,,,,,,,,,,,,,,,,,,,,,,,,,,,,,,,,,,,,,,,,,,,,,,,,,,,
6a61a5eacbd14cd9faf96747,programs,6a6061e97bfcf05ac32c3e35,4,6a6061e97bfcf05ac32c3e35,,,,,,,,,,,,,,,,,backend-engineering,published,2026-07-22T06:23:37.469Z,,false,7,,,,,4,,,,,,,,,,,,,,,,,PG Program in Backend Development Engineering,"Master server-side development, databases, APIs, authentication, deployment workflows, and scalable backend architecture.",,,false,2026-07-22T06:23:37.473Z,2026-07-22T06:25:16.306Z,true,6a6061e97bfcf05ac32c3e35,6a60a17c20a2dec57e15dec5,,2026-07-23T05:26:02.724Z,0,PG Program in Backend Development Engineering,PG Program in Backend Development Engineering,,Become a Backend Development Engineer,Engineering,"Master server-side development, databases, APIs, authentication, deployment workflows, and scalable backend architecture.","Master server-side engineering — REST APIs, databases, authentication, deployment and scalable architecture — on production-style projects that stand up in a developer portfolio.",6 Months,Engineering Mentor,Live Online,"Freshers, Graduates, Experienced",,,,,,,,,"Node.js, Express APIs, databases, authentication and deployment",Backend architecture with clean routing and secure data handling,Production-style projects for developer portfolios,,"A comprehensive curriculum designed by industry experts combining JavaScript, Node.js, Express, SQL and NoSQL databases, authentication, testing, Docker and cloud deployment. Master API design, system architecture and production readiness with hands-on projects.","This PG Program in Backend Development Engineering equips you with API design, database, authentication, testing and deployment skills through production-style projects and expert guidance.","10,000+",30+,"₹1,70,000",,"3, 6, 9 & 12 months (No Cost EMIs)",7-Day Money Back Guarantee,"July 18, 2026",Few seats left,,Industry-Aligned,Enrolling Now,100% Placement Assurance,,JavaScript backend foundations and REST API design,"Database modeling, authentication and authorization","Deployment, environment variables and production readiness",1,2,3,4,5,6,7,8,9,10,11,12,13,14,15,16,17,18,19,20,21,Introduction to Backend Engineering,JavaScript & TypeScript Foundations,Node.js Fundamentals,Building APIs with Express,REST API Design,SQL Databases,NoSQL & MongoDB,ORMs & Data Access Layers,Authentication & Authorization,API Security,Testing Backend Systems,Caching & Performance,Asynchronous Processing & Queues,Real-Time Backends,Microservices & System Architecture,Docker & Containerisation,Cloud Deployment & DevOps,Observability & Production Operations,Scalability & System Design,Backend Engineering Capstone Project,Engineering Career Readiness & Interview Prep,,,,,,,,,,,,,,,,,,,,,,What backend engineers own in a product,Client-server architecture explained,How a request travels end to end,Backend languages and runtimes compared,Career paths in backend and platform teams,Industry trends and outlook,Modern JavaScript syntax and semantics,"Closures, scope and the event loop","Promises, async/await and error handling",Modules and package management with npm,"TypeScript types, interfaces and generics",Language foundations exercise set,The Node runtime and event loop in practice,"Core modules: fs, path, http, events",Streams and buffers,Environment configuration and secrets,Debugging and profiling Node applications,First Node service build,"Routing, controllers and middleware",Request parsing and response shaping,Centralised error handling,Project structure that scales,Logging and request tracing,REST API build project,Resource modeling and URL design,HTTP methods and status codes used correctly,"Pagination, filtering and sorting",Versioning strategies,OpenAPI documentation,API design review exercise,Relational modeling and normalisation,PostgreSQL setup and core SQL,"Joins, aggregations and subqueries",Indexes and query performance,Transactions and ACID guarantees,Relational database project,Document databases versus relational,MongoDB schema design patterns,CRUD operations and the aggregation pipeline,Indexing in MongoDB,Embedding versus referencing,MongoDB-backed service project,ORM concepts and trade-offs,"Prisma, Sequelize and Mongoose in practice",Migrations and schema evolution,Repository pattern and data access separation,Seeding and test data management,Data layer refactor exercise,Password hashing done properly,Session-based versus token-based auth,"JWT issuance, refresh and revocation",OAuth 2.0 and third-party login,Role and permission based access control,Complete auth system project,The OWASP API Security Top 10,Input validation and injection prevention,Rate limiting and abuse protection,"CORS, CSRF and secure headers",Secrets management and key rotation,API hardening lab,Unit testing with Jest,Integration testing against a real database,API contract testing with Supertest,"Mocking, stubbing and fixtures","Coverage, flakiness and test discipline",Test suite build project,Where latency actually comes from,Redis fundamentals and data types,Cache strategies and invalidation,Database query optimisation,Load testing and benchmarking,Performance tuning exercise,When to move work out of the request path,Message queues and job workers,BullMQ and RabbitMQ concepts,"Retries, dead letter queues and idempotency",Scheduled and recurring jobs,Background processing project,WebSockets versus polling,Socket.IO event architecture,Server-sent events and streaming,Scaling real-time connections,"Presence, rooms and broadcast patterns",Real-time feature project,Monolith versus microservices trade-offs,Service boundaries and communication,API gateways and service discovery,Event-driven architecture basics,Distributed system failure modes,Architecture design exercise,"Images, containers and layers",Writing an efficient Dockerfile,Docker Compose for local environments,Container networking and volumes,Container security basics,Containerised application project,"Deploying to AWS, Render or Railway",Environment configuration across stages,CI/CD pipelines with GitHub Actions,Zero-downtime deploys and rollbacks,Infrastructure basics for backend engineers,Full deployment pipeline project,Structured logging that helps at 3am,"Metrics, dashboards and alerting",Distributed tracing fundamentals,Health checks and graceful shutdown,Incident response for backend services,Observability instrumentation lab,Horizontal versus vertical scaling,Load balancing strategies,Database replication and sharding,"Consistency, availability and partition trade-offs",Designing systems at interview whiteboard level,System design case study,End-to-end production-style backend build,"Requirements, data model and API contract",Implementation with tests and security,Containerised deployment to the cloud,Documentation and architecture write-up,Portfolio packaging of the capstone,Developer resume creation and optimization,Data structures and algorithms preparation,System design interview training,Behavioral interview training,GitHub and LinkedIn portfolio for engineers,1 year Placement Support for Top Fellows,,,,,,,,,,,,,,,,,,,,,,,,Backend API project portfolio,Interview preparation for backend developer roles,Confidence with real deployment and database workflows,REST & API Design Mastery,Node.js & Express Development,SQL & NoSQL Database Modeling,Authentication & Authorization,Docker & Cloud Deployment,200+ Hrs Engineering-Focused Content,300+ Hrs Live Coding Sessions,Working Backend Engineers as Mentors,Backend Engineering Job Placement Support,Round-the-Clock Assistance,Backend Engineering Curriculum Track,Skill Evaluation Tests,Learning Performance Analytics Dashboard,Professional Community Access,Self-Paced Learning Options,Global Alumni Community,Mock Interview Training,Backend Engineering Certificates,Advanced LMS Platform,Live System Design Case Studies,Node.js,Express,MongoDB,SQL,Auth,Technical Documentation & API Communication,Code Review & Constructive Feedback,Debugging & Systematic Problem Solving,Cross-Functional Collaboration with Product & Frontend,Ownership & On-Call Responsibility,Professional Networking & Relationship Building,Real-world Backend Engineering Projects,Production-Style API Development,Database Design & Optimisation Work,Code Review & Pull Request Workflows,Deployment & Release Participation,Industry Mentorship by Working Backend Engineers,Program Investment,"₹1,70,000",Including GST,,,,,,,,,,,,,,,,,,,,,,,,,,,,,,,,,,,,,,,,,,,,,,,,,,,,,,,,,,,,,,,,,,,,,,,,,,,,,,,,,
6a61ab867e0d859fc489d18b,jobs,6a6061ee7bfcf05ac32c3f2e,4,6a6061ee7bfcf05ac32c3f2e,,,,,,,,,,,,,,,,,software-development-engineer-productlabs-india,published,2026-07-22T06:23:42.384Z,,false,20,,,,,4,,,,,,,,,,,,,,,,,,,,,false,2026-07-22T06:23:42.385Z,2026-07-22T06:25:23.575Z,true,6a6061ee7bfcf05ac32c3f2e,6a60a17c20a2dec57e15dec5,,2026-07-23T05:49:58.459Z,0,Software Development Engineer,,,,,Build and maintain backend services for a high-scale SaaS product.,,,,,,,,,,,,,,,,,,,,,,,,,,,,,,,,,,,,,,,,,,,,,,,,,,,,,,,,,,,,,,,,,,,,,,,,,,,,,,,,,,,,,,,,,,,,,,,,,,,,,,,,,,,,,,,,,,,,,,,,,,,,,,,,,,,,,,,,,,,,,,,,,,,,,,,,,,,,,,,,,,,,,,,,,,,,,,,,,,,,,,,,,,,,,,,,,,,,,,,,,,,,,,,,,,,,,,,,,,,,,,,,,,,,,,,,,,,,,,,,,,,,,,,,,,,,,,,,,,,,,,,,,,,,,,,Java,Spring Boot,SQL,,,,,,,,,,,,,,,,,,ProductLabs India,"Pune, Maharashtra",On-site,Full-time,0–2 years,₹5–9 LPA,https://www.linkedin.com/jobs/search/?keywords=Software+Development+Engineer&location=Pune%2C+Maharashtra,,LinkedIn Jobs,2026-06-23T00:00:00.000Z,,,,,,,,,,,,,,,,,,,,,,,,,,,,,,,,,,,,,,,,,,,,,,,,,,,,,,,,,,,,,,,,,,,,,,,
6a61b31a67f2fe69258af5db,blogs,6a61b30567f2fe69258af5bd,1,6a61b30567f2fe69258af5bd,,,,,,,,,,,,,,,,,hello-world,published,2026-07-23T06:22:00.916Z,,false,6,,,6a60a17c20a2dec57e15dec5,6a60a17c20a2dec57e15dec5,1,,,,,,,,,,,,,,,,,,,,,false,2026-07-23T06:21:57.720Z,2026-07-23T06:22:00.918Z,true,6a61b30567f2fe69258af5bd,6a60a17c20a2dec57e15dec5,,2026-07-23T06:22:18.520Z,0,hello world,,,,data science,,,,,,,,,,,,,,,,,,,,,,,,,,,,,,,,,,,,,,,,,,,,,,,,,,,,,,,,,,,,,,,,,,,,,,,,,,,,,,,,,,,,,,,,,,,,,,,,,,,,,,,,,,,,,,,,,,,,,,,,,,,,,,,,,,,,,,,,,,,,,,,,,,,,,,,,,,,,,,,,,,,,,,,,,,,,,,,,,,,,,,,,,,,,,,,,,,,,,,,,,,,,,,,,,,,,,,,,,,,,,,,,,,,,,,,,,,,,,,,,,,,,,,,,,,,,,,,,,,,,,,,,,,,,,,,,,,,,,,,,,,,,,,,,,,,,,,,,,,,,,,,hello world,jsnajdnfjnsadjnf,CareerVeda Team,9,4,ofsandjfnjasndf,jnsandfnsandf,fjoiasdjifojdosjf,,,,,,,,,,,,,,,,,,,,,,,,,,,,,,,,,,,,,,,,,,,,,,,,,,,,,,,,,,,,,,
6a61b34667f2fe69258af5f8,blogs,6a61b30567f2fe69258af5bd,2,6a61b30567f2fe69258af5bd,,,,,,,,,,,,,,,,,hello-world,published,2026-07-23T06:22:00.916Z,,false,6,,,6a60a17c20a2dec57e15dec5,6a60a17c20a2dec57e15dec5,2,6a61aa14cbd14cd9faf96897,https://ik.imagekit.io/ojoijfoinsdnfoodsnf/careerveda/Screenshot-2025-04-27-090414-7604684f.png,6a61aa145c7cd75eb8c73e38,https://ik.imagekit.io/ojoijfoinsdnfoodsnf/tr:n-ik_ml_thumbnail/careerveda/Screenshot-2025-04-27-090414-7604684f.png,,,1919,1079,,,,,,,,,,,,,false,2026-07-23T06:21:57.720Z,2026-07-23T06:22:18.604Z,true,6a61b30567f2fe69258af5bd,6a60a17c20a2dec57e15dec5,,2026-07-23T06:23:02.412Z,0,hello world,,,,data science,,,,,,,,,,,,,,,,,,,,,,,,,,,,,,,,,,,,,,,,,,,,,,,,,,,,,,,,,,,,,,,,,,,,,,,,,,,,,,,,,,,,,,,,,,,,,,,,,,,,,,,,,,,,,,,,,,,,,,,,,,,,,,,,,,,,,,,,,,,,,,,,,,,,,,,,,,,,,,,,,,,,,,,,,,,,,,,,,,,,,,,,,,,,,,,,,,,,,,,,,,,,,,,,,,,,,,,,,,,,,,,,,,,,,,,,,,,,,,,,,,,,,,,,,,,,,,,,,,,,,,,,,,,,,,,,,,,,,,,,,,,,,,,,,,,,,,,,,,,,,,,hello world,jsnajdnfjnsadjnf,CareerVeda Team,9,4,ofsandjfnjasndf,jnsandfnsandf,fjoiasdjifojdosjf,,,,,,,,,,,,,,,,,,,,,,,,,,,,,,,,,,,,,,,,,,,,,,,,,,,,,,,,,,,,,,
6a61c72cf61896cd231ecff6,faqs,6a61c4da45ff7f5a1ade2c7a,1,6a61c4da45ff7f5a1ade2c7a,,,,,,,,,,,,,,,,,what-is-java,published,2026-07-23T07:38:23.509Z,,false,9,,,6a60a17c20a2dec57e15dec5,6a60a17c20a2dec57e15dec5,1,,,,,,,,,,,,,,,,,,,,,false,2026-07-23T07:38:03.002Z,2026-07-23T07:38:23.524Z,true,6a61c4da45ff7f5a1ade2c7a,6a60a17c20a2dec57e15dec5,,2026-07-23T07:47:56.673Z,0,,,,,General,,,,,,,,,,,,,,,,,,,,,,,,,,,,,,,,,,,,,,,,,,,,,,,,,,,,,,,,,,,,,,,,,,,,,,,,,,,,,,,,,,,,,,,,,,,,,,,,,,,,,,,,,,,,,,,,,,,,,,,,,,,,,,,,,,,,,,,,,,,,,,,,,,,,,,,,,,,,,,,,,,,,,,,,,,,,,,,,,,,,,,,,,,,,,,,,,,,,,,,,,,,,,,,,,,,,,,,,,,,,,,,,,,,,,,,,,,,,,,,,,,,,,,,,,,,,,,,,,,,,,,,,,,,,,,,,,,,,,,,,,,,,,,,,,,,,,,,,,,,,,,,,,,,,,,,what is java,java is a tool,,,,,,,,,,,,,,,,,,,,,,,,,,,,,,,,,,,,,,,,,,,,,,,,,,,,,,,,,,,,
6a61c8cbf61896cd231ed0ee,programs,6a61c7e0f61896cd231ed06e,1,6a61c7e0f61896cd231ed06e,,,,,,,,,,,,,,,,,hiudjknsdfnsa,published,2026-07-23T07:50:59.660Z,,false,0,,,6a60a17c20a2dec57e15dec5,6a60a17c20a2dec57e15dec5,1,6a606f789d2ffd32c2f52943,https://ik.imagekit.io/ojoijfoinsdnfoodsnf/careerveda/press/tptc-9571c98a.png,6a606f785c7cd75eb8f98c58,https://ik.imagekit.io/ojoijfoinsdnfoodsnf/tr:n-ik_ml_thumbnail/careerveda/press/tptc-9571c98a.png,,,300,150,,,,,,,,,,,,,false,2026-07-23T07:50:56.817Z,2026-07-23T07:50:59.698Z,true,6a61c7e0f61896cd231ed06e,6a60a17c20a2dec57e15dec5,,2026-07-23T07:54:51.403Z,0,hiudjknsdfnsa,,,dsnfjsdnnfsda,nfjsdnknfsda,safgasdfasdg,,6 Months,agdsasdgas,Live Online,"Freshers, Graduates, Experienced",6a61aa14cbd14cd9faf96897,https://ik.imagekit.io/ojoijfoinsdnfoodsnf/careerveda/Screenshot-2025-04-27-090414-7604684f.png,6a61aa145c7cd75eb8c73e38,https://ik.imagekit.io/ojoijfoinsdnfoodsnf/tr:n-ik_ml_thumbnail/careerveda/Screenshot-2025-04-27-090414-7604684f.png,,,1919,1079,gasdfsdgasd,,,,,,"10,000+",30+,,,"3, 6, 9 & 12 months (No Cost EMIs) · Zero hidden charges",7-Day Money Back Guarantee,,Few seats left,,Industry-Aligned,Enrolling Now,100% Placement Assurance,,adfasdgasdf,,,,,,,,,,,,,,,,,,,,,,,,,,,,,,,,,,,,,,,,,,,,,,,,,,,,,,,,,,,,,,,,,,,,,,,,,,,,,,,,,,,,,,,,,,,,,,,,,,,,,,,,,,,,,,,,,,,,,,,,,,,,,,,,,,,,,,,,,,,,,,,,,,,,,,,,,,,,,,,,,,,,,,,,,,,,,,,,,,,,,,,,,,,,,,,,,,,,,,,,,,,,,,,,,,,,,,,gasdfasdgasd,,,,,,,,,,,,,,,,,,,,,,,,,,,,,,,,,,,,,,,,,,,,,,,,,,,,,,,,,,,,,,,,,,6a606f7d9d2ffd32c2f5294b,https://ik.imagekit.io/ojoijfoinsdnfoodsnf/careerveda/press/influencive_india-47c660cf.png,6a606f7d5c7cd75eb8f9c59b,https://ik.imagekit.io/ojoijfoinsdnfoodsnf/tr:n-ik_ml_thumbnail/careerveda/press/influencive_india-47c660cf.png,,,2274,1758,,,,,,,,,,,,,,,,,,,,,,,,,,,,,,,,,,,,,,,,,,,,,,,,,,
6a61c9fbf61896cd231ed1b9,programs,6a61c9e6f61896cd231ed1a1,1,6a61c9e6f61896cd231ed1a1,,,,,,,,,,,,,,,,,agasdfasdg,published,2026-07-23T07:59:34.738Z,,false,0,,,6a60a17c20a2dec57e15dec5,6a60a17c20a2dec57e15dec5,1,6a606f809d2ffd32c2f52953,https://ik.imagekit.io/ojoijfoinsdnfoodsnf/careerveda/press/daily_hunt-7e7b15e5.png,6a606f815c7cd75eb8f9f24a,https://ik.imagekit.io/ojoijfoinsdnfoodsnf/tr:n-ik_ml_thumbnail/careerveda/press/daily_hunt-7e7b15e5.png,,,141,50,,,,,,,,,,,,,false,2026-07-23T07:59:34.256Z,2026-07-23T07:59:34.742Z,true,6a61c9e6f61896cd231ed1a1,6a60a17c20a2dec57e15dec5,,2026-07-23T07:59:55.238Z,0,agasdfasdg,,,afsdgawer,afadsgaws,afasdgasdf,,6 Months,agaewfds,Live Online,"Freshers, Graduates, Experienced",,,,,,,,,agwadf,,,,,,"10,000+",30+,,,"3, 6, 9 & 12 months (No Cost EMIs) · Zero hidden charges",7-Day Money Back Guarantee,,Few seats left,,Industry-Aligned,Enrolling Now,100% Placement Assurance,,arsdfsd,,,,,,,,,,,,,,,,,,,,,,,,,,,,,,,,,,,,,,,,,,,,,,,,,,,,,,,,,,,,,,,,,,,,,,,,,,,,,,,,,,,,,,,,,,,,,,,,,,,,,,,,,,,,,,,,,,,,,,,,,,,,,,,,,,,,,,,,,,,,,,,,,,,,,,,,,,,,,,,,,,,,,,,,,,,,,,,,,,,,,,,,,,,,,,,,,,,,,,,,,,,,,,,,,,,,,,,asgasdf,,,,,,,,,,,,,,,,,,,,,,,,,,,,Stakeholder Communication,Executive Presentations & Storytelling,Influence Without Authority,Decision-Making Under Uncertainty,Cross-Functional Team Leadership,Conflict Resolution,Real-world Product Management Projects,Product Roadmap Development,User Research & PRD Writing,Feature Launch & A/B Testing,Product Analytics & Metrics Tracking,Industry Mentorship by Senior PMs,,,,,,,,,,,,,,,,,,,,,,,,,,,,,,,,,,,,,,,,,,,,,,,,,,,,,,,,,,,,,,,,,,,,,,,,,,,,,,,,,,,,
6a61cef9f61896cd231ed438,alumni,6a6061e97bfcf05ac32c3e52,4,6a6061e97bfcf05ac32c3e52,Syed Arif,,Product Manager at Razorpay,,,,,,,,118% Hike,Built strategic product thinking and secured a high-growth fintech product role.,Built strategic product thinking and secured a high-growth fintech product role.,,#2563eb,#4338ca,syed-arif,published,2026-07-22T06:23:37.953Z,,true,2,,,,,4,6a606a15ee5ababd488de260,https://ik.imagekit.io/ojoijfoinsdnfoodsnf/careerveda/alumni/SYED-ARIF-b2eea077.jpg,6a606a155c7cd75eb8b77b2e,https://ik.imagekit.io/ojoijfoinsdnfoodsnf/tr:n-ik_ml_thumbnail/careerveda/alumni/SYED-ARIF-b2eea077.jpg,Syed Arif,,1600,1064,,,,,,,,,Syed Arif,Built strategic product thinking and secured a high-growth fintech product role.,,,false,2026-07-22T06:23:37.954Z,2026-07-22T06:58:29.970Z,true,6a6061e97bfcf05ac32c3e52,6a60a17c20a2dec57e15dec5,,2026-07-23T08:21:13.046Z,0,,,,,,,,,,,,,,,,,,,,,,,,,,,,,,,,,,,,,,,,,,,,,,,,,,,,,,,,,,,,,,,,,,,,,,,,,,,,,,,,,,,,,,,,,,,,,,,,,,,,,,,,,,,,,,,,,,,,,,,,,,,,,,,,,,,,,,,,,,,,,,,,,,,,,,,,,,,,,,,,,,,,,,,,,,,,,,,,,,,,,,,,,,,,,,,,,,,,,,,,,,,,,,,,,,,,,,,,,,,,,,,,,,,,,,,,,,,,,,,,,,,,,,,,,,,,,,,,,,,,,,,,,,,,,,,,,,,,,,,,,,,,,,,,,,,,,,,,,,,,,,,,,,,,,,,,,,,,,,,,,,,,,,,,true,,,,,,,,,,,,,,,,,,,,,,,,,,,,,,,,,,,,,,,,,,,,,,,,,
6a61cf12f61896cd231ed464,alumni,6a6061e97bfcf05ac32c3e52,5,6a6061e97bfcf05ac32c3e52,Syed Arif,,Product Manager at Razorpay,,,,,,,,118% Hike,"Syed Arif successfully transitioned into a Product Manager role at Razorpay with an outstanding 118% salary hike, demonstrating exceptional professional growth and career advancement. Through continuous learning, strategic product thinking, and strong problem-solving abilities, he enhanced his expertise in product management and secured an exciting opportunity with one of India's leading fintech companies. His journey reflects dedication,innovation, and the ability to achieve remarkable career transformation.",Built strategic product thinking and secured a high-growth fintech product role.,,#2563eb,#4338ca,syed-arif,draft,2026-07-22T06:23:37.953Z,,true,2,,,,6a60a17c20a2dec57e15dec5,5,6a606a15ee5ababd488de260,https://ik.imagekit.io/ojoijfoinsdnfoodsnf/careerveda/alumni/SYED-ARIF-b2eea077.jpg,6a606a155c7cd75eb8b77b2e,https://ik.imagekit.io/ojoijfoinsdnfoodsnf/tr:n-ik_ml_thumbnail/careerveda/alumni/SYED-ARIF-b2eea077.jpg,Syed Arif,,1600,1064,,,,,,,,,Syed Arif,Built strategic product thinking and secured a high-growth fintech product role.,,,false,2026-07-22T06:23:37.954Z,2026-07-23T08:21:34.586Z,false,6a6061e97bfcf05ac32c3e52,6a60a17c20a2dec57e15dec5,,2026-07-23T08:21:38.657Z,0,,,,,,,,,,,,,,,,,,,,,,,,,,,,,,,,,,,,,,,,,,,,,,,,,,,,,,,,,,,,,,,,,,,,,,,,,,,,,,,,,,,,,,,,,,,,,,,,,,,,,,,,,,,,,,,,,,,,,,,,,,,,,,,,,,,,,,,,,,,,,,,,,,,,,,,,,,,,,,,,,,,,,,,,,,,,,,,,,,,,,,,,,,,,,,,,,,,,,,,,,,,,,,,,,,,,,,,,,,,,,,,,,,,,,,,,,,,,,,,,,,,,,,,,,,,,,,,,,,,,,,,,,,,,,,,,,,,,,,,,,,,,,,,,,,,,,,,,,,,,,,,,,,,,,,,,,,,,,,,,,,,,,,,,true,,,,,,,,,,,,,,,,,,,,,,,,,,,,,,,,,,,,,,,,,,,,,,,,,
6a61cf33f61896cd231ed48c,alumni,6a6061e97bfcf05ac32c3e52,6,6a6061e97bfcf05ac32c3e52,Syed Arif,,Product Manager at Razorpay,,,,,,,,118% Hike,"Syed Arif successfully transitioned into a Product Manager role at Razorpay with an outstanding 118% salary hike, demonstrating exceptional professional growth and career advancement. Through continuous learning, strategic product thinking, and strong problem-solving abilities, he enhanced his expertise in product management and secured an exciting opportunity with one of India's leading fintech companies. His journey reflects dedication,innovation, and the ability to achieve remarkable career transformation.",Built strategic product thinking and secured a high-growth fintech product role.,,#2563eb,#4338ca,syed-arif,published,2026-07-22T06:23:37.953Z,,true,2,,,,6a60a17c20a2dec57e15dec5,6,6a606a15ee5ababd488de260,https://ik.imagekit.io/ojoijfoinsdnfoodsnf/careerveda/alumni/SYED-ARIF-b2eea077.jpg,6a606a155c7cd75eb8b77b2e,https://ik.imagekit.io/ojoijfoinsdnfoodsnf/tr:n-ik_ml_thumbnail/careerveda/alumni/SYED-ARIF-b2eea077.jpg,Syed Arif,,1600,1064,,,,,,,,,Syed Arif,Built strategic product thinking and secured a high-growth fintech product role.,,,false,2026-07-22T06:23:37.954Z,2026-07-23T08:21:42.305Z,true,6a6061e97bfcf05ac32c3e52,6a60a17c20a2dec57e15dec5,,2026-07-23T08:22:11.602Z,0,,,,,,,,,,,,,,,,,,,,,,,,,,,,,,,,,,,,,,,,,,,,,,,,,,,,,,,,,,,,,,,,,,,,,,,,,,,,,,,,,,,,,,,,,,,,,,,,,,,,,,,,,,,,,,,,,,,,,,,,,,,,,,,,,,,,,,,,,,,,,,,,,,,,,,,,,,,,,,,,,,,,,,,,,,,,,,,,,,,,,,,,,,,,,,,,,,,,,,,,,,,,,,,,,,,,,,,,,,,,,,,,,,,,,,,,,,,,,,,,,,,,,,,,,,,,,,,,,,,,,,,,,,,,,,,,,,,,,,,,,,,,,,,,,,,,,,,,,,,,,,,,,,,,,,,,,,,,,,,,,,,,,,,,true,,,,,,,,,,,,,,,,,,,,,,,,,,,,,,,,,,,,,,,,,,,,,,,,,
6a61e07c70c3218d7facbdd9,blogs,6a61e06970c3218d7facbdc0,1,6a61e06970c3218d7facbdc0,,,,,,,,,,,,,,,,,kjnfkjnjnljsdnfosd,published,2026-07-23T09:35:38.052Z,,false,0,,,6a60a17c20a2dec57e15dec5,6a60a17c20a2dec57e15dec5,1,,,,,,,,,,,,,,,,,osndnfjsndf,ajnkfjdnksdnkfnfsda,,,false,2026-07-23T09:35:37.804Z,2026-07-23T09:35:38.055Z,true,6a61e06970c3218d7facbdc0,6a60a17c20a2dec57e15dec5,,2026-07-23T09:35:56.655Z,0,kjnfkjnjnljsdnfosd,,,,ndsajnjnfnjsdf,,,,,,,,,,,,,,,,,,,,,,,,,,,,,,,,,,,,,,,,,,,,,,,,,,,,,,,,,,,,,,,,,,,,,,,,,,,,,,,,,,,,,,,,,,,,,,,,,,,,,,,,,,,,,,,,,,,,,,,,,,,,,,,,,,,,,,,,,,,,,,,,,,,,,,,,,,,,,,,,,,,,,,,,,,,,,,,,,,,,,,,,,,,,,,,,,,,,,,,,,,,,,,,,,,,,,,,,,,,,,,,,,,,,,,,,,,,,,,,,,,,,,,,,,,,,,,,,,,,,,,,,,,,,,,,,,,,,,,,,,,,,,,,,,,,,,,,,,,,,,,,,,CareerVeda Team,,1 min read,nsdnkfnsdfn,osdnfnsdajf,jnsakjnfkjsdnkfnsd,,,,,,,,,,,,,,Explore CareerVeda programs,/programs,,,,,,,,,,,,,,,,,,,,,,,,,,,,,,,,,,,,,,,,,,,,,,,
6a61ff102d46ce7852f2083e,programs,6a61ff0d2d46ce7852f20836,1,6a61ff0d2d46ce7852f20836,,,,,,,,,,,,,,,,,careerveda,draft,,,false,0,,,6a60a17c20a2dec57e15dec5,6a60a17c20a2dec57e15dec5,1,,,,,,,,,,,,,,,,,,,,,false,2026-07-23T11:46:21.206Z,2026-07-23T11:46:21.206Z,false,6a61ff0d2d46ce7852f20836,6a60a17c20a2dec57e15dec5,,2026-07-23T11:46:24.946Z,0,careerveda,pg program in agentic ai,,gchgcghc,,,,6 Months,,Live Online,"Freshers, Graduates, Experienced",,,,,,,,,,,,,,,"10,000+",30+,,,"3, 6, 9 & 12 months (No Cost EMIs) · Zero hidden charges",7-Day Money Back Guarantee,,Few seats left,,Industry-Aligned,Enrolling Now,100% Placement Assurance,,,,,,,,,,,,,,,,,,,,,,,,,,,,,,,,,,,,,,,,,,,,,,,,,,,,,,,,,,,,,,,,,,,,,,,,,,,,,,,,,,,,,,,,,,,,,,,,,,,,,,,,,,,,,,,,,,,,,,,,,,,,,,,,,,,,,,,,,,,,,,,,,,,,,,,,,,,,,,,,,,,,,,,,,,,,,,,,,,,,,,,,,,,,,,,,,,,,,,,,,,,,,,,,,,,,,,,,,,,,100% Live Instructor-Led Classes,Expert Trainers from Top Technology Companies,Daily Live Doubt-Solving Sessions,Real Industry Projects,25+ Assignments & Industry Case Studies,Three Globally Recognised Certifications,"Dedicated Profile Building — Portfolio, Resume & LinkedIn",Lifetime Placement Assistance,LMS Access for 2 Years,Full Access to Recordings & Notes,Flexible Weekend Learning,Advance Learning Modules,Multiple Practice Quizzes,Tech for PM & Analytics for PM Tracks,PM Interview Mastery Framework,Mock Interview Labs with Expert Feedback,AI Product Case Practice,Dedicated Virtual Classroom & Student Support,10K+ Student & Alumni Community,Hiring Preparation Support,,,,,,Stakeholder Communication,Executive Presentations & Storytelling,Influence Without Authority,Decision-Making Under Uncertainty,Cross-Functional Team Leadership,Conflict Resolution,Real-world Product Management Projects,Product Roadmap Development,User Research & PRD Writing,Feature Launch & A/B Testing,Product Analytics & Metrics Tracking,Industry Mentorship by Senior PMs,,,,,,,,,,,,,,,,,,,,,,,,,,,,,,,,,,,,,,,,,,,,,,,,,,,,,,,,,,,,,,,,,,,,,,,,,,,,,,,,,,,,
6a62003c0e662532e1f9414d,programs,6a61ff0d2d46ce7852f20836,2,6a61ff0d2d46ce7852f20836,,,,,,,,,,,,,,,,,careerveda,draft,,,false,0,,,6a60a17c20a2dec57e15dec5,6a60a17c20a2dec57e15dec5,2,,,,,,,,,,,,,,,,,,,,,false,2026-07-23T11:46:21.206Z,2026-07-23T11:46:25.045Z,false,6a61ff0d2d46ce7852f20836,6a60a17c20a2dec57e15dec5,,2026-07-23T11:51:24.979Z,0,careerveda,pg program in agentic ai,,gchgcghc,,,,6 Months,,Live Online,"Freshers, Graduates, Experienced",,,,,,,,,,,,,,,"10,000+",30+,,,"3, 6, 9 & 12 months (No Cost EMIs) · Zero hidden charges",7-Day Money Back Guarantee,,Few seats left,,Industry-Aligned,Enrolling Now,100% Placement Assurance,,,,,,,,,,,,,,,,,,,,,,,,,,,,,,,,,,,,,,,,,,,,,,,,,,,,,,,,,,,,,,,,,,,,,,,,,,,,,,,,,,,,,,,,,,,,,,,,,,,,,,,,,,,,,,,,,,,,,,,,,,,,,,,,,,,,,,,,,,,,,,,,,,,,,,,,,,,,,,,,,,,,,,,,,,,,,,,,,,,,,,,,,,,,,,,,,,,,,,,,,,,,,,,,,,,,,,,,,,,,100% Live Instructor-Led Classes,Expert Trainers from Top Technology Companies,Daily Live Doubt-Solving Sessions,Real Industry Projects,25+ Assignments & Industry Case Studies,Three Globally Recognised Certifications,"Dedicated Profile Building — Portfolio, Resume & LinkedIn",Lifetime Placement Assistance,LMS Access for 2 Years,Full Access to Recordings & Notes,Flexible Weekend Learning,Advance Learning Modules,Multiple Practice Quizzes,Tech for PM & Analytics for PM Tracks,PM Interview Mastery Framework,Mock Interview Labs with Expert Feedback,AI Product Case Practice,Dedicated Virtual Classroom & Student Support,10K+ Student & Alumni Community,Hiring Preparation Support,,,,,,Stakeholder Communication,Executive Presentations & Storytelling,Influence Without Authority,Decision-Making Under Uncertainty,Cross-Functional Team Leadership,Conflict Resolution,Real-world Product Management Projects,Product Roadmap Development,User Research & PRD Writing,Feature Launch & A/B Testing,Product Analytics & Metrics Tracking,Industry Mentorship by Senior PMs,,,,,,,,,,,,,,,,,,,,,,,,,,,,,,,,,,,,,,,,,,,,,,,,,,,,,,,,,,,,,,,,,,,,,,,,,,,,,,,,,,,,
6a620061f4dc9babe07b9573,programs,6a61ff0d2d46ce7852f20836,2,6a61ff0d2d46ce7852f20836,,,,,,,,,,,,,,,,,careerveda,draft,,,false,0,,,6a60a17c20a2dec57e15dec5,6a60a17c20a2dec57e15dec5,2,,,,,,,,,,,,,,,,,,,,,false,2026-07-23T11:46:21.206Z,2026-07-23T11:46:25.045Z,false,6a61ff0d2d46ce7852f20836,6a60a17c20a2dec57e15dec5,,2026-07-23T11:52:01.980Z,0,careerveda,pg program in agentic ai,,gchgcghc,,,,6 Months,,Live Online,"Freshers, Graduates, Experienced",,,,,,,,,,,,,,,"10,000+",30+,,,"3, 6, 9 & 12 months (No Cost EMIs) · Zero hidden charges",7-Day Money Back Guarantee,,Few seats left,,Industry-Aligned,Enrolling Now,100% Placement Assurance,,,,,,,,,,,,,,,,,,,,,,,,,,,,,,,,,,,,,,,,,,,,,,,,,,,,,,,,,,,,,,,,,,,,,,,,,,,,,,,,,,,,,,,,,,,,,,,,,,,,,,,,,,,,,,,,,,,,,,,,,,,,,,,,,,,,,,,,,,,,,,,,,,,,,,,,,,,,,,,,,,,,,,,,,,,,,,,,,,,,,,,,,,,,,,,,,,,,,,,,,,,,,,,,,,,,,,,,,,,,100% Live Instructor-Led Classes,Expert Trainers from Top Technology Companies,Daily Live Doubt-Solving Sessions,Real Industry Projects,25+ Assignments & Industry Case Studies,Three Globally Recognised Certifications,"Dedicated Profile Building — Portfolio, Resume & LinkedIn",Lifetime Placement Assistance,LMS Access for 2 Years,Full Access to Recordings & Notes,Flexible Weekend Learning,Advance Learning Modules,Multiple Practice Quizzes,Tech for PM & Analytics for PM Tracks,PM Interview Mastery Framework,Mock Interview Labs with Expert Feedback,AI Product Case Practice,Dedicated Virtual Classroom & Student Support,10K+ Student & Alumni Community,Hiring Preparation Support,,,,,,Stakeholder Communication,Executive Presentations & Storytelling,Influence Without Authority,Decision-Making Under Uncertainty,Cross-Functional Team Leadership,Conflict Resolution,Real-world Product Management Projects,Product Roadmap Development,User Research & PRD Writing,Feature Launch & A/B Testing,Product Analytics & Metrics Tracking,Industry Mentorship by Senior PMs,,,,,,,,,,,,,,,,,,,,,,,,,,,,,,,,,,,,,,,,,,,,,,,,,,,,,,,,,,,,,,,,,,,,,,,,,,,,,,,,,,,,
6a620496eda5f99efe0c82da,programs,6a61ff0d2d46ce7852f20836,3,6a61ff0d2d46ce7852f20836,,,,,,,,,,,,,,,,,careerveda,draft,,,false,0,,,6a60a17c20a2dec57e15dec5,6a60a17c20a2dec57e15dec5,3,,,,,,,,,,,,,,,,,,,,,false,2026-07-23T11:46:21.206Z,2026-07-23T11:52:02.069Z,false,6a61ff0d2d46ce7852f20836,6a60a17c20a2dec57e15dec5,,2026-07-23T12:09:58.889Z,0,careerveda,pg program in agentic ai,,gchgcghc,hello world,bkjjndnnfsdf,,6 Months,,Live Online,"Freshers, Graduates, Experienced",,,,,,,,,,,,,,,"10,000+",30+,,,"3, 6, 9 & 12 months (No Cost EMIs) · Zero hidden charges",7-Day Money Back Guarantee,,Few seats left,,Industry-Aligned,Enrolling Now,100% Placement Assurance,,,,,,,,,,,,,,,,,,,,,,,,,,,,,,,,,,,,,,,,,,,,,,,,,,,,,,,,,,,,,,,,,,,,,,,,,,,,,,,,,,,,,,,,,,,,,,,,,,,,,,,,,,,,,,,,,,,,,,,,,,,,,,,,,,,,,,,,,,,,,,,,,,,,,,,,,,,,,,,,,,,,,,,,,,,,,,,,,,,,,,,,,,,,,,,,,,,,,,,,,,,,,,,,,,,,,,,,,,,,100% Live Instructor-Led Classes,Expert Trainers from Top Technology Companies,Daily Live Doubt-Solving Sessions,Real Industry Projects,25+ Assignments & Industry Case Studies,Three Globally Recognised Certifications,"Dedicated Profile Building — Portfolio, Resume & LinkedIn",Lifetime Placement Assistance,LMS Access for 2 Years,Full Access to Recordings & Notes,Flexible Weekend Learning,Advance Learning Modules,Multiple Practice Quizzes,Tech for PM & Analytics for PM Tracks,PM Interview Mastery Framework,Mock Interview Labs with Expert Feedback,AI Product Case Practice,Dedicated Virtual Classroom & Student Support,10K+ Student & Alumni Community,Hiring Preparation Support,,,,,,Stakeholder Communication,Executive Presentations & Storytelling,Influence Without Authority,Decision-Making Under Uncertainty,Cross-Functional Team Leadership,Conflict Resolution,Real-world Product Management Projects,Product Roadmap Development,User Research & PRD Writing,Feature Launch & A/B Testing,Product Analytics & Metrics Tracking,Industry Mentorship by Senior PMs,,,,,,,,,,,,,,,,,,,,,,,,,,,,,,,,,,,,,,,,,,,,,,,,,,,,,,,,,,,,,,,,,,,,,,,,,,,,,,,,,,,,
6a620e4de23806237e2e8838,programs,6a620e1de23806237e2e8819,1,6a620e1de23806237e2e8819,,,,,,,,,,,,,,,,,helllo-world,draft,,,false,0,,,6a60a17c20a2dec57e15dec5,6a60a17c20a2dec57e15dec5,1,6a61aa14cbd14cd9faf96897,https://ik.imagekit.io/ojoijfoinsdnfoodsnf/careerveda/Screenshot-2025-04-27-090414-7604684f.png,6a61aa145c7cd75eb8c73e38,https://ik.imagekit.io/ojoijfoinsdnfoodsnf/tr:n-ik_ml_thumbnail/careerveda/Screenshot-2025-04-27-090414-7604684f.png,,,1919,1079,,,,,,,,,,,,,false,2026-07-23T12:50:37.685Z,2026-07-23T12:50:37.685Z,false,6a620e1de23806237e2e8819,6a60a17c20a2dec57e15dec5,,2026-07-23T12:51:25.341Z,0,helllo world,,,ijsddaojfsdfjsda,jksdjfnjsdnaf,kjfnskdanfjskjadf,,6 Months,,Live Online,"Freshers, Graduates, Experienced",,,,,,,,,kartik sharma,,,,,,"10,000+",30+,,,"3, 6, 9 & 12 months (No Cost EMIs) · Zero hidden charges",7-Day Money Back Guarantee,,Few seats left,,Industry-Aligned,Enrolling Now,100% Placement Assurance,,,,,,,,,,,,,,,,,,,,,,,,,,,,,,,,,,,,,,,,,,,,,,,,,,,,,,,,,,,,,,,,,,,,,,,,,,,,,,,,,,,,,,,,,,,,,,,,,,,,,,,,,,,,,,,,,,,,,,,,,,,,,,,,,,,,,,,,,,,,,,,,,,,,,,,,,,,,,,,,,,,,,,,,,,,,,,,,,,,,,,,,,,,,,,,,,,,,,,,,,,,,,,,,,,,,,,,,,1000 percentage,10000,,100% Live Instructor-Led Classes,Expert Trainers from Top Technology Companies,Daily Live Doubt-Solving Sessions,Real Industry Projects,25+ Assignments & Industry Case Studies,Three Globally Recognised Certifications,"Dedicated Profile Building — Portfolio, Resume & LinkedIn",Lifetime Placement Assistance,LMS Access for 2 Years,Full Access to Recordings & Notes,Flexible Weekend Learning,Advance Learning Modules,Multiple Practice Quizzes,Tech for PM & Analytics for PM Tracks,PM Interview Mastery Framework,Mock Interview Labs with Expert Feedback,AI Product Case Practice,Dedicated Virtual Classroom & Student Support,10K+ Student & Alumni Community,Hiring Preparation Support,,,,,,Stakeholder Communication,Executive Presentations & Storytelling,Influence Without Authority,Decision-Making Under Uncertainty,Cross-Functional Team Leadership,Conflict Resolution,Real-world Product Management Projects,Product Roadmap Development,User Research & PRD Writing,Feature Launch & A/B Testing,Product Analytics & Metrics Tracking,Industry Mentorship by Senior PMs,,,,,,,,,,,,,,,,,,,,,,,,,,,,,,,,,,,,,,exper trainers,,,,,,,,,,,,,,,,,,,,,,,,,,,,,,,,,,,,,,,,,,,,,,
6a620e87e23806237e2e8886,faculty,6a620e76e23806237e2e886a,1,6a620e76e23806237e2e886a,jhfnjsadnkfksdaf,,,,,,,,,,,,,,,,jhfnjsadnkfksdaf,published,2026-07-23T12:52:09.340Z,,false,0,,,6a60a17c20a2dec57e15dec5,6a60a17c20a2dec57e15dec5,1,,,,,,,,,,,,,,,,,,,,,false,2026-07-23T12:52:06.509Z,2026-07-23T12:52:09.345Z,true,6a620e76e23806237e2e886a,6a60a17c20a2dec57e15dec5,,2026-07-23T12:52:23.381Z,0,,,,,,,,,,,,,,,,,,,,,,,,,,,,,,,,,,,,,,,,,,,,,,,,,,,,,,,,,,,,,,,,,,,,,,,,,,,,,,,,,,,,,,,,,,,,,,,,,,,,,,,,,,,,,,,,,,,,,,,,,,,,,,,,,,,,,,,,,,,,,,,,,,,,,,,,,,,,,,,,,,,,,,,,,,,,,,,,,,,,,,,,,,,,,,,,,,,,,,,,,,,,,,,,,,,,,,,,,,,,,,,,,,,,,,,,,,,,,,,,,,,,,,,,,,,,,,,,,,,,,,,,,,,,,,,,,,,,,,,,,,,,,,,,,,,,,,,,,,,,,,,,,,,,,,,,,,,,,,,,,,,,,,,,,,,,,kjnsakjdfnnsad,jnsddkajnfnsda,,,,,,,,,,,,,,,,,,,,,,,,,,,,,,,,,,,,,,,,,,,
6a620e9ae23806237e2e8896,faculty,6a620e76e23806237e2e886a,2,6a620e76e23806237e2e886a,jhfnjsadnkfksdaf,,,,,,,,,,,,,,,,jhfnjsadnkfksdaf,published,2026-07-23T12:52:09.340Z,,false,0,,,6a60a17c20a2dec57e15dec5,6a60a17c20a2dec57e15dec5,2,,,,,,,,,,,,,,,,,,,,,false,2026-07-23T12:52:06.509Z,2026-07-23T12:52:23.452Z,true,6a620e76e23806237e2e886a,6a60a17c20a2dec57e15dec5,,2026-07-23T12:52:42.449Z,0,,,,,,,,,,,,,,,,,,,,,,,,,,,,,,,,,,,,,,,,,,,,,,,,,,,,,,,,,,,,,,,,,,,,,,,,,,,,,,,,,,,,,,,,,,,,,,,,,,,,,,,,,,,,,,,,,,,,,,,,,,,,,,,,,,,,,,,,,,,,,,,,,,,,,,,,,,,,,,,,,,,,,,,,,,,,,,,,,,,,,,,,,,,,,,,,,,,,,,,,,,,,,,,,,,,,,,,,,,,,,,,,,,,,,,,,,,,,,,,,,,,,,,,,,,,,,,,,,,,,,,,,,,,,,,,,,,,,,,,,,,,,,,,,,,,,,,,,,,,,,,,,,,,,,,,,,,,,,,,,,,,,,,,,,,,,,kjnsakjdfnnsad,jnsddkajnfnsda,,,,,,,6a61aa14cbd14cd9faf96897,https://ik.imagekit.io/ojoijfoinsdnfoodsnf/careerveda/Screenshot-2025-04-27-090414-7604684f.png,6a61aa145c7cd75eb8c73e38,https://ik.imagekit.io/ojoijfoinsdnfoodsnf/tr:n-ik_ml_thumbnail/careerveda/Screenshot-2025-04-27-090414-7604684f.png,,,1919,1079,,,,,,,,,,,,,,,,,,,,,,,,,,,,,
6a630d2358e9f66998a56ee6,blogs,6a630c84e129cd97db3b1829,1,6a630c84e129cd97db3b1829,,,,,,,,,,,,,,,,,hello-world-2,published,2026-07-24T06:58:20.103Z,,false,0,,,6a60a17c20a2dec57e15dec5,6a60a17c20a2dec57e15dec5,1,,,,,,,,,,,,,,,,,,,,,false,2026-07-24T06:56:04.410Z,2026-07-24T06:58:20.110Z,true,6a630c84e129cd97db3b1829,6a60a17c20a2dec57e15dec5,,2026-07-24T06:58:43.299Z,0,hello world,,,,different,,,,,,,,,,,,,,,,,,,,,,,,,,,,,,,,,,,,,,,,,,,,,,,,,,,,,,,,,,,,,,,,,,,,,,,,,,,,,,,,,,,,,,,,,,,,,,,,,,,,,,,,,,,,,,,,,,,,,,,,,,,,,,,,,,,,,,,,,,,,,,,,,,,,,,,,,,,,,,,,,,,,,,,,,,,,,,,,,,,,,,,,,,,,,,,,,,,,,,,,,,,,,,,,,,,,,,,,,,,,,,,,,,,,,,,,,,,,,,,,,,,,,,,,,,,,,,,,,,,,,,,,,,,,,,,,,,,,,,,,,,,,,,,,,,,,,,,,,,,,,,,,,CareerVeda Team,,1 min read,kjsdfnjnsdnfksdnfjsandfnkjsdanjfnkjsdabkjfsdan,hello world,jjfsahdjfsdafjsdalfjsadjfsda,,,,,,,,,,,,,,Explore CareerVeda programs,/programs,,,,,,,,,,,,,,,,,,,,,,,,,,,,,,,,,,,,,,,,,,,,,,,
6a6331f21086448c954a5505,programs,6a6061e97bfcf05ac32c3e39,4,6a6061e97bfcf05ac32c3e39,,,,,,,,,,,,,,,,,cybersecurity,published,2026-07-22T06:23:37.534Z,,false,8,,,,,4,,,,,,,,,,,,,,,,,PG Program in CyberSecurity,"Learn practical digital security foundations, network safety, risk awareness, and defensive monitoring workflows.",,,false,2026-07-22T06:23:37.537Z,2026-07-22T06:25:16.450Z,true,6a6061e97bfcf05ac32c3e39,6a60a17c20a2dec57e15dec5,,2026-07-24T09:35:46.576Z,0,PG Program in CyberSecurity,PG Program in CyberSecurity,,Become a Defensive Security Professional,Security,"Learn practical digital security foundations, network safety, risk awareness, and defensive monitoring workflows.","Learn defensive security from the ground up — networks, Linux, web fundamentals, monitoring and incident response — through hands-on labs built around awareness, reporting and response.",6 Months,,Live Online,"Freshers, Graduates, Experienced",,,,,,,,,"Network safety, secure systems thinking and web security fundamentals","Hands-on defensive labs focused on awareness, reporting and response",Career preparation for entry-level security operations roles,,"A comprehensive curriculum designed by industry experts combining networking, Linux, security fundamentals, SOC operations, threat detection and incident response. Master defensive monitoring, risk assessment and reporting with hands-on labs.","This PG Program in CyberSecurity equips you with networking, Linux, security operations, monitoring and incident response skills through hands-on defensive labs and expert guidance.","10,000+",30+,"₹1,65,000",,"3, 6, 9 & 12 months (No Cost EMIs)",7-Day Money Back Guarantee,"July 18, 2026",Few seats left,,Industry-Aligned,Enrolling Now,100% Placement Assurance,,"Networking, Linux, security fundamentals and web basics","Risk review, safe reporting and documentation workflows","Monitoring concepts, alert review and incident response basics",1,2,3,4,5,6,7,8,9,10,11,12,13,14,15,16,17,18,19,20,21,Introduction to CyberSecurity,Networking Fundamentals,Linux Essentials for Security,Windows & Endpoint Security,Security Fundamentals & Frameworks,Cryptography Basics,Identity & Access Management,Web Application Security,Network Defence & Perimeter Security,Vulnerability Management,Threat Intelligence & the Attack Lifecycle,Logging & Log Analysis,SIEM & Security Monitoring,Security Operations Centre Workflows,Incident Response,Digital Forensics Fundamentals,Malware & Phishing Defence,Cloud Security Fundamentals,"Governance, Risk & Compliance",CyberSecurity Capstone Project,Security Career Readiness & Interview Prep,,,,,,,,,,,,,,,,,,,,,,The security landscape and why attacks succeed,"Confidentiality, integrity and availability","Threats, vulnerabilities and risk","Blue team, red team and purple team roles",Security career paths and certifications,Industry trends and outlook,The OSI and TCP/IP models,"IP addressing, subnetting and routing","TCP, UDP and common protocols","DNS, DHCP and HTTP in practice",Packet analysis with Wireshark,Network traffic analysis lab,The Linux filesystem and shell,"Users, groups and permissions","Processes, services and systemd",Package management and updates,Shell scripting for security tasks,Linux administration lab,Windows architecture and the registry,Active Directory fundamentals,Windows event logs and auditing,Endpoint protection and EDR concepts,Endpoint hardening baselines,Endpoint hardening lab,Defence in depth and least privilege,The CIA triad applied to real systems,NIST Cybersecurity Framework,ISO 27001 and CIS Controls overview,The MITRE ATT&CK matrix,Framework mapping exercise,Symmetric and asymmetric encryption,"Hashing, salting and integrity checks",TLS and certificate chains,Public key infrastructure,Key management practices,Encryption implementation lab,Authentication versus authorisation,Multi-factor authentication,"Single sign-on, OAuth and SAML",Role-based and least-privilege access,Privileged access management,Access review exercise,How web applications work end to end,The OWASP Top 10 explained,"Injection, XSS and broken access control",Secure session and cookie handling,Input validation and output encoding,Secure code review lab,Firewall rules and network segmentation,IDS and IPS concepts,VPNs and secure remote access,Zero trust network principles,Wireless network security,Network defence configuration lab,The vulnerability management lifecycle,Scanning and asset discovery,CVSS scoring and prioritisation,Patch management workflows,Reporting findings to system owners,Vulnerability assessment report project,The cyber kill chain,Common attacker tactics and techniques,Indicators of compromise,Threat intelligence sources and feeds,Mapping observed activity to ATT&CK,Threat analysis exercise,What to log and what to keep,Log sources across the estate,Parsing and normalising log data,Baselining normal behaviour,Spotting anomalies in log volume,Log analysis lab,SIEM architecture and data flow,Writing detection rules and correlation logic,Building monitoring dashboards,Alert triage and tuning out noise,Reducing false positives,SIEM detection build lab,SOC tiers and escalation paths,The alert triage process,"Ticketing, tracking and handover",Runbooks and standard operating procedures,Shift discipline and documentation,Simulated SOC shift exercise,The incident response lifecycle,"Detection, containment and eradication",Recovery and return to service,Communication during an incident,Post-incident review and lessons learned,Incident response tabletop exercise,Evidence handling and chain of custody,Disk and memory acquisition basics,Timeline reconstruction,Artefact analysis on Windows and Linux,Forensic reporting standards,Forensic investigation lab,Malware categories and behaviour,Safe analysis in an isolated sandbox,Phishing campaign anatomy,"Email authentication: SPF, DKIM, DMARC",User awareness and reporting culture,Phishing response lab,The shared responsibility model,Identity and access management in the cloud,Common cloud misconfigurations,"Storage, network and workload security",Cloud logging and monitoring,Cloud security review lab,Security policy and standards,Risk assessment and risk registers,Audit preparation and evidence,Data protection and privacy obligations,Business continuity and disaster recovery,Risk assessment project,End-to-end defensive security project,Assessing and hardening a target environment,Building detection and monitoring coverage,Responding to a simulated incident,Full written incident and risk report,Portfolio packaging of the capstone,Security analyst resume creation and optimization,Technical security interview preparation,Scenario and incident-handling tests,Behavioral interview training,LinkedIn networking for security professionals,1 year Placement Support for Top Fellows,,,,,,,,,,,,,,,,,,,,,,,,Security fundamentals portfolio and report samples,Clear roadmap for entry-level defensive security tracks,Practical understanding of safe digital risk management,Networking & Protocol Fundamentals,Linux & Systems Hardening,Security Operations Centre Workflows,Threat Detection & Log Monitoring,Incident Response & Reporting,200+ Hrs Security-Focused Content,300+ Hrs Live Lab Sessions,Practising Security Analysts as Mentors,CyberSecurity Job Placement Support,Round-the-Clock Assistance,CyberSecurity Curriculum Track,Skill Evaluation Tests,Learning Performance Analytics Dashboard,Professional Community Access,Self-Paced Learning Options,Global Alumni Community,Mock Interview Training,CyberSecurity Certificates,Advanced LMS Platform,Live Incident Response Case Studies,Linux,Networking,Web Safety,Monitoring,Reports,Incident Communication Under Pressure,Clear Security Reporting & Documentation,Risk Explanation for Non-Technical Stakeholders,Cross-Team Coordination During Incidents,Analytical Thinking & Investigative Discipline,Professional Networking & Relationship Building,Real-world Defensive Security Projects,SOC Monitoring & Alert Triage,Vulnerability Assessment & Reporting,Incident Response Simulations,Security Hardening & Configuration Reviews,Industry Mentorship by Practising Security Analysts,Program Investment,"₹1,65,000",Including GST,,,,,,,,,,,,,,,,,,,,,,,,,,,,,,,,,,,Security Mentor,,,,,,,,,,,,,,,,,,,,,,,,,,,,,,,,,,,,,,,,,,,,,,
6a6333e8f4f830c30efb953e,programs,6a6333511086448c954a5567,1,6a6333511086448c954a5567,,,,,,,,,,,,,,,,,sjdifhishdfsda,draft,,,false,0,,,6a60a17c20a2dec57e15dec5,6a60a17c20a2dec57e15dec5,1,6a61aa14cbd14cd9faf96897,https://ik.imagekit.io/ojoijfoinsdnfoodsnf/careerveda/Screenshot-2025-04-27-090414-7604684f.png,6a61aa145c7cd75eb8c73e38,https://ik.imagekit.io/ojoijfoinsdnfoodsnf/tr:n-ik_ml_thumbnail/careerveda/Screenshot-2025-04-27-090414-7604684f.png,,,1919,1079,,,,,,,,,,,,,false,2026-07-24T09:41:37.211Z,2026-07-24T09:41:37.211Z,false,6a6333511086448c954a5567,6a60a17c20a2dec57e15dec5,,2026-07-24T09:44:08.104Z,0,hello world,pg hello world program,,djfosjdfjsa,shdfhsdjfjsdfijhsdihf,kjsndfjknsdnfkjnsdnfds,,6 Months,,Live Online,"Freshers, Graduates, Experienced",,,,,,,,,good working,,,,,,"10,000+",30+,,,"3, 6, 9 & 12 months (No Cost EMIs) · Zero hidden charges",7-Day Money Back Guarantee,,Few seats left,,Industry-Aligned,Enrolling Now,100% Placement Assurance,1000 plactemnet,,,,,,,,,,,,,,,,,,,,,,,,,,,,,,,,,,,,,,,,,,,,,,,,,,,,,,,,,,,,,,,,,,,,,,,,,,,,,,,,,,,,,,,,,,,,,,,,,,,,,,,,,,,,,,,,,,,,,,,,,,,,,,,,,,,,,,,,,,,,,,,,,,,,,,,,,,,,,,,,,,,,,,,,,,,,,,,,,,,,,,,,,,,,,,,,,,,,,,,,,,,,,,,,,,,,,,,,,,,100% Live Instructor-Led Classes,Expert Trainers from Top Technology Companies,Daily Live Doubt-Solving Sessions,Real Industry Projects,25+ Assignments & Industry Case Studies,Three Globally Recognised Certifications,"Dedicated Profile Building — Portfolio, Resume & LinkedIn",Lifetime Placement Assistance,LMS Access for 2 Years,Full Access to Recordings & Notes,Flexible Weekend Learning,Advance Learning Modules,Multiple Practice Quizzes,Tech for PM & Analytics for PM Tracks,PM Interview Mastery Framework,Mock Interview Labs with Expert Feedback,AI Product Case Practice,Dedicated Virtual Classroom & Student Support,10K+ Student & Alumni Community,Hiring Preparation Support,,,,,,Stakeholder Communication,Executive Presentations & Storytelling,Influence Without Authority,Decision-Making Under Uncertainty,Cross-Functional Team Leadership,Conflict Resolution,Real-world Product Management Projects,Product Roadmap Development,User Research & PRD Writing,Feature Launch & A/B Testing,Product Analytics & Metrics Tracking,Industry Mentorship by Senior PMs,,,,,,,,,,,,,,,,,,,,,,,,,,,,,,,,,,,,,,,,,,,,,,,,,,,,,,,,,,,,,,,,,,,,,,,,,,,,,,,,,,,,
6a633d619d3308dec5daf5a3,alumni,6a6330e11086448c954a5426,1,6a6330e11086448c954a5426,jnakfdnkjnsadf,,ldsnflknsadf,,,,,,,,ksnfkjsdnalfsa,,kosamndkjfnlsdanlfmlasdmflsdaf,,,,jnakfdnkjnsadf,published,2026-07-24T09:31:14.064Z,,false,0,,,6a60a17c20a2dec57e15dec5,6a60a17c20a2dec57e15dec5,1,6a606a2eee5ababd488de2a1,https://ik.imagekit.io/ojoijfoinsdnfoodsnf/careerveda/alumni/Achiever13-13af87cb.jpg,6a606a2e5c7cd75eb8b7f042,https://ik.imagekit.io/ojoijfoinsdnfoodsnf/tr:n-ik_ml_thumbnail/careerveda/alumni/Achiever13-13af87cb.jpg,,,470,794,,,,,,,,,,,,,false,2026-07-24T09:31:13.901Z,2026-07-24T09:31:14.066Z,true,6a6330e11086448c954a5426,6a60a17c20a2dec57e15dec5,,2026-07-24T10:24:33.776Z,0,,,,,,,,,,,,,,,,,,,,,,,,,,,,,,,,,,,,,,,,,,,,,,,,,,,,,,,,,,,,,,,,,,,,,,,,,,,,,,,,,,,,,,,,,,,,,,,,,,,,,,,,,,,,,,,,,,,,,,,,,,,,,,,,,,,,,,,,,,,,,,,,,,,,,,,,,,,,,,,,,,,,,,,,,,,,,,,,,,,,,,,,,,,,,,,,,,,,,,,,,,,,,,,,,,,,,,,,,,,,,,,,,,,,,,,,,,,,,,,,,,,,,,,,,,,,,,,,,,,,,,,,,,,,,,,,,,,,,,,,,,,,,,,,,,,,,,,,,,,,,,,,,,,,,,,,,,,,,,,,,,,,,,,,false,,,,,,,,,,,,,,,,,,,,,,,,,,,,,,,,,,,,,,,,,,,,,,,,,
6a633d709d3308dec5daf5b7,alumni,6a6330e11086448c954a5426,2,6a6330e11086448c954a5426,jnakfdnkjnsadf,,ldsnflknsadf,,,,,,,,ksnfkjsdnalfsa,,kosamndkjfnlsdanlfmlasdmflsdaf,,,,jnakfdnkjnsadf,published,2026-07-24T09:31:14.064Z,,true,0,,,6a60a17c20a2dec57e15dec5,6a60a17c20a2dec57e15dec5,2,6a606a2eee5ababd488de2a1,https://ik.imagekit.io/ojoijfoinsdnfoodsnf/careerveda/alumni/Achiever13-13af87cb.jpg,6a606a2e5c7cd75eb8b7f042,https://ik.imagekit.io/ojoijfoinsdnfoodsnf/tr:n-ik_ml_thumbnail/careerveda/alumni/Achiever13-13af87cb.jpg,,,470,794,,,,,,,,,,,,,false,2026-07-24T09:31:13.901Z,2026-07-24T10:24:33.859Z,true,6a6330e11086448c954a5426,6a60a17c20a2dec57e15dec5,,2026-07-24T10:24:48.586Z,0,,,,,,,,,,,,,,,,,,,,,,,,,,,,,,,,,,,,,,,,,,,,,,,,,,,,,,,,,,,,,,,,,,,,,,,,,,,,,,,,,,,,,,,,,,,,,,,,,,,,,,,,,,,,,,,,,,,,,,,,,,,,,,,,,,,,,,,,,,,,,,,,,,,,,,,,,,,,,,,,,,,,,,,,,,,,,,,,,,,,,,,,,,,,,,,,,,,,,,,,,,,,,,,,,,,,,,,,,,,,,,,,,,,,,,,,,,,,,,,,,,,,,,,,,,,,,,,,,,,,,,,,,,,,,,,,,,,,,,,,,,,,,,,,,,,,,,,,,,,,,,,,,,,,,,,,,,,,,,,,,,,,,,,,false,,,,,,,,,,,,,,,,,,,,,,,,,,,,,,,,,,,,,,,,,,,,,,,,,
6a6349d0a9150085085d81d9,alumni,6a6061e97bfcf05ac32c3e4f,4,6a6061e97bfcf05ac32c3e4f,Anant Shiva,,Product Development,,HighRadius,,,,,,97% Hike,Transitioned into Product Management with an industry-relevant curriculum and strong placement support.,Transitioned into Product Management with an industry-relevant curriculum and strong placement support.,,#0f766e,#164e63,anant-shiva,published,2026-07-22T06:23:37.894Z,,true,0,,,,,4,6a606a14ee5ababd488de25b,https://ik.imagekit.io/ojoijfoinsdnfoodsnf/careerveda/alumni/Achiever1-4e81fee0.jpg,6a606a145c7cd75eb8b772a1,https://ik.imagekit.io/ojoijfoinsdnfoodsnf/tr:n-ik_ml_thumbnail/careerveda/alumni/Achiever1-4e81fee0.jpg,Anant Shiva,,402,520,,,,,,,,,Anant Shiva,Transitioned into Product Management with an industry-relevant curriculum and strong placement support.,,,false,2026-07-22T06:23:37.896Z,2026-07-22T06:58:28.111Z,true,6a6061e97bfcf05ac32c3e4f,6a60a17c20a2dec57e15dec5,,2026-07-24T11:17:36.949Z,0,,,,,,,,,,,,,,,,,,,,,,,,,,,,,,,,,,,,,,,,,,,,,,,,,,,,,,,,,,,,,,,,,,,,,,,,,,,,,,,,,,,,,,,,,,,,,,,,,,,,,,,,,,,,,,,,,,,,,,,,,,,,,,,,,,,,,,,,,,,,,,,,,,,,,,,,,,,,,,,,,,,,,,,,,,,,,,,,,,,,,,,,,,,,,,,,,,,,,,,,,,,,,,,,,,,,,,,,,,,,,,,,,,,,,,,,,,,,,,,,,,,,,,,,,,,,,,,,,,,,,,,,,,,,,,,,,,,,,,,,,,,,,,,,,,,,,,,,,,,,,,,,,,,,,,,,,,,,,,,,,,,,,,,,true,,,,,,,,,,,,,,,,,,,,,,,,,,,,,,,,,,,,,,,,,,,,,,,,,
6a6349e0a9150085085d81e3,alumni,6a6061e97bfcf05ac32c3e4f,5,6a6061e97bfcf05ac32c3e4f,Anant Shiva,,Product Development,,HighRadius,,,,,,97% Hike,Transitioned into Product Management with an industry-relevant curriculum and strong placement support.,This program was exactly what I needed to transitioninto Product Management-the industry-relevantcurriculum and strong placement support helped mesecure a role at HighRadius. Grateful to TeamCareerVeda for the exceptional support throughout myjourney!,,#0f766e,#164e63,anant-shiva,published,2026-07-22T06:23:37.894Z,,true,0,,,,6a60a17c20a2dec57e15dec5,5,6a606a14ee5ababd488de25b,https://ik.imagekit.io/ojoijfoinsdnfoodsnf/careerveda/alumni/Achiever1-4e81fee0.jpg,6a606a145c7cd75eb8b772a1,https://ik.imagekit.io/ojoijfoinsdnfoodsnf/tr:n-ik_ml_thumbnail/careerveda/alumni/Achiever1-4e81fee0.jpg,Anant Shiva,,402,520,,,,,,,,,Anant Shiva,Transitioned into Product Management with an industry-relevant curriculum and strong placement support.,,,false,2026-07-22T06:23:37.896Z,2026-07-24T11:17:37.024Z,true,6a6061e97bfcf05ac32c3e4f,6a60a17c20a2dec57e15dec5,,2026-07-24T11:17:52.594Z,0,,,,,,,,,,,,,,,,,,,,,,,,,,,,,,,,,,,,,,,,,,,,,,,,,,,,,,,,,,,,,,,,,,,,,,,,,,,,,,,,,,,,,,,,,,,,,,,,,,,,,,,,,,,,,,,,,,,,,,,,,,,,,,,,,,,,,,,,,,,,,,,,,,,,,,,,,,,,,,,,,,,,,,,,,,,,,,,,,,,,,,,,,,,,,,,,,,,,,,,,,,,,,,,,,,,,,,,,,,,,,,,,,,,,,,,,,,,,,,,,,,,,,,,,,,,,,,,,,,,,,,,,,,,,,,,,,,,,,,,,,,,,,,,,,,,,,,,,,,,,,,,,,,,,,,,,,,,,,,,,,,,,,,,,true,,,,,,,,,,,,,,,,,,,,,,,,,,,,,,,,,,,,,,,,,,,,,,,,,
6a634a12a9150085085d8204,alumni,6a6061e97bfcf05ac32c3e4f,6,6a6061e97bfcf05ac32c3e4f,Anant Shiva,,Product Development,,HighRadius,,,,,,97% Hike,This program was exactly what I needed to transitioninto Product Management-the industry-relevantcurriculum and strong placement support helped mesecure a role at HighRadius. Grateful to TeamCareerVeda for the exceptional support throughout myjourney!,This program was exactly what I needed to transitioninto Product Management-the industry-relevantcurriculum and strong placement support helped mesecure a role at HighRadius. Grateful to TeamCareerVeda for the exceptional support throughout myjourney!,,#0f766e,#164e63,anant-shiva,published,2026-07-22T06:23:37.894Z,,true,0,,,,6a60a17c20a2dec57e15dec5,6,6a606a14ee5ababd488de25b,https://ik.imagekit.io/ojoijfoinsdnfoodsnf/careerveda/alumni/Achiever1-4e81fee0.jpg,6a606a145c7cd75eb8b772a1,https://ik.imagekit.io/ojoijfoinsdnfoodsnf/tr:n-ik_ml_thumbnail/careerveda/alumni/Achiever1-4e81fee0.jpg,Anant Shiva,,402,520,,,,,,,,,Anant Shiva,Transitioned into Product Management with an industry-relevant curriculum and strong placement support.,,,false,2026-07-22T06:23:37.896Z,2026-07-24T11:17:52.660Z,true,6a6061e97bfcf05ac32c3e4f,6a60a17c20a2dec57e15dec5,,2026-07-24T11:18:42.633Z,0,,,,,,,,,,,,,,,,,,,,,,,,,,,,,,,,,,,,,,,,,,,,,,,,,,,,,,,,,,,,,,,,,,,,,,,,,,,,,,,,,,,,,,,,,,,,,,,,,,,,,,,,,,,,,,,,,,,,,,,,,,,,,,,,,,,,,,,,,,,,,,,,,,,,,,,,,,,,,,,,,,,,,,,,,,,,,,,,,,,,,,,,,,,,,,,,,,,,,,,,,,,,,,,,,,,,,,,,,,,,,,,,,,,,,,,,,,,,,,,,,,,,,,,,,,,,,,,,,,,,,,,,,,,,,,,,,,,,,,,,,,,,,,,,,,,,,,,,,,,,,,,,,,,,,,,,,,,,,,,,,,,,,,,,true,,,,,,,,,,,,,,,,,,,,,,,,,,,,,,,,,,,,,,,,,,,,,,,,,
6a634a2aa9150085085d821f,alumni,6a6061e97bfcf05ac32c3e4f,7,6a6061e97bfcf05ac32c3e4f,Anant Shiva,,Product Development,,HighRadius,,,,,,97% Hike,This program was exactly what I needed to transition into Product Management-the industry-relevant curriculum and strong placement support helped me secure a role at High Radius. Grateful to Team CareerVeda for the exceptional support throughout my journey!,This program was exactly what I needed to transitioninto Product Management-the industry-relevantcurriculum and strong placement support helped mesecure a role at HighRadius. Grateful to TeamCareerVeda for the exceptional support throughout myjourney!,,#0f766e,#164e63,anant-shiva,published,2026-07-22T06:23:37.894Z,,true,0,,,,6a60a17c20a2dec57e15dec5,7,6a606a14ee5ababd488de25b,https://ik.imagekit.io/ojoijfoinsdnfoodsnf/careerveda/alumni/Achiever1-4e81fee0.jpg,6a606a145c7cd75eb8b772a1,https://ik.imagekit.io/ojoijfoinsdnfoodsnf/tr:n-ik_ml_thumbnail/careerveda/alumni/Achiever1-4e81fee0.jpg,Anant Shiva,,402,520,,,,,,,,,Anant Shiva,Transitioned into Product Management with an industry-relevant curriculum and strong placement support.,,,false,2026-07-22T06:23:37.896Z,2026-07-24T11:18:42.700Z,true,6a6061e97bfcf05ac32c3e4f,6a60a17c20a2dec57e15dec5,,2026-07-24T11:19:06.720Z,0,,,,,,,,,,,,,,,,,,,,,,,,,,,,,,,,,,,,,,,,,,,,,,,,,,,,,,,,,,,,,,,,,,,,,,,,,,,,,,,,,,,,,,,,,,,,,,,,,,,,,,,,,,,,,,,,,,,,,,,,,,,,,,,,,,,,,,,,,,,,,,,,,,,,,,,,,,,,,,,,,,,,,,,,,,,,,,,,,,,,,,,,,,,,,,,,,,,,,,,,,,,,,,,,,,,,,,,,,,,,,,,,,,,,,,,,,,,,,,,,,,,,,,,,,,,,,,,,,,,,,,,,,,,,,,,,,,,,,,,,,,,,,,,,,,,,,,,,,,,,,,,,,,,,,,,,,,,,,,,,,,,,,,,,true,,,,,,,,,,,,,,,,,,,,,,,,,,,,,,,,,,,,,,,,,,,,,,,,,
6a634a4fa9150085085d8237,alumni,6a6061e97bfcf05ac32c3e4f,8,6a6061e97bfcf05ac32c3e4f,Anant Shiva,,Product Development,,HighRadius,,,,,,97% Hike,This program was exactly what I needed to transition into Product Management-the industry-relevant curriculum and strong placement support helped me secure a role at High Radius. Grateful to Team CareerVeda for the exceptional support throughout my journey!,This program was exactly what I needed to transitioninto Product Management-the industry-relevantcurriculum and strong placement support helped mesecure a role at HighRadius. Grateful to TeamCareerVeda for the exceptional support throughout myjourney!,,#0f766e,#164e63,anant-shiva,published,2026-07-22T06:23:37.894Z,,true,0,,,,6a60a17c20a2dec57e15dec5,8,6a606a14ee5ababd488de25b,https://ik.imagekit.io/ojoijfoinsdnfoodsnf/careerveda/alumni/Achiever1-4e81fee0.jpg,6a606a145c7cd75eb8b772a1,https://ik.imagekit.io/ojoijfoinsdnfoodsnf/tr:n-ik_ml_thumbnail/careerveda/alumni/Achiever1-4e81fee0.jpg,Anant Shiva,,402,520,,,,,,,,,Anant Shiva,Transitioned into Product Management with an industry-relevant curriculum and strong placement support.,,,false,2026-07-22T06:23:37.896Z,2026-07-24T11:19:06.798Z,true,6a6061e97bfcf05ac32c3e4f,6a60a17c20a2dec57e15dec5,,2026-07-24T11:19:43.095Z,0,,,,,,,,,,,,,,,,,,,,,,,,,,,,,,,,,,,,,,,,,,,,,,,,,,,,,,,,,,,,,,,,,,,,,,,,,,,,,,,,,,,,,,,,,,,,,,,,,,,,,,,,,,,,,,,,,,,,,,,,,,,,,,,,,,,,,,,,,,,,,,,,,,,,,,,,,,,,,,,,,,,,,,,,,,,,,,,,,,,,,,,,,,,,,,,,,,,,,,,,,,,,,,,,,,,,,,,,,,,,,,,,,,,,,,,,,,,,,,,,,,,,,,,,,,,,,,,,,,,,,,,,,,,,,,,,,,,,,,,,,,,,,,,,,,,,,,,,,,,,,,,,,,,,,,,,,,,,,,,,,,,,,,,,true,,,,,,,,,,,,,,,,,,,,,,,,,,,,,,,,,,,,,,,,,,,,,,,,,
6a634b02a9150085085d8294,alumni,6a6061ea7bfcf05ac32c3e55,4,6a6061ea7bfcf05ac32c3e55,Anjali Singh,,Product Owner at Amazon,,,,,,,,220% Hike,Achieved rapid professional growth from 5 LPA to 16 LPA through product leadership and execution skills.,Achieved rapid professional growth from 5 LPA to 16 LPA through product leadership and execution skills.,,#c2410c,#b45309,anjali-singh,published,2026-07-22T06:23:38.013Z,,true,3,,,,,4,6a606a17ee5ababd488de265,https://ik.imagekit.io/ojoijfoinsdnfoodsnf/careerveda/alumni/Achiever5-09021396.jpg,6a606a175c7cd75eb8b781c2,https://ik.imagekit.io/ojoijfoinsdnfoodsnf/tr:n-ik_ml_thumbnail/careerveda/alumni/Achiever5-09021396.jpg,Anjali Singh,,1254,1254,,,,,,,,,Anjali Singh,Achieved rapid professional growth from 5 LPA to 16 LPA through product leadership and execution skills.,,,false,2026-07-22T06:23:38.014Z,2026-07-22T06:58:31.899Z,true,6a6061ea7bfcf05ac32c3e55,6a60a17c20a2dec57e15dec5,,2026-07-24T11:22:42.787Z,0,,,,,,,,,,,,,,,,,,,,,,,,,,,,,,,,,,,,,,,,,,,,,,,,,,,,,,,,,,,,,,,,,,,,,,,,,,,,,,,,,,,,,,,,,,,,,,,,,,,,,,,,,,,,,,,,,,,,,,,,,,,,,,,,,,,,,,,,,,,,,,,,,,,,,,,,,,,,,,,,,,,,,,,,,,,,,,,,,,,,,,,,,,,,,,,,,,,,,,,,,,,,,,,,,,,,,,,,,,,,,,,,,,,,,,,,,,,,,,,,,,,,,,,,,,,,,,,,,,,,,,,,,,,,,,,,,,,,,,,,,,,,,,,,,,,,,,,,,,,,,,,,,,,,,,,,,,,,,,,,,,,,,,,,true,,,,,,,,,,,,,,,,,,,,,,,,,,,,,,,,,,,,,,,,,,,,,,,,,
6a634b25a9150085085d82a9,alumni,6a6061ea7bfcf05ac32c3e55,5,6a6061ea7bfcf05ac32c3e55,Anjali Singh,,Product Owner at Amazon,,,,,,,,220% Hike,"Demonstrated rapid professional growth as a ProductOwner by leading successful product initiatives,improving delivery processes, and achieving a 220%salary increase from 5 LPA to 16 LPA.","Demonstrated rapid professional growth as a ProductOwner by leading successful product initiatives,improving delivery processes, and achieving a 220%salary increase from 5 LPA to 16 LPA.",,#c2410c,#b45309,anjali-singh,published,2026-07-22T06:23:38.013Z,,true,3,,,,6a60a17c20a2dec57e15dec5,5,6a606a17ee5ababd488de265,https://ik.imagekit.io/ojoijfoinsdnfoodsnf/careerveda/alumni/Achiever5-09021396.jpg,6a606a175c7cd75eb8b781c2,https://ik.imagekit.io/ojoijfoinsdnfoodsnf/tr:n-ik_ml_thumbnail/careerveda/alumni/Achiever5-09021396.jpg,Anjali Singh,,1254,1254,,,,,,,,,Anjali Singh,Achieved rapid professional growth from 5 LPA to 16 LPA through product leadership and execution skills.,,,false,2026-07-22T06:23:38.014Z,2026-07-24T11:22:42.867Z,true,6a6061ea7bfcf05ac32c3e55,6a60a17c20a2dec57e15dec5,,2026-07-24T11:23:17.362Z,0,,,,,,,,,,,,,,,,,,,,,,,,,,,,,,,,,,,,,,,,,,,,,,,,,,,,,,,,,,,,,,,,,,,,,,,,,,,,,,,,,,,,,,,,,,,,,,,,,,,,,,,,,,,,,,,,,,,,,,,,,,,,,,,,,,,,,,,,,,,,,,,,,,,,,,,,,,,,,,,,,,,,,,,,,,,,,,,,,,,,,,,,,,,,,,,,,,,,,,,,,,,,,,,,,,,,,,,,,,,,,,,,,,,,,,,,,,,,,,,,,,,,,,,,,,,,,,,,,,,,,,,,,,,,,,,,,,,,,,,,,,,,,,,,,,,,,,,,,,,,,,,,,,,,,,,,,,,,,,,,,,,,,,,,true,,,,,,,,,,,,,,,,,,,,,,,,,,,,,,,,,,,,,,,,,,,,,,,,,
6a6389db65aeb41f8901120e,programs,6a6389bf65aeb41f890111f0,1,6a6389bf65aeb41f890111f0,,,,,,,,,,,,,,,,,hello-worl-d,published,2026-07-24T15:50:24.105Z,,false,0,,,6a60a17c20a2dec57e15dec5,6a60a17c20a2dec57e15dec5,1,6a61cc33f61896cd231ed323,https://ik.imagekit.io/ojoijfoinsdnfoodsnf/careerveda/bg_image-af8203c4.png,6a61cc345c7cd75eb8a69222,https://ik.imagekit.io/ojoijfoinsdnfoodsnf/tr:n-ik_ml_thumbnail/careerveda/bg_image-af8203c4.png,,,397,223,,,,,,,,,,,,,false,2026-07-24T15:50:23.945Z,2026-07-24T15:50:24.111Z,true,6a6389bf65aeb41f890111f0,6a60a17c20a2dec57e15dec5,,2026-07-24T15:50:51.543Z,0,hello worl d,,,dofjosjdfsd,oisfjdjsdjfs,sfjfdnjsndjfns,,6 Months,,Live Online,"Freshers, Graduates, Experienced",,,,,,,,,nsuhdfjsdjkfsd,sonfjsnjdfnldjsn,,,,,"10,000+",30+,,,"3, 6, 9 & 12 months (No Cost EMIs) · Zero hidden charges",7-Day Money Back Guarantee,,Few seats left,,Industry-Aligned,Enrolling Now,100% Placement Assurance,,jfnnsjdnfnksdnnajdsdksofnkjsdnjfnjsdnf   fsadhndfhsjdfjlsda   lsdnfjsdanofnlsdkanfsda   anljsfdnjosdnjfnsd,,,1,2,,,,,,,,,,,,,,,,,,,,module,8fhjodbknlacds,,,,,,,,,,,,,,,,,,,,,,,,,,,,,,,,,,,,,,,,,sanfjsdjfnjsnldfnjsdnj  df sdnfjsdnjfs kn  jk,fR,vf,gre,GG,er/y,jhafhfilsajidhnJKBLBCBSADFS,GKJHSABDKJFBFHSI,,,,,,,,,,,,,,,,,,,,,,,,,,,,,,,,,,,,,,,,,,,,,,,,,,,,,,,,,,,,,,,,,,,,,,,,,,,,,,,,,,,,,,,,,,,,,,,,,,,,,,,,,,,,,,,,,,,,,,,errbwhgnwojfvgljkj;dnfihbdofhsdbna;jdonfbfihsdbjandfkjisdbaf,,,,,,,,,,,,,,,,,,,,,,,fojsdjfsdf,kjsuidhfjhshdfs,,100% Live Instructor-Led Classes,Expert Trainers from Top Technology Companies,Daily Live Doubt-Solving Sessions,Real Industry Projects,25+ Assignments & Industry Case Studies,Three Globally Recognised Certifications,"Dedicated Profile Building — Portfolio, Resume & LinkedIn",Lifetime Placement Assistance,LMS Access for 2 Years,Full Access to Recordings & Notes,Flexible Weekend Learning,Advance Learning Modules,Multiple Practice Quizzes,Tech for PM & Analytics for PM Tracks,PM Interview Mastery Framework,Mock Interview Labs with Expert Feedback,AI Product Case Practice,Dedicated Virtual Classroom & Student Support,10K+ Student & Alumni Community,Hiring Preparation Support,,,,,,Stakeholder Communication,Executive Presentations & Storytelling,Influence Without Authority,Decision-Making Under Uncertainty,Cross-Functional Team Leadership,Conflict Resolution,Real-world Product Management Projects,Product Roadmap Development,User Research & PRD Writing,Feature Launch & A/B Testing,Product Analytics & Metrics Tracking,Industry Mentorship by Senior PMs,,,,,,,,,,,,,,,,,,,,,,,,,,,,,,,,,,,,,,ofjosjdjfsjdf,fkjsdnkjfnsdnfsd,,,,,,,,,,,,,,,,,,,,,,,,,,,,,,,,,,,,,,,,,,,,,
6a638b9565aeb41f890112b3,programs,6a6389bf65aeb41f890111f0,2,6a6389bf65aeb41f890111f0,,,,,,,,,,,,,,,,,hello-worl-d,published,2026-07-24T15:50:24.105Z,,false,0,,,6a60a17c20a2dec57e15dec5,6a60a17c20a2dec57e15dec5,2,6a61cc33f61896cd231ed323,https://ik.imagekit.io/ojoijfoinsdnfoodsnf/careerveda/bg_image-af8203c4.png,6a61cc345c7cd75eb8a69222,https://ik.imagekit.io/ojoijfoinsdnfoodsnf/tr:n-ik_ml_thumbnail/careerveda/bg_image-af8203c4.png,,,397,223,,,,,,,,,,,,,false,2026-07-24T15:50:23.945Z,2026-07-24T15:51:04.695Z,true,6a6389bf65aeb41f890111f0,6a60a17c20a2dec57e15dec5,,2026-07-24T15:58:13.358Z,0,hello worl d,,,dofjosjdfsd,oisfjdjsdjfs,sfjfdnjsndjfns,,6 Months,,Live Online,"Freshers, Graduates, Experienced",,,,,,,,,nsuhdfjsdjkfsd,sonfjsnjdfnldjsn,,,,,"10,000+",30+,7777/,,"3, 6, 9 & 12 months (No Cost EMIs) · Zero hidden charges",7-Day Money Back Guarantee,,Few seats left,,Industry-Aligned,Enrolling Now,100% Placement Assurance,,jfnnsjdnfnksdnnajdsdksofnkjsdnjfnjsdnf   fsadhndfhsjdfjlsda   lsdnfjsdanofnlsdkanfsda   anljsfdnjosdnjfnsd,,,1,2,,,,,,,,,,,,,,,,,,,,module,8fhjodbknlacds,,,,,,,,,,,,,,,,,,,,,,,,,,,,,,,,,,,,,,,,,sanfjsdjfnjsnldfnjsdnj  df sdnfjsdnjfs kn  jk,fR,vf,gre,GG,er/y,jhafhfilsajidhnJKBLBCBSADFS,GKJHSABDKJFBFHSI,,,,,,,,,,,,,,,,,,,,,,,,,,,,,,,,,,,,,,,,,,,,,,,,,,,,,,,,,,,,,,,,,,,,,,,,,,,,,,,,,,,,,,,,,,,,,,,,,,,,,,,,,,,,,,,,,,,,,,,errbwhgnwojfvgljkj;dnfihbdofhsdbna;jdonfbfihsdbjandfkjisdbaf,,,,,,,,,,,,,,,,,,,,,,,fojsdjfsdf,kjsuidhfjhshdfs,,100% Live Instructor-Led Classes,Expert Trainers from Top Technology Companies,Daily Live Doubt-Solving Sessions,Real Industry Projects,25+ Assignments & Industry Case Studies,Three Globally Recognised Certifications,"Dedicated Profile Building — Portfolio, Resume & LinkedIn",Lifetime Placement Assistance,LMS Access for 2 Years,Full Access to Recordings & Notes,Flexible Weekend Learning,Advance Learning Modules,Multiple Practice Quizzes,Tech for PM & Analytics for PM Tracks,PM Interview Mastery Framework,Mock Interview Labs with Expert Feedback,AI Product Case Practice,Dedicated Virtual Classroom & Student Support,10K+ Student & Alumni Community,Hiring Preparation Support,,,,,,Stakeholder Communication,Executive Presentations & Storytelling,Influence Without Authority,Decision-Making Under Uncertainty,Cross-Functional Team Leadership,Conflict Resolution,Real-world Product Management Projects,Product Roadmap Development,User Research & PRD Writing,Feature Launch & A/B Testing,Product Analytics & Metrics Tracking,Industry Mentorship by Senior PMs,,,,,,,,,,,,,,,,,,,,,,,,,,,,,,,,,,,,,,ofjosjdjfsjdf,fkjsdnkjfnsdnfsd,,,,,,,,,,,,,,,,,,,,,,,,,,,,,,,,,,,,,,,,,,,,,
6a645136ff4831b17f6fc0b4,programs,6a645095ff4831b17f6fc058,1,6a645095ff4831b17f6fc058,,,,,,,,,,,,,,,,,test-program,draft,,,false,0,,,6a60a17c20a2dec57e15dec5,6a60a17c20a2dec57e15dec5,1,,,,,,,,,,,,,,,,,,,,,false,2026-07-25T05:58:45.973Z,2026-07-25T05:58:45.973Z,false,6a645095ff4831b17f6fc058,6a60a17c20a2dec57e15dec5,,2026-07-25T06:01:26.659Z,0,Test Program,,,,,,,,,,,,,,,,,,,,,,,,,,,,,,,,,,,,,,,,,,,,,,,,,,,,,,,,,,,,,,,,,,,,,,,,,,,,,,,,,,,,,,,,,,,,,,,,,,,,,,,,,,,,,,,,,,,,,,,,,,,,,,,,,,,,,,,,,,,,,,,,,,,,,,,,,,,,,,,,,,,,,,,,,,,,,,,,,,,,,,,,,,,,,,,,,,,,,,,,,,,,,,,,,,,,,,,,,,,,,,,,,,,,,,,,,,,,,,,,,,,,,,,,,,,,,,,,,,,,,,,,,,,,,,,,,,,,,,,,,,,,,,,,,,,,,,,,,,,,,,,,,,,,,,,,,,,,,,,,,,,,,,,,,,,,,,,,,,,,,,,,,,,,,,,,,,,,,,,,,,,,,,,,,,,,,,,,
6a646c75ceac244c3d6fda9e,programs,6a6061e97bfcf05ac32c3e23,4,6a6061e97bfcf05ac32c3e23,,,,,,,,,,,,,,,,,data-science-ai,published,2026-07-22T06:23:37.274Z,,false,4,,,,,4,6a606a00ee5ababd488de220,https://ik.imagekit.io/ojoijfoinsdnfoodsnf/careerveda/programs/data-c3b60741.jpg,6a606a005c7cd75eb8b7161b,https://ik.imagekit.io/ojoijfoinsdnfoodsnf/tr:n-ik_ml_thumbnail/careerveda/programs/data-c3b60741.jpg,PG Program in Data Science with Generative AI,,1122,1402,,,,,,,,,PG Program in Data Science with Generative AI,"Master Data Science and Generative AI to become a complete AI professional. Learn data analysis, machine learning, deep learning, and cutting-edge…",,,false,2026-07-22T06:23:37.279Z,2026-07-22T06:58:08.103Z,true,6a6061e97bfcf05ac32c3e23,6a60a17c20a2dec57e15dec5,,2026-07-25T07:57:41.289Z,0,PG Program in Data Science with Generative AI,PG Program in Data Science with Generative AI,,"Build AI, ML and Agentic AI Skills",AI & Data Science,"Master Data Science and Generative AI to become a complete AI professional. Learn data analysis, machine learning, deep learning, and cutting-edge generative AI models to solve real-world business problems.","Build machine learning, deep learning, NLP and generative AI skills on deployment-focused projects, and go beyond models into the agentic AI workflows teams are actually shipping.",12 Months,,Live Online,"Freshers, Graduates, Experienced",,,,,,,,,"Machine learning, deep learning, NLP and computer vision","LLM projects, AI agents and applied generative AI workflows",Real-world capstones with deployment and portfolio support,,"A comprehensive curriculum designed by industry experts combining Python, statistics, machine learning, deep learning, NLP, generative AI and agentic systems. Master model building, evaluation, deployment and MLOps with hands-on projects.","This PG Program in Data Science, AI/ML with Agentic AI equips you with machine learning, deep learning, NLP, generative AI and agent-building skills through deployment-focused projects and expert guidance.","10,000+",30+,"₹1,55,000",,"3, 6, 9 & 12 months (No Cost EMIs)",7-Day Money Back Guarantee,"July 18, 2026",Few seats left,,Industry-Aligned,Enrolling Now,100% Placement Assurance,,"Python, statistics, ML foundations and model evaluation","NLP, deep learning, computer vision and GenAI systems","Agentic AI workflows, RAG basics and AI product projects",1,2,3,4,5,6,7,8,9,10,11,12,13,14,15,16,17,18,19,20,21,Introduction to Data Science & AI,Python for Data Science,Statistics & Probability,Data Wrangling & Feature Engineering,Exploratory Data Analysis & Visualisation,Supervised Learning: Regression,Supervised Learning: Classification,Ensemble Methods & Model Tuning,Unsupervised Learning,Time Series Analysis & Forecasting,Deep Learning Foundations,Computer Vision,Natural Language Processing,Large Language Models,Generative AI Applications,Agentic AI Systems,SQL & Big Data for Data Science,Model Deployment & MLOps,Responsible AI & Model Governance,Data Science & AI Capstone Project,AI Career Readiness & Interview Prep,,,,,,,,,,,,,,,,,,,,,,What data scientists and AI engineers do,The data science lifecycle end to end,Where ML helps and where it does not,The modern AI/ML toolchain,"Career paths: analyst, scientist, ML engineer",Industry trends and outlook,"Python syntax, data structures and control flow",NumPy and vectorised computation,pandas for data manipulation,Working in Jupyter notebooks,"Reading data from files, APIs and databases",Python foundations project,Descriptive statistics and distributions,Probability rules and Bayes' theorem,Sampling and the central limit theorem,Confidence intervals and hypothesis testing,A/B testing and experiment design,Statistical inference case study,"Cleaning, imputation and outlier handling",Encoding categorical variables,"Scaling, normalisation and transformations",Feature creation from raw signals,Feature selection and dimensionality reduction,Feature engineering project,Structured exploration of a new dataset,matplotlib and seaborn for analysis,"Correlation, distribution and relationship plots",Detecting leakage and data problems early,Communicating exploratory findings,Complete EDA case study,Linear and polynomial regression,"Regularisation: Ridge, Lasso and ElasticNet","Assumptions, residuals and diagnostics",Regression evaluation metrics,Interpreting coefficients responsibly,Regression modeling project,Logistic regression and decision boundaries,Decision trees and k-nearest neighbours,"Precision, recall, F1 and ROC-AUC",Class imbalance strategies,Threshold selection for business cost,Classification modeling project,"Bagging, boosting and stacking",Random Forest in depth,"XGBoost, LightGBM and CatBoost",Cross-validation strategies,Hyperparameter search methods,Ensemble model competition project,k-means and hierarchical clustering,DBSCAN and density-based methods,PCA and dimensionality reduction,Anomaly and outlier detection,Evaluating clusters without labels,Customer segmentation project,"Trend, seasonality and stationarity",ARIMA and SARIMA models,Prophet and modern forecasting tools,Backtesting a forecast properly,Forecast error metrics,Demand forecasting project,"Neurons, layers and activation functions",Forward pass and backpropagation,Loss functions and optimisers,"Training, validation and regularisation",PyTorch and TensorFlow essentials,First neural network project,Convolutional neural networks explained,Image classification architectures,Transfer learning with pretrained models,Object detection fundamentals,Data augmentation strategies,Computer vision project,Text preprocessing and tokenisation,Embeddings and vector representations,Sequence models and attention,The transformer architecture,Text classification and named entity recognition,NLP project,How LLMs are trained and how they behave,Prompt engineering and structured output,"Context windows, tokens and cost",Fine-tuning versus prompting versus RAG,Evaluating LLM output quality,LLM application project,"Text, image and multimodal generation",Embeddings and vector databases,Retrieval-augmented generation end to end,"Chunking, indexing and retrieval quality","Guardrails, safety and hallucination control",RAG application project,What makes a system agentic,Tool use and function calling,"Planning, memory and multi-step reasoning",Multi-agent orchestration patterns,Evaluating and debugging agent behaviour,Agentic AI build project,SQL for analytical workloads,Window functions and analytical queries,Working with large datasets,Distributed processing concepts with Spark,Data access patterns for ML pipelines,Big data analysis exercise,Packaging a model as an API,FastAPI and containerisation with Docker,Experiment tracking and model registries,CI/CD for machine learning,Monitoring drift and model decay,Model deployment project,Bias and fairness in models and data,Explainability with SHAP and LIME,"Privacy, consent and data protection","Model risk, misuse and failure modes",Documentation and model cards,Responsible AI review exercise,End-to-end project on a real-world problem,Problem framing and dataset selection,"Modeling, evaluation and iteration",Deployment of the finished model or agent,Technical write-up and presentation,Portfolio packaging of the capstone,Data science resume creation and optimization,ML theory and coding interview preparation,Take-home modeling and case tests,Behavioral interview training,LinkedIn and GitHub portfolio for AI roles,1 year Placement Support for Top Fellows,,,,,,,,,,,,,,,,,,,,,,,,AI and data science capstone portfolio,Role preparation for data scientist and AI engineer tracks,Practical confidence with modern AI tools and workflows,Python & Statistical Foundations,Machine Learning Model Development,Deep Learning & Neural Networks,NLP & Large Language Models,Agentic AI & RAG Systems,300+ Hrs AI/ML-Focused Content,400+ Hrs Live Project Sessions,Practising AI Engineers as Mentors,Data Science & AI Job Placement Support,Round-the-Clock Assistance,Data Science & AI Curriculum Track,Skill Evaluation Tests,Learning Performance Analytics Dashboard,Professional Community Access,Self-Paced Learning Options,Global Alumni Community,Mock Interview Training,Data Science & AI Certificates,Advanced LMS Platform,Live AI Deployment Case Studies,Python,ML,NLP,LLMs,Agentic AI,Technical Presentation & Demo Skills,Explaining Models to Non-Technical Stakeholders,Problem Framing & Scientific Thinking,Cross-Functional Collaboration,Research Reading & Continuous Learning,Professional Networking & Relationship Building,Real-world Machine Learning Projects,Model Development & Evaluation Cycles,LLM and RAG Application Builds,Agentic AI Workflow Implementation,Model Deployment & Monitoring,Industry Mentorship by Practising AI Engineers,Program Investment,"₹1,55,000",Including GST,,,,,,,,,,,,,,,,,,,,,,,,,,,,,,,,,,,AI Mentor,,,,,,,,,,,,,,,,,,,,,,,,,,,,,,,,,,,,,,,,,,,,,,
6a646c8aceac244c3d6fdab7,programs,6a6061e97bfcf05ac32c3e23,5,6a6061e97bfcf05ac32c3e23,,,,,,,,,,,,,,,,,data-science-ai,published,2026-07-22T06:23:37.274Z,,false,4,,,,6a60a17c20a2dec57e15dec5,5,6a606a00ee5ababd488de220,https://ik.imagekit.io/ojoijfoinsdnfoodsnf/careerveda/programs/data-c3b60741.jpg,6a606a005c7cd75eb8b7161b,https://ik.imagekit.io/ojoijfoinsdnfoodsnf/tr:n-ik_ml_thumbnail/careerveda/programs/data-c3b60741.jpg,PG Program in Data Science with Generative AI,,1122,1402,,,,,,,,,PG Program in Data Science with Generative AI,"Master Data Science and Generative AI to become a complete AI professional. Learn data analysis, machine learning, deep learning, and cutting-edge…",,,false,2026-07-22T06:23:37.279Z,2026-07-25T07:57:41.380Z,true,6a6061e97bfcf05ac32c3e23,6a60a17c20a2dec57e15dec5,,2026-07-25T07:58:02.136Z,0,PG Program in Data Science with Generative,PG Program in Data Science with Generative AI,,"Build AI, ML and Agentic AI Skills",AI & Data Science,"Master Data Science and Generative AI to become a complete AI professional. Learn data analysis, machine learning, deep learning, and cutting-edge generative AI models to solve real-world business problems.","Build machine learning, deep learning, NLP and generative AI skills on deployment-focused projects, and go beyond models into the agentic AI workflows teams are actually shipping.",12 Months,,Live Online,"Freshers, Graduates, Experienced",,,,,,,,,"Machine learning, deep learning, NLP and computer vision","LLM projects, AI agents and applied generative AI workflows",Real-world capstones with deployment and portfolio support,,"A comprehensive curriculum designed by industry experts combining Python, statistics, machine learning, deep learning, NLP, generative AI and agentic systems. Master model building, evaluation, deployment and MLOps with hands-on projects.","This PG Program in Data Science, AI/ML with Agentic AI equips you with machine learning, deep learning, NLP, generative AI and agent-building skills through deployment-focused projects and expert guidance.","10,000+",30+,"₹1,55,000",,"3, 6, 9 & 12 months (No Cost EMIs)",7-Day Money Back Guarantee,"July 18, 2026",Few seats left,,Industry-Aligned,Enrolling Now,100% Placement Assurance,,"Python, statistics, ML foundations and model evaluation","NLP, deep learning, computer vision and GenAI systems","Agentic AI workflows, RAG basics and AI product projects",1,2,3,4,5,6,7,8,9,10,11,12,13,14,15,16,17,18,19,20,21,Introduction to Data Science & AI,Python for Data Science,Statistics & Probability,Data Wrangling & Feature Engineering,Exploratory Data Analysis & Visualisation,Supervised Learning: Regression,Supervised Learning: Classification,Ensemble Methods & Model Tuning,Unsupervised Learning,Time Series Analysis & Forecasting,Deep Learning Foundations,Computer Vision,Natural Language Processing,Large Language Models,Generative AI Applications,Agentic AI Systems,SQL & Big Data for Data Science,Model Deployment & MLOps,Responsible AI & Model Governance,Data Science & AI Capstone Project,AI Career Readiness & Interview Prep,,,,,,,,,,,,,,,,,,,,,,What data scientists and AI engineers do,The data science lifecycle end to end,Where ML helps and where it does not,The modern AI/ML toolchain,"Career paths: analyst, scientist, ML engineer",Industry trends and outlook,"Python syntax, data structures and control flow",NumPy and vectorised computation,pandas for data manipulation,Working in Jupyter notebooks,"Reading data from files, APIs and databases",Python foundations project,Descriptive statistics and distributions,Probability rules and Bayes' theorem,Sampling and the central limit theorem,Confidence intervals and hypothesis testing,A/B testing and experiment design,Statistical inference case study,"Cleaning, imputation and outlier handling",Encoding categorical variables,"Scaling, normalisation and transformations",Feature creation from raw signals,Feature selection and dimensionality reduction,Feature engineering project,Structured exploration of a new dataset,matplotlib and seaborn for analysis,"Correlation, distribution and relationship plots",Detecting leakage and data problems early,Communicating exploratory findings,Complete EDA case study,Linear and polynomial regression,"Regularisation: Ridge, Lasso and ElasticNet","Assumptions, residuals and diagnostics",Regression evaluation metrics,Interpreting coefficients responsibly,Regression modeling project,Logistic regression and decision boundaries,Decision trees and k-nearest neighbours,"Precision, recall, F1 and ROC-AUC",Class imbalance strategies,Threshold selection for business cost,Classification modeling project,"Bagging, boosting and stacking",Random Forest in depth,"XGBoost, LightGBM and CatBoost",Cross-validation strategies,Hyperparameter search methods,Ensemble model competition project,k-means and hierarchical clustering,DBSCAN and density-based methods,PCA and dimensionality reduction,Anomaly and outlier detection,Evaluating clusters without labels,Customer segmentation project,"Trend, seasonality and stationarity",ARIMA and SARIMA models,Prophet and modern forecasting tools,Backtesting a forecast properly,Forecast error metrics,Demand forecasting project,"Neurons, layers and activation functions",Forward pass and backpropagation,Loss functions and optimisers,"Training, validation and regularisation",PyTorch and TensorFlow essentials,First neural network project,Convolutional neural networks explained,Image classification architectures,Transfer learning with pretrained models,Object detection fundamentals,Data augmentation strategies,Computer vision project,Text preprocessing and tokenisation,Embeddings and vector representations,Sequence models and attention,The transformer architecture,Text classification and named entity recognition,NLP project,How LLMs are trained and how they behave,Prompt engineering and structured output,"Context windows, tokens and cost",Fine-tuning versus prompting versus RAG,Evaluating LLM output quality,LLM application project,"Text, image and multimodal generation",Embeddings and vector databases,Retrieval-augmented generation end to end,"Chunking, indexing and retrieval quality","Guardrails, safety and hallucination control",RAG application project,What makes a system agentic,Tool use and function calling,"Planning, memory and multi-step reasoning",Multi-agent orchestration patterns,Evaluating and debugging agent behaviour,Agentic AI build project,SQL for analytical workloads,Window functions and analytical queries,Working with large datasets,Distributed processing concepts with Spark,Data access patterns for ML pipelines,Big data analysis exercise,Packaging a model as an API,FastAPI and containerisation with Docker,Experiment tracking and model registries,CI/CD for machine learning,Monitoring drift and model decay,Model deployment project,Bias and fairness in models and data,Explainability with SHAP and LIME,"Privacy, consent and data protection","Model risk, misuse and failure modes",Documentation and model cards,Responsible AI review exercise,End-to-end project on a real-world problem,Problem framing and dataset selection,"Modeling, evaluation and iteration",Deployment of the finished model or agent,Technical write-up and presentation,Portfolio packaging of the capstone,Data science resume creation and optimization,ML theory and coding interview preparation,Take-home modeling and case tests,Behavioral interview training,LinkedIn and GitHub portfolio for AI roles,1 year Placement Support for Top Fellows,,,,,,,,,,,,,,,,,,,,,,,,AI and data science capstone portfolio,Role preparation for data scientist and AI engineer tracks,Practical confidence with modern AI tools and workflows,Python & Statistical Foundations,Machine Learning Model Development,Deep Learning & Neural Networks,NLP & Large Language Models,Agentic AI & RAG Systems,300+ Hrs AI/ML-Focused Content,400+ Hrs Live Project Sessions,Practising AI Engineers as Mentors,Data Science & AI Job Placement Support,Round-the-Clock Assistance,Data Science & AI Curriculum Track,Skill Evaluation Tests,Learning Performance Analytics Dashboard,Professional Community Access,Self-Paced Learning Options,Global Alumni Community,Mock Interview Training,Data Science & AI Certificates,Advanced LMS Platform,Live AI Deployment Case Studies,Python,ML,NLP,LLMs,Agentic AI,Technical Presentation & Demo Skills,Explaining Models to Non-Technical Stakeholders,Problem Framing & Scientific Thinking,Cross-Functional Collaboration,Research Reading & Continuous Learning,Professional Networking & Relationship Building,Real-world Machine Learning Projects,Model Development & Evaluation Cycles,LLM and RAG Application Builds,Agentic AI Workflow Implementation,Model Deployment & Monitoring,Industry Mentorship by Practising AI Engineers,Program Investment,"₹1,55,000",Including GST,,,,,,,,,,,,,,,,,,,,,,,,,,,,,,,,,,,AI Mentor,,,,,,,,,,,,,,,,,,,,,,,,,,,,,,,,,,,,,,,,,,,,,,
6a648034529d2aa6d14513ea,programs,6a6389bf65aeb41f890111f0,3,6a6389bf65aeb41f890111f0,,,,,,,,,,,,,,,,,hello-worl-d,published,2026-07-24T15:50:24.105Z,,false,0,,,6a60a17c20a2dec57e15dec5,6a60a17c20a2dec57e15dec5,3,6a61cc33f61896cd231ed323,https://ik.imagekit.io/ojoijfoinsdnfoodsnf/careerveda/bg_image-af8203c4.png,6a61cc345c7cd75eb8a69222,https://ik.imagekit.io/ojoijfoinsdnfoodsnf/tr:n-ik_ml_thumbnail/careerveda/bg_image-af8203c4.png,,,397,223,,,,,,,,,,,,,false,2026-07-24T15:50:23.945Z,2026-07-24T15:58:14.738Z,true,6a6389bf65aeb41f890111f0,6a60a17c20a2dec57e15dec5,,2026-07-25T09:21:56.797Z,0,hello worl d,,,dofjosjdfsd,oisfjdjsdjfs,sfjfdnjsndjfns,,6 Months,,Live Online,"Freshers, Graduates, Experienced",,,,,,,,,nsuhdfjsdjkfsd,sonfjsnjdfnldjsn,,,,,"10,000+",30+,7777,,"3, 6, 9 & 12 months (No Cost EMIs) · Zero hidden charges",7-Day Money Back Guarantee,,Few seats left,,Industry-Aligned,Enrolling Now,100% Placement Assurance,,jfnnsjdnfnksdnnajdsdksofnkjsdnjfnjsdnf   fsadhndfhsjdfjlsda   lsdnfjsdanofnlsdkanfsda   anljsfdnjosdnjfnsd,,,1,2,,,,,,,,,,,,,,,,,,,,module,8fhjodbknlacds,,,,,,,,,,,,,,,,,,,,,,,,,,,,,,,,,,,,,,,,,sanfjsdjfnjsnldfnjsdnj  df sdnfjsdnjfs kn  jk,fR,vf,gre,GG,er/y,jhafhfilsajidhnJKBLBCBSADFS,GKJHSABDKJFBFHSI,,,,,,,,,,,,,,,,,,,,,,,,,,,,,,,,,,,,,,,,,,,,,,,,,,,,,,,,,,,,,,,,,,,,,,,,,,,,,,,,,,,,,,,,,,,,,,,,,,,,,,,,,,,,,,,,,,,,,,,errbwhgnwojfvgljkj;dnfihbdofhsdbna;jdonfbfihsdbjandfkjisdbaf,,,,,,,,,,,,,,,,,,,,,,,fojsdjfsdf,kjsuidhfjhshdfs,,100% Live Instructor-Led Classes,Expert Trainers from Top Technology Companies,Daily Live Doubt-Solving Sessions,Real Industry Projects,25+ Assignments & Industry Case Studies,Three Globally Recognised Certifications,"Dedicated Profile Building — Portfolio, Resume & LinkedIn",Lifetime Placement Assistance,LMS Access for 2 Years,Full Access to Recordings & Notes,Flexible Weekend Learning,Advance Learning Modules,Multiple Practice Quizzes,Tech for PM & Analytics for PM Tracks,PM Interview Mastery Framework,Mock Interview Labs with Expert Feedback,AI Product Case Practice,Dedicated Virtual Classroom & Student Support,10K+ Student & Alumni Community,Hiring Preparation Support,,,,,,Stakeholder Communication,Executive Presentations & Storytelling,Influence Without Authority,Decision-Making Under Uncertainty,Cross-Functional Team Leadership,Conflict Resolution,Real-world Product Management Projects,Product Roadmap Development,User Research & PRD Writing,Feature Launch & A/B Testing,Product Analytics & Metrics Tracking,Industry Mentorship by Senior PMs,,,,,,,,,,,,,,,,,,,,,,,,,,,,,,,,,,,,,,ofjosjdjfsjdf,fkjsdnkjfnsdnfsd,,,,,,,,,,,,,,,,,,,,,,,,,,,,,,,,,,,,,,,,,,,,,
6a6482c11d3c08e955d8ed53,programs,6a6389bf65aeb41f890111f0,4,6a6389bf65aeb41f890111f0,,,,,,,,,,,,,,,,,hello-worl-d,published,2026-07-24T15:50:24.105Z,,false,0,,,6a60a17c20a2dec57e15dec5,6a60a17c20a2dec57e15dec5,4,6a61cc33f61896cd231ed323,https://ik.imagekit.io/ojoijfoinsdnfoodsnf/careerveda/bg_image-af8203c4.png,6a61cc345c7cd75eb8a69222,https://ik.imagekit.io/ojoijfoinsdnfoodsnf/tr:n-ik_ml_thumbnail/careerveda/bg_image-af8203c4.png,,,397,223,,,,,,,,,,,,,false,2026-07-24T15:50:23.945Z,2026-07-25T09:21:56.881Z,true,6a6389bf65aeb41f890111f0,6a60a17c20a2dec57e15dec5,,2026-07-25T09:32:49.352Z,0,hello worl d,,,dofjosjdfsd,oisfjdjsdjfs,sfjfdnjsndjfns,,6 Months,,Live Online,"Freshers, Graduates, Experienced",,,,,,,,,nsuhdfjsdjkfsd,sonfjsnjdfnldjsn,,,,,"10,000+",30+,99999,,"3, 6, 9 & 12 months (No Cost EMIs) · Zero hidden charges",7-Day Money Back Guarantee,,Few seats left,,Industry-Aligned,Enrolling Now,100% Placement Assurance,,jfnnsjdnfnksdnnajdsdksofnkjsdnjfnjsdnf   fsadhndfhsjdfjlsda   lsdnfjsdanofnlsdkanfsda   anljsfdnjosdnjfnsd,,,1,2,,,,,,,,,,,,,,,,,,,,module,8fhjodbknlacds,,,,,,,,,,,,,,,,,,,,,,,,,,,,,,,,,,,,,,,,,sanfjsdjfnjsnldfnjsdnj  df sdnfjsdnjfs kn  jk,fR,vf,gre,GG,er/y,jhafhfilsajidhnJKBLBCBSADFS,GKJHSABDKJFBFHSI,,,,,,,,,,,,,,,,,,,,,,,,,,,,,,,,,,,,,,,,,,,,,,,,,,,,,,,,,,,,,,,,,,,,,,,,,,,,,,,,,,,,,,,,,,,,,,,,,,,,,,,,,,,,,,,,,,,,,,,errbwhgnwojfvgljkj;dnfihbdofhsdbna;jdonfbfihsdbjandfkjisdbaf,,,,,,,,,,,,,,,,,,,,,,,fojsdjfsdf,kjsuidhfjhshdfs,,100% Live Instructor-Led Classes,Expert Trainers from Top Technology Companies,Daily Live Doubt-Solving Sessions,Real Industry Projects,25+ Assignments & Industry Case Studies,Three Globally Recognised Certifications,"Dedicated Profile Building — Portfolio, Resume & LinkedIn",Lifetime Placement Assistance,LMS Access for 2 Years,Full Access to Recordings & Notes,Flexible Weekend Learning,Advance Learning Modules,Multiple Practice Quizzes,Tech for PM & Analytics for PM Tracks,PM Interview Mastery Framework,Mock Interview Labs with Expert Feedback,AI Product Case Practice,Dedicated Virtual Classroom & Student Support,10K+ Student & Alumni Community,Hiring Preparation Support,,,,,,Stakeholder Communication,Executive Presentations & Storytelling,Influence Without Authority,Decision-Making Under Uncertainty,Cross-Functional Team Leadership,Conflict Resolution,Real-world Product Management Projects,Product Roadmap Development,User Research & PRD Writing,Feature Launch & A/B Testing,Product Analytics & Metrics Tracking,Industry Mentorship by Senior PMs,,,,,,,,,,,,,,,,,,,,,,,,,,,,,,,,,,,,,,ofjosjdjfsjdf,fkjsdnkjfnsdnfsd,,,,,,,,,,,,,,,,,,,,,,,,,,,,,,,,,,,,,,,,,,,,,
6a6482dc1d3c08e955d8ed61,programs,6a6389bf65aeb41f890111f0,5,6a6389bf65aeb41f890111f0,,,,,,,,,,,,,,,,,hello-worl-d,published,2026-07-24T15:50:24.105Z,,false,0,,,6a60a17c20a2dec57e15dec5,6a60a17c20a2dec57e15dec5,5,6a61cc33f61896cd231ed323,https://ik.imagekit.io/ojoijfoinsdnfoodsnf/careerveda/bg_image-af8203c4.png,6a61cc345c7cd75eb8a69222,https://ik.imagekit.io/ojoijfoinsdnfoodsnf/tr:n-ik_ml_thumbnail/careerveda/bg_image-af8203c4.png,,,397,223,,,,,,,,,,,,,false,2026-07-24T15:50:23.945Z,2026-07-25T09:32:49.431Z,true,6a6389bf65aeb41f890111f0,6a60a17c20a2dec57e15dec5,,2026-07-25T09:33:16.610Z,0,hello worl d,,,dofjosjdfsd,oisfjdjsdjfs,sfjfdnjsndjfns,,6 Months,,Live Online,"Freshers, Graduates, Experienced",,,,,,,,,nsuhdfjsdjkfsd,sonfjsnjdfnldjsn,,,,,"10,000+",30+,99999,,"3, 6, 9 & 12 months (No Cost EMIs) · Zero hidden charges",7-Day Money Back Guarantee,,Few seats left,,Industry-Aligned,Enrolling Now,100% Placement Assurance,,jfnnsjdnfnksdnnajdsdksofnkjsdnjfnjsdnf   fsadhndfhsjdfjlsda   lsdnfjsdanofnlsdkanfsda   anljsfdnjosdnjfnsd,,,1,2,,,,,,,,,,,,,,,,,,,,module,8fhjodbknlacds,,,,,,,,,,,,,,,,,,,,,,,,,,,,,,,,,,,,,,,,,sanfjsdjfnjsnldfnjsdnj  df sdnfjsdnjfs kn  jk,fR,vf,gre,GG,er/y,jhafhfilsajidhnJKBLBCBSADFS,GKJHSABDKJFBFHSI,,,,,,,,,,,,,,,,,,,,,,,,,,,,,,,,,,,,,,,,,,,,,,,,,,,,,,,,,,,,,,,,,,,,,,,,,,,,,,,,,,,,,,,,,,,,,,,,,,,,,,,,,,,,,,,,,,,,,,,errbwhgnwojfvgljkj;dnfihbdofhsdbna;jdonfbfihsdbjandfkjisdbaf,,,,,,,,,,,,,,,,,,,,,,,fojsdjfsdf,kjsuidhfjhshdfs,,100% Live Instructor-Led Classes,Expert Trainers from Top Technology Companies,Daily Live Doubt-Solving Sessions,Real Industry Projects,25+ Assignments & Industry Case Studies,Three Globally Recognised Certifications,"Dedicated Profile Building — Portfolio, Resume & LinkedIn",Lifetime Placement Assistance,LMS Access for 2 Years,Full Access to Recordings & Notes,Flexible Weekend Learning,Advance Learning Modules,Multiple Practice Quizzes,Tech for PM & Analytics for PM Tracks,PM Interview Mastery Framework,Mock Interview Labs with Expert Feedback,AI Product Case Practice,Dedicated Virtual Classroom & Student Support,10K+ Student & Alumni Community,Hiring Preparation Support,,,,,,Stakeholder Communication,Executive Presentations & Storytelling,Influence Without Authority,Decision-Making Under Uncertainty,Cross-Functional Team Leadership,Conflict Resolution,Real-world Product Management Projects,Product Roadmap Development,User Research & PRD Writing,Feature Launch & A/B Testing,Product Analytics & Metrics Tracking,Industry Mentorship by Senior PMs,,,,,,,,,,,,,,,,,,,,,,,,,,,,,,,,,,,,,,ofjosjdjfsjdf,fkjsdnkjfnsdnfsd,,,,,,,,,,,,,,,,,,,,,,,,,,,,,,,,,,,,,,,,,,,,,
6a64837c1d3c08e955d8ed97,programs,6a6061e87bfcf05ac32c3dff,4,6a6061e87bfcf05ac32c3dff,,,,,,,,,,,,,,,,,product-management,published,2026-07-22T06:23:36.918Z,,false,0,,,,,4,6a6069f8ee5ababd488de20c,https://ik.imagekit.io/ojoijfoinsdnfoodsnf/careerveda/programs/product-management-6b8b2802.jpg,6a6069f85c7cd75eb8b6fddc,https://ik.imagekit.io/ojoijfoinsdnfoodsnf/tr:n-ik_ml_thumbnail/careerveda/programs/product-management-6b8b2802.jpg,PG Program in Product Management,,1448,1086,,,,,,,,,PG Program in Product Management,"A structured, industry-focused program that prepares you to lead the end-to-end lifecycle of digital and technology-driven products. It blends business…",,,false,2026-07-22T06:23:36.938Z,2026-07-22T06:58:00.154Z,true,6a6061e87bfcf05ac32c3dff,6a60a17c20a2dec57e15dec5,,2026-07-25T09:35:56.264Z,0,PG Program in Product Management,PG Program in Product Management,,Become a High-Impact Product Manager,Product,"A structured, industry-focused program that prepares you to lead the end-to-end lifecycle of digital and technology-driven products. It blends business strategy, user-centric design, technology fundamentals and data-driven decision-making, so you can bridge engineering, design, marketing and business teams.","Manage products from ideation to launch and scale. Master product strategy, customer discovery, market research, UX fundamentals, agile methodologies, roadmapping and stakeholder management — and learn to drive decisions with product metrics, pricing strategy and go-to-market planning, through real-world case studies and a capstone project.",6 Months,,Live Online,"Freshers, Graduates, Experienced",,,,,,,,,"Product strategy, customer discovery, market research and UX fundamentals","Agile methodologies, product roadmapping and stakeholder management","Product metrics, pricing strategy and go-to-market planning, with AI throughout",,"A structured roadmap from aspiring product manager to product leader. Twelve modules take you from product thinking and customer obsession through research, strategy, roadmaps, UX, agile delivery, analytics and AI, to growth, leadership and a full capstone — each one leaving you a portfolio deliverable you keep.","Six months of 100% live, instructor-led learning from expert trainers at top technology companies, with daily doubt-solving, real industry projects and lifetime placement assistance. No coding background needed — product management is taught from the fundamentals.","10,000+",30+,"₹1,45,000",,"3, 6, 9 & 12 months (No Cost EMIs) · Zero hidden charges",7-Day Money Back Guarantee,"July 18, 2026",Few seats left,,Industry-Aligned,AI-Powered PM,Lifetime Placement Assistance,,"Product thinking, user research and product discovery","PRDs, roadmaps, wireframing and agile execution","Product analytics, AI for product managers, growth and go-to-market",1,2,3,4,5,6,7,8,9,10,11,12,13,,,,,,,,,Preparatory Foundation,Product Thinking & Customer Obsession,Market Research & Competitive Intelligence,User Research & Product Discovery,Product Strategy & Vision Development,Product Requirements & Roadmap Management,"UX, Wireframing & Product Design",Agile Product Development,Product Analytics & Decision Science,AI for Product Managers,Product Growth & Go-to-Market Strategy,Product Leadership & Stakeholder Management,Capstone Project,,,,,,,,,,,,,,,,,,,,,,,,,,,,,,Introduction to Product Thinking,Understanding Digital Products and Platforms,Product Management Career Paths,AI Fundamentals for Product Professionals,Business and Technology Basics,Product Management Terminology and Frameworks,Evolution of Product Management,Product Mindset vs Project Mindset,Understanding Customer Needs,Customer Journey Mapping,Problem Identification Techniques,Opportunity Discovery Frameworks,Market Sizing Fundamentals,Industry Analysis Frameworks,Competitive Benchmarking,SWOT and Opportunity Analysis,Emerging Technology Trends,AI-Based Market Research Techniques,User Interviews,Surveys and Feedback Collection,Persona Development,Jobs-To-Be-Done Framework,Behavioral Analysis,Customer Pain Point Mapping,Product Vision Creation,Strategic Planning,Business Model Fundamentals,Value Proposition Design,Product Portfolio Management,Product Positioning,Product Requirement Documents (PRDs),User Stories and Acceptance Criteria,Product Backlogs,Prioritization Frameworks,Product Roadmapping,Feature Planning,UX Principles,Information Architecture,Wireframing Fundamentals,User Flows,Prototyping Concepts,Design Reviews,Agile Frameworks,Scrum Fundamentals,Sprint Planning,Product Ownership,Engineering Collaboration,Release Management,Product Metrics Frameworks,North Star Metrics,Funnel Analysis,Cohort Analysis,Retention Metrics,Experimentation Design and A/B Testing,Generative AI Applications,AI Product Lifecycle,Prompt Engineering,AI-Assisted Research,AI-Based User Analysis,Building AI Features into Products,Product Launch Planning,Growth Frameworks,Product-Led Growth,User Acquisition,Activation and Retention,Pricing and Monetization,Stakeholder Communication,Executive Presentations,Conflict Resolution,Influence Without Authority,Decision-Making Under Uncertainty,Team Leadership,"Product discovery, market research and user validation",Product strategy and PRD creation,Wireframing and analytics planning,Go-to-market strategy,"Final deliverable: strategy document, PRD, wireframes, analytics framework, GTM plan and executive presentation",,,,,,,,,,,,,,,,,,,,,,,,,,,,,,,,,,,,,,,,,,,,,,,,,,,Introduction to Design Thinking,Product Positioning Strategy,Portfolio deliverable: Market Opportunity Assessment,Research Synthesis,Portfolio deliverable: User Research Repository and Personas,Strategic Decision Frameworks,Portfolio deliverable: Product Vision and Strategy Document,Release Planning,Portfolio deliverable: End-to-End Product Requirement Document,Accessibility Considerations,Portfolio deliverable: Interactive Product Prototype,Risk and Dependency Management,Portfolio deliverable: Sprint Planning Simulation,Data-Driven Decision Making,Portfolio deliverable: Product Analytics Dashboard,Responsible AI Practices,Portfolio deliverable: AI Feature Design Blueprint,Growth Experimentation,Portfolio deliverable: Go-to-Market Strategy Plan,Product Governance,Portfolio deliverable: Executive Product Review Deck,,"A portfolio of PRDs, prototypes, analytics dashboards and a GTM plan","Readiness for Associate Product Manager, Product Analyst, Product Executive and Junior PM roles","PM interview mastery: product cases, metrics, AI product scenarios and mock interview labs",100% Live Instructor-Led Classes,Expert Trainers from Top Technology Companies,Daily Live Doubt-Solving Sessions,Real Industry Projects,25+ Assignments & Industry Case Studies,Three Globally Recognised Certifications,"Dedicated Profile Building — Portfolio, Resume & LinkedIn",Lifetime Placement Assistance,LMS Access for 2 Years,Full Access to Recordings & Notes,Flexible Weekend Learning,Advance Learning Modules,Multiple Practice Quizzes,Tech for PM & Analytics for PM Tracks,PM Interview Mastery Framework,Mock Interview Labs with Expert Feedback,AI Product Case Practice,Dedicated Virtual Classroom & Student Support,10K+ Student & Alumni Community,Hiring Preparation Support,Product Strategy,User Research,Agile,Analytics,Gen AI,Stakeholder Communication,Executive Presentations & Storytelling,Influence Without Authority,Decision-Making Under Uncertainty,Cross-Functional Team Leadership,Conflict Resolution,Real-world Product Management Projects,Product Roadmap Development,User Research & PRD Writing,Feature Launch & A/B Testing,Product Analytics & Metrics Tracking,Industry Mentorship by Senior PMs,Program Investment,"₹1,45,000",Including GST,,,,,,,,,,,,,,,,,,,,,,,,,,,,,,,,,,,Expert Trainers,,,,,,,,,,,,,,,,,,,,,,,,,,,,,,,,,,,,,,,,,,,,,,
6a6483881d3c08e955d8eda5,programs,6a6061e87bfcf05ac32c3dff,5,6a6061e87bfcf05ac32c3dff,,,,,,,,,,,,,,,,,product-management,published,2026-07-22T06:23:36.918Z,,false,1,,,,6a60a17c20a2dec57e15dec5,5,6a6069f8ee5ababd488de20c,https://ik.imagekit.io/ojoijfoinsdnfoodsnf/careerveda/programs/product-management-6b8b2802.jpg,6a6069f85c7cd75eb8b6fddc,https://ik.imagekit.io/ojoijfoinsdnfoodsnf/tr:n-ik_ml_thumbnail/careerveda/programs/product-management-6b8b2802.jpg,PG Program in Product Management,,1448,1086,,,,,,,,,PG Program in Product Management,"A structured, industry-focused program that prepares you to lead the end-to-end lifecycle of digital and technology-driven products. It blends business…",,,false,2026-07-22T06:23:36.938Z,2026-07-25T09:35:56.341Z,true,6a6061e87bfcf05ac32c3dff,6a60a17c20a2dec57e15dec5,,2026-07-25T09:36:08.667Z,0,PG Program in Product Management Ai,PG Program in Product Management Ai,,Become a High-Impact Product Manager,Product,"A structured, industry-focused program that prepares you to lead the end-to-end lifecycle of digital and technology-driven products. It blends business strategy, user-centric design, technology fundamentals and data-driven decision-making, so you can bridge engineering, design, marketing and business teams. short description","Manage products from ideation to launch and scale. Master product strategy, customer discovery, market research, UX fundamentals, agile methodologies, roadmapping and stakeholder management — and learn to drive decisions with product metrics, pricing strategy and go-to-market planning, through real-world case studies and a capstone project.",6 Months,,Live Online,"Freshers, Graduates, Experienced",,,,,,,,,"Product strategy, customer discovery, market research and UX fundamentals","Agile methodologies, product roadmapping and stakeholder management","Product metrics, pricing strategy and go-to-market planning, with AI throughout",good comunication,"A structured roadmap from aspiring product manager to product leader. Twelve modules take you from product thinking and customer obsession through research, strategy, roadmaps, UX, agile delivery, analytics and AI, to growth, leadership and a full capstone — each one leaving you a portfolio deliverable you keep.","Six months of 100% live, instructor-led learning from expert trainers at top technology companies, with daily doubt-solving, real industry projects and lifetime placement assistance. No coding background needed — product management is taught from the fundamentals.","10,000+",30+,"₹1,45,000",,"3, 6, 9 & 12 months (No Cost EMIs) · Zero hidden charges",7-Day Money Back Guarantee,"July 18, 2026",Few seats left,,Industry-Aligned,AI-Powered PM,Lifetime Placement Assistance,,"Product thinking, user research and product discovery","PRDs, roadmaps, wireframing and agile execution","Product analytics, AI for product managers, growth and go-to-market",1,2,3,4,5,6,7,8,9,10,11,12,13,,,,,,,,,Preparatory Foundation,Product Thinking & Customer Obsession,Market Research & Competitive Intelligence,User Research & Product Discovery,Product Strategy & Vision Development,Product Requirements & Roadmap Management,"UX, Wireframing & Product Design",Agile Product Development,Product Analytics & Decision Science,AI for Product Managers,Product Growth & Go-to-Market Strategy,Product Leadership & Stakeholder Management,Capstone Project,,,,,,,,,,,,,,,,,,,,,,,,,,,,,,Introduction to Product Thinking,Understanding Digital Products and Platforms,Product Management Career Paths,AI Fundamentals for Product Professionals,Business and Technology Basics,Product Management Terminology and Frameworks,Evolution of Product Management,Product Mindset vs Project Mindset,Understanding Customer Needs,Customer Journey Mapping,Problem Identification Techniques,Opportunity Discovery Frameworks,Market Sizing Fundamentals,Industry Analysis Frameworks,Competitive Benchmarking,SWOT and Opportunity Analysis,Emerging Technology Trends,AI-Based Market Research Techniques,User Interviews,Surveys and Feedback Collection,Persona Development,Jobs-To-Be-Done Framework,Behavioral Analysis,Customer Pain Point Mapping,Product Vision Creation,Strategic Planning,Business Model Fundamentals,Value Proposition Design,Product Portfolio Management,Product Positioning,Product Requirement Documents (PRDs),User Stories and Acceptance Criteria,Product Backlogs,Prioritization Frameworks,Product Roadmapping,Feature Planning,UX Principles,Information Architecture,Wireframing Fundamentals,User Flows,Prototyping Concepts,Design Reviews,Agile Frameworks,Scrum Fundamentals,Sprint Planning,Product Ownership,Engineering Collaboration,Release Management,Product Metrics Frameworks,North Star Metrics,Funnel Analysis,Cohort Analysis,Retention Metrics,Experimentation Design and A/B Testing,Generative AI Applications,AI Product Lifecycle,Prompt Engineering,AI-Assisted Research,AI-Based User Analysis,Building AI Features into Products,Product Launch Planning,Growth Frameworks,Product-Led Growth,User Acquisition,Activation and Retention,Pricing and Monetization,Stakeholder Communication,Executive Presentations,Conflict Resolution,Influence Without Authority,Decision-Making Under Uncertainty,Team Leadership,"Product discovery, market research and user validation",Product strategy and PRD creation,Wireframing and analytics planning,Go-to-market strategy,"Final deliverable: strategy document, PRD, wireframes, analytics framework, GTM plan and executive presentation",,,,,,,,,,,,,,,,,,,,,,,,,,,,,,,,,,,,,,,,,,,,,,,,,,,Introduction to Design Thinking,Product Positioning Strategy,Portfolio deliverable: Market Opportunity Assessment,Research Synthesis,Portfolio deliverable: User Research Repository and Personas,Strategic Decision Frameworks,Portfolio deliverable: Product Vision and Strategy Document,Release Planning,Portfolio deliverable: End-to-End Product Requirement Document,Accessibility Considerations,Portfolio deliverable: Interactive Product Prototype,Risk and Dependency Management,Portfolio deliverable: Sprint Planning Simulation,Data-Driven Decision Making,Portfolio deliverable: Product Analytics Dashboard,Responsible AI Practices,Portfolio deliverable: AI Feature Design Blueprint,Growth Experimentation,Portfolio deliverable: Go-to-Market Strategy Plan,Product Governance,Portfolio deliverable: Executive Product Review Deck,,"A portfolio of PRDs, prototypes, analytics dashboards and a GTM plan","Readiness for Associate Product Manager, Product Analyst, Product Executive and Junior PM roles","PM interview mastery: product cases, metrics, AI product scenarios and mock interview labs",100% Live Instructor-Led Classes,Expert Trainers from Top Technology Companies,Daily Live Doubt-Solving Sessions,Real Industry Projects,25+ Assignments & Industry Case Studies,Three Globally Recognised Certifications,"Dedicated Profile Building — Portfolio, Resume & LinkedIn",Lifetime Placement Assistance,LMS Access for 2 Years,Full Access to Recordings & Notes,Flexible Weekend Learning,Advance Learning Modules,Multiple Practice Quizzes,Tech for PM & Analytics for PM Tracks,PM Interview Mastery Framework,Mock Interview Labs with Expert Feedback,AI Product Case Practice,Dedicated Virtual Classroom & Student Support,10K+ Student & Alumni Community,Hiring Preparation Support,Product Strategy,User Research,Agile,Analytics,Gen AI,Stakeholder Communication,Executive Presentations & Storytelling,Influence Without Authority,Decision-Making Under Uncertainty,Cross-Functional Team Leadership,Conflict Resolution,Real-world Product Management Projects,Product Roadmap Development,User Research & PRD Writing,Feature Launch & A/B Testing,Product Analytics & Metrics Tracking,Industry Mentorship by Senior PMs,Program Investment,"₹1,45,000",Including GST,,,,,,,,,,,,,,,,,,,,,,,,,,,,,,,,,,,Expert Trainers,,,,,,,,,,,,,,,,,,,,,,,,,,,,,,,,,,,,,,,,,,,,,,
6a64838f1d3c08e955d8edad,programs,6a6061e87bfcf05ac32c3dff,6,6a6061e87bfcf05ac32c3dff,,,,,,,,,,,,,,,,,product-management,published,2026-07-22T06:23:36.918Z,,false,1,,,,6a60a17c20a2dec57e15dec5,6,6a6069f8ee5ababd488de20c,https://ik.imagekit.io/ojoijfoinsdnfoodsnf/careerveda/programs/product-management-6b8b2802.jpg,6a6069f85c7cd75eb8b6fddc,https://ik.imagekit.io/ojoijfoinsdnfoodsnf/tr:n-ik_ml_thumbnail/careerveda/programs/product-management-6b8b2802.jpg,PG Program in Product Management,,1448,1086,,,,,,,,,PG Program in Product Management,"A structured, industry-focused program that prepares you to lead the end-to-end lifecycle of digital and technology-driven products. It blends business…",,,false,2026-07-22T06:23:36.938Z,2026-07-25T09:36:08.742Z,true,6a6061e87bfcf05ac32c3dff,6a60a17c20a2dec57e15dec5,,2026-07-25T09:36:15.440Z,0,PG Program in Product Management Ai,PG Program in Product Management Ai,,Become a High-Impact Product Manager,Product,"A structured, industry-focused program that prepares you to lead the end-to-end lifecycle of digital and technology-driven products. It blends business strategy, user-centric design, technology fundamentals and data-driven decision-making, so you can bridge engineering, design, marketing and business teams. short description","Manage products from ideation to launch and scale. Master product strategy, customer discovery, market research, UX fundamentals, agile methodologies, roadmapping and stakeholder management — and learn to drive decisions with product metrics, pricing strategy and go-to-market planning, through real-world case studies and a capstone project.",6 Months,,Live Online,"Freshers, Graduates, Experienced",,,,,,,,,"Product strategy, customer discovery, market research and UX fundamentals","Agile methodologies, product roadmapping and stakeholder management","Product metrics, pricing strategy and go-to-market planning, with AI throughout",,"A structured roadmap from aspiring product manager to product leader. Twelve modules take you from product thinking and customer obsession through research, strategy, roadmaps, UX, agile delivery, analytics and AI, to growth, leadership and a full capstone — each one leaving you a portfolio deliverable you keep.","Six months of 100% live, instructor-led learning from expert trainers at top technology companies, with daily doubt-solving, real industry projects and lifetime placement assistance. No coding background needed — product management is taught from the fundamentals.","10,000+",30+,"₹1,45,000",,"3, 6, 9 & 12 months (No Cost EMIs) · Zero hidden charges",7-Day Money Back Guarantee,"July 18, 2026",Few seats left,,Industry-Aligned,AI-Powered PM,Lifetime Placement Assistance,,"Product thinking, user research and product discovery","PRDs, roadmaps, wireframing and agile execution","Product analytics, AI for product managers, growth and go-to-market",1,2,3,4,5,6,7,8,9,10,11,12,13,,,,,,,,,Preparatory Foundation,Product Thinking & Customer Obsession,Market Research & Competitive Intelligence,User Research & Product Discovery,Product Strategy & Vision Development,Product Requirements & Roadmap Management,"UX, Wireframing & Product Design",Agile Product Development,Product Analytics & Decision Science,AI for Product Managers,Product Growth & Go-to-Market Strategy,Product Leadership & Stakeholder Management,Capstone Project,,,,,,,,,,,,,,,,,,,,,,,,,,,,,,Introduction to Product Thinking,Understanding Digital Products and Platforms,Product Management Career Paths,AI Fundamentals for Product Professionals,Business and Technology Basics,Product Management Terminology and Frameworks,Evolution of Product Management,Product Mindset vs Project Mindset,Understanding Customer Needs,Customer Journey Mapping,Problem Identification Techniques,Opportunity Discovery Frameworks,Market Sizing Fundamentals,Industry Analysis Frameworks,Competitive Benchmarking,SWOT and Opportunity Analysis,Emerging Technology Trends,AI-Based Market Research Techniques,User Interviews,Surveys and Feedback Collection,Persona Development,Jobs-To-Be-Done Framework,Behavioral Analysis,Customer Pain Point Mapping,Product Vision Creation,Strategic Planning,Business Model Fundamentals,Value Proposition Design,Product Portfolio Management,Product Positioning,Product Requirement Documents (PRDs),User Stories and Acceptance Criteria,Product Backlogs,Prioritization Frameworks,Product Roadmapping,Feature Planning,UX Principles,Information Architecture,Wireframing Fundamentals,User Flows,Prototyping Concepts,Design Reviews,Agile Frameworks,Scrum Fundamentals,Sprint Planning,Product Ownership,Engineering Collaboration,Release Management,Product Metrics Frameworks,North Star Metrics,Funnel Analysis,Cohort Analysis,Retention Metrics,Experimentation Design and A/B Testing,Generative AI Applications,AI Product Lifecycle,Prompt Engineering,AI-Assisted Research,AI-Based User Analysis,Building AI Features into Products,Product Launch Planning,Growth Frameworks,Product-Led Growth,User Acquisition,Activation and Retention,Pricing and Monetization,Stakeholder Communication,Executive Presentations,Conflict Resolution,Influence Without Authority,Decision-Making Under Uncertainty,Team Leadership,"Product discovery, market research and user validation",Product strategy and PRD creation,Wireframing and analytics planning,Go-to-market strategy,"Final deliverable: strategy document, PRD, wireframes, analytics framework, GTM plan and executive presentation",,,,,,,,,,,,,,,,,,,,,,,,,,,,,,,,,,,,,,,,,,,,,,,,,,,Introduction to Design Thinking,Product Positioning Strategy,Portfolio deliverable: Market Opportunity Assessment,Research Synthesis,Portfolio deliverable: User Research Repository and Personas,Strategic Decision Frameworks,Portfolio deliverable: Product Vision and Strategy Document,Release Planning,Portfolio deliverable: End-to-End Product Requirement Document,Accessibility Considerations,Portfolio deliverable: Interactive Product Prototype,Risk and Dependency Management,Portfolio deliverable: Sprint Planning Simulation,Data-Driven Decision Making,Portfolio deliverable: Product Analytics Dashboard,Responsible AI Practices,Portfolio deliverable: AI Feature Design Blueprint,Growth Experimentation,Portfolio deliverable: Go-to-Market Strategy Plan,Product Governance,Portfolio deliverable: Executive Product Review Deck,,"A portfolio of PRDs, prototypes, analytics dashboards and a GTM plan","Readiness for Associate Product Manager, Product Analyst, Product Executive and Junior PM roles","PM interview mastery: product cases, metrics, AI product scenarios and mock interview labs",100% Live Instructor-Led Classes,Expert Trainers from Top Technology Companies,Daily Live Doubt-Solving Sessions,Real Industry Projects,25+ Assignments & Industry Case Studies,Three Globally Recognised Certifications,"Dedicated Profile Building — Portfolio, Resume & LinkedIn",Lifetime Placement Assistance,LMS Access for 2 Years,Full Access to Recordings & Notes,Flexible Weekend Learning,Advance Learning Modules,Multiple Practice Quizzes,Tech for PM & Analytics for PM Tracks,PM Interview Mastery Framework,Mock Interview Labs with Expert Feedback,AI Product Case Practice,Dedicated Virtual Classroom & Student Support,10K+ Student & Alumni Community,Hiring Preparation Support,Product Strategy,User Research,Agile,Analytics,Gen AI,Stakeholder Communication,Executive Presentations & Storytelling,Influence Without Authority,Decision-Making Under Uncertainty,Cross-Functional Team Leadership,Conflict Resolution,Real-world Product Management Projects,Product Roadmap Development,User Research & PRD Writing,Feature Launch & A/B Testing,Product Analytics & Metrics Tracking,Industry Mentorship by Senior PMs,Program Investment,"₹1,45,000",Including GST,,,,,,,,,,,,,,,,,,,,,,,,,,,,,,,,,,,Expert Trainers,,,,,,,,,,,,,,,,,,,,,,,,,,,,,,,,,,,,,,,,,,,,,,
6a6483a41d3c08e955d8edc9,programs,6a6061e87bfcf05ac32c3dff,7,6a6061e87bfcf05ac32c3dff,,,,,,,,,,,,,,,,,product-management,published,2026-07-22T06:23:36.918Z,,false,1,,,,6a60a17c20a2dec57e15dec5,7,6a6069f8ee5ababd488de20c,https://ik.imagekit.io/ojoijfoinsdnfoodsnf/careerveda/programs/product-management-6b8b2802.jpg,6a6069f85c7cd75eb8b6fddc,https://ik.imagekit.io/ojoijfoinsdnfoodsnf/tr:n-ik_ml_thumbnail/careerveda/programs/product-management-6b8b2802.jpg,PG Program in Product Management,,1448,1086,,,,,,,,,PG Program in Product Management,"A structured, industry-focused program that prepares you to lead the end-to-end lifecycle of digital and technology-driven products. It blends business…",,,false,2026-07-22T06:23:36.938Z,2026-07-25T09:36:15.506Z,true,6a6061e87bfcf05ac32c3dff,6a60a17c20a2dec57e15dec5,,2026-07-25T09:36:36.214Z,0,PG Program in Product Management Ai,PG Program in Product Management Ai,,Become a High-Impact Product Manager,Product,"A structured, industry-focused program that prepares you to lead the end-to-end lifecycle of digital and technology-driven products. It blends business strategy, user-centric design, technology fundamentals and data-driven decision-making, so you can bridge engineering, design, marketing and business teams. short description","Manage products from ideation to launch and scale. Master product strategy, customer discovery, market research, UX fundamentals, agile methodologies, roadmapping and stakeholder management — and learn to drive decisions with product metrics, pricing strategy and go-to-market planning, through real-world case studies and a capstone project.",6 Months,,Live Online,"Freshers, Graduates, Experienced",,,,,,,,,"Product strategy, customer discovery, market research and UX fundamentals","Agile methodologies, product roadmapping and stakeholder management","Product metrics, pricing strategy and go-to-market planning, with AI throughout",,"A structured roadmap from aspiring product manager to product leader. Twelve modules take you from product thinking and customer obsession through research, strategy, roadmaps, UX, agile delivery, analytics and AI, to growth, leadership and a full capstone — each one leaving you a portfolio deliverable you keep.","Six months of 100% live, instructor-led learning from expert trainers at top technology companies, with daily doubt-solving, real industry projects and lifetime placement assistance. No coding background needed — product management is taught from the fundamentals.","10,000+",30+,"₹1,45,000",,"3, 6, 9 & 12 months (No Cost EMIs) · Zero hidden charges",7-Day Money Back Guarantee,"July 18, 2026",Few seats left,,Industry-Aligned,AI-Powered PM,Lifetime Placement Assistance,,"Product thinking, user research and product discovery","PRDs, roadmaps, wireframing and agile execution","Product analytics, AI for product managers, growth and go-to-market",1,2,3,4,5,6,7,8,9,10,11,12,13,,,,,,,,,Preparatory Foundation,Product Thinking & Customer Obsession,Market Research & Competitive Intelligence,User Research & Product Discovery,Product Strategy & Vision Development,Product Requirements & Roadmap Management,"UX, Wireframing & Product Design",Agile Product Development,Product Analytics & Decision Science,AI for Product Managers,Product Growth & Go-to-Market Strategy,Product Leadership & Stakeholder Management,Capstone Project,,,,,,,,,,,,,,,,,,,,,,,,,,,,,,Introduction to Product Thinking,Understanding Digital Products and Platforms,Product Management Career Paths,AI Fundamentals for Product Professionals,Business and Technology Basics,Product Management Terminology and Frameworks,Evolution of Product Management,Product Mindset vs Project Mindset,Understanding Customer Needs,Customer Journey Mapping,Problem Identification Techniques,Opportunity Discovery Frameworks,Market Sizing Fundamentals,Industry Analysis Frameworks,Competitive Benchmarking,SWOT and Opportunity Analysis,Emerging Technology Trends,AI-Based Market Research Techniques,User Interviews,Surveys and Feedback Collection,Persona Development,Jobs-To-Be-Done Framework,Behavioral Analysis,Customer Pain Point Mapping,Product Vision Creation,Strategic Planning,Business Model Fundamentals,Value Proposition Design,Product Portfolio Management,Product Positioning,Product Requirement Documents (PRDs),User Stories and Acceptance Criteria,Product Backlogs,Prioritization Frameworks,Product Roadmapping,Feature Planning,UX Principles,Information Architecture,Wireframing Fundamentals,User Flows,Prototyping Concepts,Design Reviews,Agile Frameworks,Scrum Fundamentals,Sprint Planning,Product Ownership,Engineering Collaboration,Release Management,Product Metrics Frameworks,North Star Metrics,Funnel Analysis,Cohort Analysis,Retention Metrics,Experimentation Design and A/B Testing,Generative AI Applications,AI Product Lifecycle,Prompt Engineering,AI-Assisted Research,AI-Based User Analysis,Building AI Features into Products,Product Launch Planning,Growth Frameworks,Product-Led Growth,User Acquisition,Activation and Retention,Pricing and Monetization,Stakeholder Communication,Executive Presentations,Conflict Resolution,Influence Without Authority,Decision-Making Under Uncertainty,Team Leadership,"Product discovery, market research and user validation",Product strategy and PRD creation,Wireframing and analytics planning,Go-to-market strategy,"Final deliverable: strategy document, PRD, wireframes, analytics framework, GTM plan and executive presentation",,,,,,,,,,,,,,,,,,,,,,,,,,,,,,,,,,,,,,,,,,,,,,,,,,,Introduction to Design Thinking,Product Positioning Strategy,Portfolio deliverable: Market Opportunity Assessment,Research Synthesis,Portfolio deliverable: User Research Repository and Personas,Strategic Decision Frameworks,Portfolio deliverable: Product Vision and Strategy Document,Release Planning,Portfolio deliverable: End-to-End Product Requirement Document,Accessibility Considerations,Portfolio deliverable: Interactive Product Prototype,Risk and Dependency Management,Portfolio deliverable: Sprint Planning Simulation,Data-Driven Decision Making,Portfolio deliverable: Product Analytics Dashboard,Responsible AI Practices,Portfolio deliverable: AI Feature Design Blueprint,Growth Experimentation,Portfolio deliverable: Go-to-Market Strategy Plan,Product Governance,Portfolio deliverable: Executive Product Review Deck,,"A portfolio of PRDs, prototypes, analytics dashboards and a GTM plan","Readiness for Associate Product Manager, Product Analyst, Product Executive and Junior PM roles","PM interview mastery: product cases, metrics, AI product scenarios and mock interview labs",100% Live Instructor-Led Classes,Expert Trainers from Top Technology Companies,Daily Live Doubt-Solving Sessions,Real Industry Projects,25+ Assignments & Industry Case Studies,Three Globally Recognised Certifications,"Dedicated Profile Building — Portfolio, Resume & LinkedIn",Lifetime Placement Assistance,LMS Access for 2 Years,Full Access to Recordings & Notes,Flexible Weekend Learning,Advance Learning Modules,Multiple Practice Quizzes,Tech for PM & Analytics for PM Tracks,PM Interview Mastery Framework,Mock Interview Labs with Expert Feedback,AI Product Case Practice,Dedicated Virtual Classroom & Student Support,10K+ Student & Alumni Community,Hiring Preparation Support,Product Strategy,User Research,Agile,Analytics,Gen AI,Stakeholder Communication,Executive Presentations & Storytelling,Influence Without Authority,Decision-Making Under Uncertainty,Cross-Functional Team Leadership,Conflict Resolution,Real-world Product Management Projects,Product Roadmap Development,User Research & PRD Writing,Feature Launch & A/B Testing,Product Analytics & Metrics Tracking,Industry Mentorship by Senior PMs,Program Investment,"₹1,45,000",Including GST,,,,,,,,,,,,,,,,,,,,,,,,,,,,,,,,,,,Expert Trainers,,,,,,,,,,,,,,,,,,,,,,,,,,,,,,,,,,,,,,,,,,,,,,
6a6483ac1d3c08e955d8edd1,programs,6a6061e87bfcf05ac32c3dff,8,6a6061e87bfcf05ac32c3dff,,,,,,,,,,,,,,,,,product-management,published,2026-07-22T06:23:36.918Z,,false,-3,,,,6a60a17c20a2dec57e15dec5,8,6a6069f8ee5ababd488de20c,https://ik.imagekit.io/ojoijfoinsdnfoodsnf/careerveda/programs/product-management-6b8b2802.jpg,6a6069f85c7cd75eb8b6fddc,https://ik.imagekit.io/ojoijfoinsdnfoodsnf/tr:n-ik_ml_thumbnail/careerveda/programs/product-management-6b8b2802.jpg,PG Program in Product Management,,1448,1086,,,,,,,,,PG Program in Product Management,"A structured, industry-focused program that prepares you to lead the end-to-end lifecycle of digital and technology-driven products. It blends business…",,,false,2026-07-22T06:23:36.938Z,2026-07-25T09:36:36.285Z,true,6a6061e87bfcf05ac32c3dff,6a60a17c20a2dec57e15dec5,,2026-07-25T09:36:44.497Z,0,PG Program in Product Management Ai,PG Program in Product Management Ai,,Become a High-Impact Product Manager,Product,"A structured, industry-focused program that prepares you to lead the end-to-end lifecycle of digital and technology-driven products. It blends business strategy, user-centric design, technology fundamentals and data-driven decision-making, so you can bridge engineering, design, marketing and business teams. short description","Manage products from ideation to launch and scale. Master product strategy, customer discovery, market research, UX fundamentals, agile methodologies, roadmapping and stakeholder management — and learn to drive decisions with product metrics, pricing strategy and go-to-market planning, through real-world case studies and a capstone project.",6 Months,,Live Online,"Freshers, Graduates, Experienced",,,,,,,,,"Product strategy, customer discovery, market research and UX fundamentals","Agile methodologies, product roadmapping and stakeholder management","Product metrics, pricing strategy and go-to-market planning, with AI throughout",,"A structured roadmap from aspiring product manager to product leader. Twelve modules take you from product thinking and customer obsession through research, strategy, roadmaps, UX, agile delivery, analytics and AI, to growth, leadership and a full capstone — each one leaving you a portfolio deliverable you keep.","Six months of 100% live, instructor-led learning from expert trainers at top technology companies, with daily doubt-solving, real industry projects and lifetime placement assistance. No coding background needed — product management is taught from the fundamentals.","10,000+",30+,"₹1,45,000",,"3, 6, 9 & 12 months (No Cost EMIs) · Zero hidden charges",7-Day Money Back Guarantee,"July 18, 2026",Few seats left,,Industry-Aligned,AI-Powered PM,Lifetime Placement Assistance,,"Product thinking, user research and product discovery","PRDs, roadmaps, wireframing and agile execution","Product analytics, AI for product managers, growth and go-to-market",1,2,3,4,5,6,7,8,9,10,11,12,13,,,,,,,,,Preparatory Foundation,Product Thinking & Customer Obsession,Market Research & Competitive Intelligence,User Research & Product Discovery,Product Strategy & Vision Development,Product Requirements & Roadmap Management,"UX, Wireframing & Product Design",Agile Product Development,Product Analytics & Decision Science,AI for Product Managers,Product Growth & Go-to-Market Strategy,Product Leadership & Stakeholder Management,Capstone Project,,,,,,,,,,,,,,,,,,,,,,,,,,,,,,Introduction to Product Thinking,Understanding Digital Products and Platforms,Product Management Career Paths,AI Fundamentals for Product Professionals,Business and Technology Basics,Product Management Terminology and Frameworks,Evolution of Product Management,Product Mindset vs Project Mindset,Understanding Customer Needs,Customer Journey Mapping,Problem Identification Techniques,Opportunity Discovery Frameworks,Market Sizing Fundamentals,Industry Analysis Frameworks,Competitive Benchmarking,SWOT and Opportunity Analysis,Emerging Technology Trends,AI-Based Market Research Techniques,User Interviews,Surveys and Feedback Collection,Persona Development,Jobs-To-Be-Done Framework,Behavioral Analysis,Customer Pain Point Mapping,Product Vision Creation,Strategic Planning,Business Model Fundamentals,Value Proposition Design,Product Portfolio Management,Product Positioning,Product Requirement Documents (PRDs),User Stories and Acceptance Criteria,Product Backlogs,Prioritization Frameworks,Product Roadmapping,Feature Planning,UX Principles,Information Architecture,Wireframing Fundamentals,User Flows,Prototyping Concepts,Design Reviews,Agile Frameworks,Scrum Fundamentals,Sprint Planning,Product Ownership,Engineering Collaboration,Release Management,Product Metrics Frameworks,North Star Metrics,Funnel Analysis,Cohort Analysis,Retention Metrics,Experimentation Design and A/B Testing,Generative AI Applications,AI Product Lifecycle,Prompt Engineering,AI-Assisted Research,AI-Based User Analysis,Building AI Features into Products,Product Launch Planning,Growth Frameworks,Product-Led Growth,User Acquisition,Activation and Retention,Pricing and Monetization,Stakeholder Communication,Executive Presentations,Conflict Resolution,Influence Without Authority,Decision-Making Under Uncertainty,Team Leadership,"Product discovery, market research and user validation",Product strategy and PRD creation,Wireframing and analytics planning,Go-to-market strategy,"Final deliverable: strategy document, PRD, wireframes, analytics framework, GTM plan and executive presentation",,,,,,,,,,,,,,,,,,,,,,,,,,,,,,,,,,,,,,,,,,,,,,,,,,,Introduction to Design Thinking,Product Positioning Strategy,Portfolio deliverable: Market Opportunity Assessment,Research Synthesis,Portfolio deliverable: User Research Repository and Personas,Strategic Decision Frameworks,Portfolio deliverable: Product Vision and Strategy Document,Release Planning,Portfolio deliverable: End-to-End Product Requirement Document,Accessibility Considerations,Portfolio deliverable: Interactive Product Prototype,Risk and Dependency Management,Portfolio deliverable: Sprint Planning Simulation,Data-Driven Decision Making,Portfolio deliverable: Product Analytics Dashboard,Responsible AI Practices,Portfolio deliverable: AI Feature Design Blueprint,Growth Experimentation,Portfolio deliverable: Go-to-Market Strategy Plan,Product Governance,Portfolio deliverable: Executive Product Review Deck,,"A portfolio of PRDs, prototypes, analytics dashboards and a GTM plan","Readiness for Associate Product Manager, Product Analyst, Product Executive and Junior PM roles","PM interview mastery: product cases, metrics, AI product scenarios and mock interview labs",100% Live Instructor-Led Classes,Expert Trainers from Top Technology Companies,Daily Live Doubt-Solving Sessions,Real Industry Projects,25+ Assignments & Industry Case Studies,Three Globally Recognised Certifications,"Dedicated Profile Building — Portfolio, Resume & LinkedIn",Lifetime Placement Assistance,LMS Access for 2 Years,Full Access to Recordings & Notes,Flexible Weekend Learning,Advance Learning Modules,Multiple Practice Quizzes,Tech for PM & Analytics for PM Tracks,PM Interview Mastery Framework,Mock Interview Labs with Expert Feedback,AI Product Case Practice,Dedicated Virtual Classroom & Student Support,10K+ Student & Alumni Community,Hiring Preparation Support,Product Strategy,User Research,Agile,Analytics,Gen AI,Stakeholder Communication,Executive Presentations & Storytelling,Influence Without Authority,Decision-Making Under Uncertainty,Cross-Functional Team Leadership,Conflict Resolution,Real-world Product Management Projects,Product Roadmap Development,User Research & PRD Writing,Feature Launch & A/B Testing,Product Analytics & Metrics Tracking,Industry Mentorship by Senior PMs,Program Investment,"₹1,45,000",Including GST,,,,,,,,,,,,,,,,,,,,,,,,,,,,,,,,,,,Expert Trainers,,,,,,,,,,,,,,,,,,,,,,,,,,,,,,,,,,,,,,,,,,,,,,
6a6483bc1d3c08e955d8eddf,programs,6a6061e87bfcf05ac32c3dff,9,6a6061e87bfcf05ac32c3dff,,,,,,,,,,,,,,,,,product-management,published,2026-07-22T06:23:36.918Z,,false,3,,,,6a60a17c20a2dec57e15dec5,9,6a6069f8ee5ababd488de20c,https://ik.imagekit.io/ojoijfoinsdnfoodsnf/careerveda/programs/product-management-6b8b2802.jpg,6a6069f85c7cd75eb8b6fddc,https://ik.imagekit.io/ojoijfoinsdnfoodsnf/tr:n-ik_ml_thumbnail/careerveda/programs/product-management-6b8b2802.jpg,PG Program in Product Management,,1448,1086,,,,,,,,,PG Program in Product Management,"A structured, industry-focused program that prepares you to lead the end-to-end lifecycle of digital and technology-driven products. It blends business…",,,false,2026-07-22T06:23:36.938Z,2026-07-25T09:36:44.568Z,true,6a6061e87bfcf05ac32c3dff,6a60a17c20a2dec57e15dec5,,2026-07-25T09:37:00.125Z,0,PG Program in Product Management Ai,PG Program in Product Management Ai,,Become a High-Impact Product Manager,Product,"A structured, industry-focused program that prepares you to lead the end-to-end lifecycle of digital and technology-driven products. It blends business strategy, user-centric design, technology fundamentals and data-driven decision-making, so you can bridge engineering, design, marketing and business teams. short description","Manage products from ideation to launch and scale. Master product strategy, customer discovery, market research, UX fundamentals, agile methodologies, roadmapping and stakeholder management — and learn to drive decisions with product metrics, pricing strategy and go-to-market planning, through real-world case studies and a capstone project.",6 Months,,Live Online,"Freshers, Graduates, Experienced",,,,,,,,,"Product strategy, customer discovery, market research and UX fundamentals","Agile methodologies, product roadmapping and stakeholder management","Product metrics, pricing strategy and go-to-market planning, with AI throughout",,"A structured roadmap from aspiring product manager to product leader. Twelve modules take you from product thinking and customer obsession through research, strategy, roadmaps, UX, agile delivery, analytics and AI, to growth, leadership and a full capstone — each one leaving you a portfolio deliverable you keep.","Six months of 100% live, instructor-led learning from expert trainers at top technology companies, with daily doubt-solving, real industry projects and lifetime placement assistance. No coding background needed — product management is taught from the fundamentals.","10,000+",30+,"₹1,45,000",,"3, 6, 9 & 12 months (No Cost EMIs) · Zero hidden charges",7-Day Money Back Guarantee,"July 18, 2026",Few seats left,,Industry-Aligned,AI-Powered PM,Lifetime Placement Assistance,,"Product thinking, user research and product discovery","PRDs, roadmaps, wireframing and agile execution","Product analytics, AI for product managers, growth and go-to-market",1,2,3,4,5,6,7,8,9,10,11,12,13,,,,,,,,,Preparatory Foundation,Product Thinking & Customer Obsession,Market Research & Competitive Intelligence,User Research & Product Discovery,Product Strategy & Vision Development,Product Requirements & Roadmap Management,"UX, Wireframing & Product Design",Agile Product Development,Product Analytics & Decision Science,AI for Product Managers,Product Growth & Go-to-Market Strategy,Product Leadership & Stakeholder Management,Capstone Project,,,,,,,,,,,,,,,,,,,,,,,,,,,,,,Introduction to Product Thinking,Understanding Digital Products and Platforms,Product Management Career Paths,AI Fundamentals for Product Professionals,Business and Technology Basics,Product Management Terminology and Frameworks,Evolution of Product Management,Product Mindset vs Project Mindset,Understanding Customer Needs,Customer Journey Mapping,Problem Identification Techniques,Opportunity Discovery Frameworks,Market Sizing Fundamentals,Industry Analysis Frameworks,Competitive Benchmarking,SWOT and Opportunity Analysis,Emerging Technology Trends,AI-Based Market Research Techniques,User Interviews,Surveys and Feedback Collection,Persona Development,Jobs-To-Be-Done Framework,Behavioral Analysis,Customer Pain Point Mapping,Product Vision Creation,Strategic Planning,Business Model Fundamentals,Value Proposition Design,Product Portfolio Management,Product Positioning,Product Requirement Documents (PRDs),User Stories and Acceptance Criteria,Product Backlogs,Prioritization Frameworks,Product Roadmapping,Feature Planning,UX Principles,Information Architecture,Wireframing Fundamentals,User Flows,Prototyping Concepts,Design Reviews,Agile Frameworks,Scrum Fundamentals,Sprint Planning,Product Ownership,Engineering Collaboration,Release Management,Product Metrics Frameworks,North Star Metrics,Funnel Analysis,Cohort Analysis,Retention Metrics,Experimentation Design and A/B Testing,Generative AI Applications,AI Product Lifecycle,Prompt Engineering,AI-Assisted Research,AI-Based User Analysis,Building AI Features into Products,Product Launch Planning,Growth Frameworks,Product-Led Growth,User Acquisition,Activation and Retention,Pricing and Monetization,Stakeholder Communication,Executive Presentations,Conflict Resolution,Influence Without Authority,Decision-Making Under Uncertainty,Team Leadership,"Product discovery, market research and user validation",Product strategy and PRD creation,Wireframing and analytics planning,Go-to-market strategy,"Final deliverable: strategy document, PRD, wireframes, analytics framework, GTM plan and executive presentation",,,,,,,,,,,,,,,,,,,,,,,,,,,,,,,,,,,,,,,,,,,,,,,,,,,Introduction to Design Thinking,Product Positioning Strategy,Portfolio deliverable: Market Opportunity Assessment,Research Synthesis,Portfolio deliverable: User Research Repository and Personas,Strategic Decision Frameworks,Portfolio deliverable: Product Vision and Strategy Document,Release Planning,Portfolio deliverable: End-to-End Product Requirement Document,Accessibility Considerations,Portfolio deliverable: Interactive Product Prototype,Risk and Dependency Management,Portfolio deliverable: Sprint Planning Simulation,Data-Driven Decision Making,Portfolio deliverable: Product Analytics Dashboard,Responsible AI Practices,Portfolio deliverable: AI Feature Design Blueprint,Growth Experimentation,Portfolio deliverable: Go-to-Market Strategy Plan,Product Governance,Portfolio deliverable: Executive Product Review Deck,,"A portfolio of PRDs, prototypes, analytics dashboards and a GTM plan","Readiness for Associate Product Manager, Product Analyst, Product Executive and Junior PM roles","PM interview mastery: product cases, metrics, AI product scenarios and mock interview labs",100% Live Instructor-Led Classes,Expert Trainers from Top Technology Companies,Daily Live Doubt-Solving Sessions,Real Industry Projects,25+ Assignments & Industry Case Studies,Three Globally Recognised Certifications,"Dedicated Profile Building — Portfolio, Resume & LinkedIn",Lifetime Placement Assistance,LMS Access for 2 Years,Full Access to Recordings & Notes,Flexible Weekend Learning,Advance Learning Modules,Multiple Practice Quizzes,Tech for PM & Analytics for PM Tracks,PM Interview Mastery Framework,Mock Interview Labs with Expert Feedback,AI Product Case Practice,Dedicated Virtual Classroom & Student Support,10K+ Student & Alumni Community,Hiring Preparation Support,Product Strategy,User Research,Agile,Analytics,Gen AI,Stakeholder Communication,Executive Presentations & Storytelling,Influence Without Authority,Decision-Making Under Uncertainty,Cross-Functional Team Leadership,Conflict Resolution,Real-world Product Management Projects,Product Roadmap Development,User Research & PRD Writing,Feature Launch & A/B Testing,Product Analytics & Metrics Tracking,Industry Mentorship by Senior PMs,Program Investment,"₹1,45,000",Including GST,,,,,,,,,,,,,,,,,,,,,,,,,,,,,,,,,,,Expert Trainers,,,,,,,,,,,,,,,,,,,,,,,,,,,,,,,,,,,,,,,,,,,,,,
6a6484429d9cf2dc8ad889b9,programs,6a6061e87bfcf05ac32c3dff,10,6a6061e87bfcf05ac32c3dff,,,,,,,,,,,,,,,,,product-management,published,2026-07-22T06:23:36.918Z,,false,-3,,,,6a60a17c20a2dec57e15dec5,10,6a6069f8ee5ababd488de20c,https://ik.imagekit.io/ojoijfoinsdnfoodsnf/careerveda/programs/product-management-6b8b2802.jpg,6a6069f85c7cd75eb8b6fddc,https://ik.imagekit.io/ojoijfoinsdnfoodsnf/tr:n-ik_ml_thumbnail/careerveda/programs/product-management-6b8b2802.jpg,PG Program in Product Management,,1448,1086,,,,,,,,,PG Program in Product Management,"A structured, industry-focused program that prepares you to lead the end-to-end lifecycle of digital and technology-driven products. It blends business…",,,false,2026-07-22T06:23:36.938Z,2026-07-25T09:37:00.188Z,true,6a6061e87bfcf05ac32c3dff,6a60a17c20a2dec57e15dec5,,2026-07-25T09:39:14.276Z,0,PG Program in Product Management Ai,PG Program in Product Management Ai,,Become a High-Impact Product Manager,Product,"A structured, industry-focused program that prepares you to lead the end-to-end lifecycle of digital and technology-driven products. It blends business strategy, user-centric design, technology fundamentals and data-driven decision-making, so you can bridge engineering, design, marketing and business teams. short description","Manage products from ideation to launch and scale. Master product strategy, customer discovery, market research, UX fundamentals, agile methodologies, roadmapping and stakeholder management — and learn to drive decisions with product metrics, pricing strategy and go-to-market planning, through real-world case studies and a capstone project.",6 Months,,Live Online,"Freshers, Graduates, Experienced",,,,,,,,,"Product strategy, customer discovery, market research and UX fundamentals","Agile methodologies, product roadmapping and stakeholder management","Product metrics, pricing strategy and go-to-market planning, with AI throughout",,"A structured roadmap from aspiring product manager to product leader. Twelve modules take you from product thinking and customer obsession through research, strategy, roadmaps, UX, agile delivery, analytics and AI, to growth, leadership and a full capstone — each one leaving you a portfolio deliverable you keep.","Six months of 100% live, instructor-led learning from expert trainers at top technology companies, with daily doubt-solving, real industry projects and lifetime placement assistance. No coding background needed — product management is taught from the fundamentals.","10,000+",30+,"₹1,45,000",,"3, 6, 9 & 12 months (No Cost EMIs) · Zero hidden charges",7-Day Money Back Guarantee,"July 18, 2026",Few seats left,,Industry-Aligned,AI-Powered PM,Lifetime Placement Assistance,,"Product thinking, user research and product discovery","PRDs, roadmaps, wireframing and agile execution","Product analytics, AI for product managers, growth and go-to-market",1,2,3,4,5,6,7,8,9,10,11,12,13,,,,,,,,,Preparatory Foundation,Product Thinking & Customer Obsession,Market Research & Competitive Intelligence,User Research & Product Discovery,Product Strategy & Vision Development,Product Requirements & Roadmap Management,"UX, Wireframing & Product Design",Agile Product Development,Product Analytics & Decision Science,AI for Product Managers,Product Growth & Go-to-Market Strategy,Product Leadership & Stakeholder Management,Capstone Project,,,,,,,,,,,,,,,,,,,,,,,,,,,,,,Introduction to Product Thinking,Understanding Digital Products and Platforms,Product Management Career Paths,AI Fundamentals for Product Professionals,Business and Technology Basics,Product Management Terminology and Frameworks,Evolution of Product Management,Product Mindset vs Project Mindset,Understanding Customer Needs,Customer Journey Mapping,Problem Identification Techniques,Opportunity Discovery Frameworks,Market Sizing Fundamentals,Industry Analysis Frameworks,Competitive Benchmarking,SWOT and Opportunity Analysis,Emerging Technology Trends,AI-Based Market Research Techniques,User Interviews,Surveys and Feedback Collection,Persona Development,Jobs-To-Be-Done Framework,Behavioral Analysis,Customer Pain Point Mapping,Product Vision Creation,Strategic Planning,Business Model Fundamentals,Value Proposition Design,Product Portfolio Management,Product Positioning,Product Requirement Documents (PRDs),User Stories and Acceptance Criteria,Product Backlogs,Prioritization Frameworks,Product Roadmapping,Feature Planning,UX Principles,Information Architecture,Wireframing Fundamentals,User Flows,Prototyping Concepts,Design Reviews,Agile Frameworks,Scrum Fundamentals,Sprint Planning,Product Ownership,Engineering Collaboration,Release Management,Product Metrics Frameworks,North Star Metrics,Funnel Analysis,Cohort Analysis,Retention Metrics,Experimentation Design and A/B Testing,Generative AI Applications,AI Product Lifecycle,Prompt Engineering,AI-Assisted Research,AI-Based User Analysis,Building AI Features into Products,Product Launch Planning,Growth Frameworks,Product-Led Growth,User Acquisition,Activation and Retention,Pricing and Monetization,Stakeholder Communication,Executive Presentations,Conflict Resolution,Influence Without Authority,Decision-Making Under Uncertainty,Team Leadership,"Product discovery, market research and user validation",Product strategy and PRD creation,Wireframing and analytics planning,Go-to-market strategy,"Final deliverable: strategy document, PRD, wireframes, analytics framework, GTM plan and executive presentation",,,,,,,,,,,,,,,,,,,,,,,,,,,,,,,,,,,,,,,,,,,,,,,,,,,Introduction to Design Thinking,Product Positioning Strategy,Portfolio deliverable: Market Opportunity Assessment,Research Synthesis,Portfolio deliverable: User Research Repository and Personas,Strategic Decision Frameworks,Portfolio deliverable: Product Vision and Strategy Document,Release Planning,Portfolio deliverable: End-to-End Product Requirement Document,Accessibility Considerations,Portfolio deliverable: Interactive Product Prototype,Risk and Dependency Management,Portfolio deliverable: Sprint Planning Simulation,Data-Driven Decision Making,Portfolio deliverable: Product Analytics Dashboard,Responsible AI Practices,Portfolio deliverable: AI Feature Design Blueprint,Growth Experimentation,Portfolio deliverable: Go-to-Market Strategy Plan,Product Governance,Portfolio deliverable: Executive Product Review Deck,,"A portfolio of PRDs, prototypes, analytics dashboards and a GTM plan","Readiness for Associate Product Manager, Product Analyst, Product Executive and Junior PM roles","PM interview mastery: product cases, metrics, AI product scenarios and mock interview labs",100% Live Instructor-Led Classes,Expert Trainers from Top Technology Companies,Daily Live Doubt-Solving Sessions,Real Industry Projects,25+ Assignments & Industry Case Studies,Three Globally Recognised Certifications,"Dedicated Profile Building — Portfolio, Resume & LinkedIn",Lifetime Placement Assistance,LMS Access for 2 Years,Full Access to Recordings & Notes,Flexible Weekend Learning,Advance Learning Modules,Multiple Practice Quizzes,Tech for PM & Analytics for PM Tracks,PM Interview Mastery Framework,Mock Interview Labs with Expert Feedback,AI Product Case Practice,Dedicated Virtual Classroom & Student Support,10K+ Student & Alumni Community,Hiring Preparation Support,Product Strategy,User Research,Agile,Analytics,Gen AI,Stakeholder Communication,Executive Presentations & Storytelling,Influence Without Authority,Decision-Making Under Uncertainty,Cross-Functional Team Leadership,Conflict Resolution,Real-world Product Management Projects,Product Roadmap Development,User Research & PRD Writing,Feature Launch & A/B Testing,Product Analytics & Metrics Tracking,Industry Mentorship by Senior PMs,Program Investment,"₹1,45,000",Including GST,,,,,,,,,,,,,,,,,,,,,,,,,,,,,,,,,,,Expert Trainers,,,,,,,,,,,,,,,,,,,,,,,,,,,,,,,,,,,,,,,,,,,,,,
6a64844b9d9cf2dc8ad88a02,programs,6a6061e87bfcf05ac32c3dff,11,6a6061e87bfcf05ac32c3dff,,,,,,,,,,,,,,,,,product-management,published,2026-07-22T06:23:36.918Z,,false,1,,,,6a60a17c20a2dec57e15dec5,11,6a6069f8ee5ababd488de20c,https://ik.imagekit.io/ojoijfoinsdnfoodsnf/careerveda/programs/product-management-6b8b2802.jpg,6a6069f85c7cd75eb8b6fddc,https://ik.imagekit.io/ojoijfoinsdnfoodsnf/tr:n-ik_ml_thumbnail/careerveda/programs/product-management-6b8b2802.jpg,PG Program in Product Management,,1448,1086,,,,,,,,,PG Program in Product Management,"A structured, industry-focused program that prepares you to lead the end-to-end lifecycle of digital and technology-driven products. It blends business…",,,false,2026-07-22T06:23:36.938Z,2026-07-25T09:39:14.583Z,true,6a6061e87bfcf05ac32c3dff,6a60a17c20a2dec57e15dec5,,2026-07-25T09:39:23.239Z,0,PG Program in Product Management Ai,PG Program in Product Management Ai,,Become a High-Impact Product Manager,Product,"A structured, industry-focused program that prepares you to lead the end-to-end lifecycle of digital and technology-driven products. It blends business strategy, user-centric design, technology fundamentals and data-driven decision-making, so you can bridge engineering, design, marketing and business teams. short description","Manage products from ideation to launch and scale. Master product strategy, customer discovery, market research, UX fundamentals, agile methodologies, roadmapping and stakeholder management — and learn to drive decisions with product metrics, pricing strategy and go-to-market planning, through real-world case studies and a capstone project.",6 Months,,Live Online,"Freshers, Graduates, Experienced",,,,,,,,,"Product strategy, customer discovery, market research and UX fundamentals","Agile methodologies, product roadmapping and stakeholder management","Product metrics, pricing strategy and go-to-market planning, with AI throughout",,"A structured roadmap from aspiring product manager to product leader. Twelve modules take you from product thinking and customer obsession through research, strategy, roadmaps, UX, agile delivery, analytics and AI, to growth, leadership and a full capstone — each one leaving you a portfolio deliverable you keep.","Six months of 100% live, instructor-led learning from expert trainers at top technology companies, with daily doubt-solving, real industry projects and lifetime placement assistance. No coding background needed — product management is taught from the fundamentals.","10,000+",30+,"₹1,45,000",,"3, 6, 9 & 12 months (No Cost EMIs) · Zero hidden charges",7-Day Money Back Guarantee,"July 18, 2026",Few seats left,,Industry-Aligned,AI-Powered PM,Lifetime Placement Assistance,,"Product thinking, user research and product discovery","PRDs, roadmaps, wireframing and agile execution","Product analytics, AI for product managers, growth and go-to-market",1,2,3,4,5,6,7,8,9,10,11,12,13,,,,,,,,,Preparatory Foundation,Product Thinking & Customer Obsession,Market Research & Competitive Intelligence,User Research & Product Discovery,Product Strategy & Vision Development,Product Requirements & Roadmap Management,"UX, Wireframing & Product Design",Agile Product Development,Product Analytics & Decision Science,AI for Product Managers,Product Growth & Go-to-Market Strategy,Product Leadership & Stakeholder Management,Capstone Project,,,,,,,,,,,,,,,,,,,,,,,,,,,,,,Introduction to Product Thinking,Understanding Digital Products and Platforms,Product Management Career Paths,AI Fundamentals for Product Professionals,Business and Technology Basics,Product Management Terminology and Frameworks,Evolution of Product Management,Product Mindset vs Project Mindset,Understanding Customer Needs,Customer Journey Mapping,Problem Identification Techniques,Opportunity Discovery Frameworks,Market Sizing Fundamentals,Industry Analysis Frameworks,Competitive Benchmarking,SWOT and Opportunity Analysis,Emerging Technology Trends,AI-Based Market Research Techniques,User Interviews,Surveys and Feedback Collection,Persona Development,Jobs-To-Be-Done Framework,Behavioral Analysis,Customer Pain Point Mapping,Product Vision Creation,Strategic Planning,Business Model Fundamentals,Value Proposition Design,Product Portfolio Management,Product Positioning,Product Requirement Documents (PRDs),User Stories and Acceptance Criteria,Product Backlogs,Prioritization Frameworks,Product Roadmapping,Feature Planning,UX Principles,Information Architecture,Wireframing Fundamentals,User Flows,Prototyping Concepts,Design Reviews,Agile Frameworks,Scrum Fundamentals,Sprint Planning,Product Ownership,Engineering Collaboration,Release Management,Product Metrics Frameworks,North Star Metrics,Funnel Analysis,Cohort Analysis,Retention Metrics,Experimentation Design and A/B Testing,Generative AI Applications,AI Product Lifecycle,Prompt Engineering,AI-Assisted Research,AI-Based User Analysis,Building AI Features into Products,Product Launch Planning,Growth Frameworks,Product-Led Growth,User Acquisition,Activation and Retention,Pricing and Monetization,Stakeholder Communication,Executive Presentations,Conflict Resolution,Influence Without Authority,Decision-Making Under Uncertainty,Team Leadership,"Product discovery, market research and user validation",Product strategy and PRD creation,Wireframing and analytics planning,Go-to-market strategy,"Final deliverable: strategy document, PRD, wireframes, analytics framework, GTM plan and executive presentation",,,,,,,,,,,,,,,,,,,,,,,,,,,,,,,,,,,,,,,,,,,,,,,,,,,Introduction to Design Thinking,Product Positioning Strategy,Portfolio deliverable: Market Opportunity Assessment,Research Synthesis,Portfolio deliverable: User Research Repository and Personas,Strategic Decision Frameworks,Portfolio deliverable: Product Vision and Strategy Document,Release Planning,Portfolio deliverable: End-to-End Product Requirement Document,Accessibility Considerations,Portfolio deliverable: Interactive Product Prototype,Risk and Dependency Management,Portfolio deliverable: Sprint Planning Simulation,Data-Driven Decision Making,Portfolio deliverable: Product Analytics Dashboard,Responsible AI Practices,Portfolio deliverable: AI Feature Design Blueprint,Growth Experimentation,Portfolio deliverable: Go-to-Market Strategy Plan,Product Governance,Portfolio deliverable: Executive Product Review Deck,,"A portfolio of PRDs, prototypes, analytics dashboards and a GTM plan","Readiness for Associate Product Manager, Product Analyst, Product Executive and Junior PM roles","PM interview mastery: product cases, metrics, AI product scenarios and mock interview labs",100% Live Instructor-Led Classes,Expert Trainers from Top Technology Companies,Daily Live Doubt-Solving Sessions,Real Industry Projects,25+ Assignments & Industry Case Studies,Three Globally Recognised Certifications,"Dedicated Profile Building — Portfolio, Resume & LinkedIn",Lifetime Placement Assistance,LMS Access for 2 Years,Full Access to Recordings & Notes,Flexible Weekend Learning,Advance Learning Modules,Multiple Practice Quizzes,Tech for PM & Analytics for PM Tracks,PM Interview Mastery Framework,Mock Interview Labs with Expert Feedback,AI Product Case Practice,Dedicated Virtual Classroom & Student Support,10K+ Student & Alumni Community,Hiring Preparation Support,Product Strategy,User Research,Agile,Analytics,Gen AI,Stakeholder Communication,Executive Presentations & Storytelling,Influence Without Authority,Decision-Making Under Uncertainty,Cross-Functional Team Leadership,Conflict Resolution,Real-world Product Management Projects,Product Roadmap Development,User Research & PRD Writing,Feature Launch & A/B Testing,Product Analytics & Metrics Tracking,Industry Mentorship by Senior PMs,Program Investment,"₹1,45,000",Including GST,,,,,,,,,,,,,,,,,,,,,,,,,,,,,,,,,,,Expert Trainers,,,,,,,,,,,,,,,,,,,,,,,,,,,,,,,,,,,,,,,,,,,,,,
6a6484519d9cf2dc8ad88a11,programs,6a6061e87bfcf05ac32c3dff,12,6a6061e87bfcf05ac32c3dff,,,,,,,,,,,,,,,,,product-management,published,2026-07-22T06:23:36.918Z,,false,2,,,,6a60a17c20a2dec57e15dec5,12,6a6069f8ee5ababd488de20c,https://ik.imagekit.io/ojoijfoinsdnfoodsnf/careerveda/programs/product-management-6b8b2802.jpg,6a6069f85c7cd75eb8b6fddc,https://ik.imagekit.io/ojoijfoinsdnfoodsnf/tr:n-ik_ml_thumbnail/careerveda/programs/product-management-6b8b2802.jpg,PG Program in Product Management,,1448,1086,,,,,,,,,PG Program in Product Management,"A structured, industry-focused program that prepares you to lead the end-to-end lifecycle of digital and technology-driven products. It blends business…",,,false,2026-07-22T06:23:36.938Z,2026-07-25T09:39:23.377Z,true,6a6061e87bfcf05ac32c3dff,6a60a17c20a2dec57e15dec5,,2026-07-25T09:39:29.518Z,0,PG Program in Product Management Ai,PG Program in Product Management Ai,,Become a High-Impact Product Manager,Product,"A structured, industry-focused program that prepares you to lead the end-to-end lifecycle of digital and technology-driven products. It blends business strategy, user-centric design, technology fundamentals and data-driven decision-making, so you can bridge engineering, design, marketing and business teams. short description","Manage products from ideation to launch and scale. Master product strategy, customer discovery, market research, UX fundamentals, agile methodologies, roadmapping and stakeholder management — and learn to drive decisions with product metrics, pricing strategy and go-to-market planning, through real-world case studies and a capstone project.",6 Months,,Live Online,"Freshers, Graduates, Experienced",,,,,,,,,"Product strategy, customer discovery, market research and UX fundamentals","Agile methodologies, product roadmapping and stakeholder management","Product metrics, pricing strategy and go-to-market planning, with AI throughout",,"A structured roadmap from aspiring product manager to product leader. Twelve modules take you from product thinking and customer obsession through research, strategy, roadmaps, UX, agile delivery, analytics and AI, to growth, leadership and a full capstone — each one leaving you a portfolio deliverable you keep.","Six months of 100% live, instructor-led learning from expert trainers at top technology companies, with daily doubt-solving, real industry projects and lifetime placement assistance. No coding background needed — product management is taught from the fundamentals.","10,000+",30+,"₹1,45,000",,"3, 6, 9 & 12 months (No Cost EMIs) · Zero hidden charges",7-Day Money Back Guarantee,"July 18, 2026",Few seats left,,Industry-Aligned,AI-Powered PM,Lifetime Placement Assistance,,"Product thinking, user research and product discovery","PRDs, roadmaps, wireframing and agile execution","Product analytics, AI for product managers, growth and go-to-market",1,2,3,4,5,6,7,8,9,10,11,12,13,,,,,,,,,Preparatory Foundation,Product Thinking & Customer Obsession,Market Research & Competitive Intelligence,User Research & Product Discovery,Product Strategy & Vision Development,Product Requirements & Roadmap Management,"UX, Wireframing & Product Design",Agile Product Development,Product Analytics & Decision Science,AI for Product Managers,Product Growth & Go-to-Market Strategy,Product Leadership & Stakeholder Management,Capstone Project,,,,,,,,,,,,,,,,,,,,,,,,,,,,,,Introduction to Product Thinking,Understanding Digital Products and Platforms,Product Management Career Paths,AI Fundamentals for Product Professionals,Business and Technology Basics,Product Management Terminology and Frameworks,Evolution of Product Management,Product Mindset vs Project Mindset,Understanding Customer Needs,Customer Journey Mapping,Problem Identification Techniques,Opportunity Discovery Frameworks,Market Sizing Fundamentals,Industry Analysis Frameworks,Competitive Benchmarking,SWOT and Opportunity Analysis,Emerging Technology Trends,AI-Based Market Research Techniques,User Interviews,Surveys and Feedback Collection,Persona Development,Jobs-To-Be-Done Framework,Behavioral Analysis,Customer Pain Point Mapping,Product Vision Creation,Strategic Planning,Business Model Fundamentals,Value Proposition Design,Product Portfolio Management,Product Positioning,Product Requirement Documents (PRDs),User Stories and Acceptance Criteria,Product Backlogs,Prioritization Frameworks,Product Roadmapping,Feature Planning,UX Principles,Information Architecture,Wireframing Fundamentals,User Flows,Prototyping Concepts,Design Reviews,Agile Frameworks,Scrum Fundamentals,Sprint Planning,Product Ownership,Engineering Collaboration,Release Management,Product Metrics Frameworks,North Star Metrics,Funnel Analysis,Cohort Analysis,Retention Metrics,Experimentation Design and A/B Testing,Generative AI Applications,AI Product Lifecycle,Prompt Engineering,AI-Assisted Research,AI-Based User Analysis,Building AI Features into Products,Product Launch Planning,Growth Frameworks,Product-Led Growth,User Acquisition,Activation and Retention,Pricing and Monetization,Stakeholder Communication,Executive Presentations,Conflict Resolution,Influence Without Authority,Decision-Making Under Uncertainty,Team Leadership,"Product discovery, market research and user validation",Product strategy and PRD creation,Wireframing and analytics planning,Go-to-market strategy,"Final deliverable: strategy document, PRD, wireframes, analytics framework, GTM plan and executive presentation",,,,,,,,,,,,,,,,,,,,,,,,,,,,,,,,,,,,,,,,,,,,,,,,,,,Introduction to Design Thinking,Product Positioning Strategy,Portfolio deliverable: Market Opportunity Assessment,Research Synthesis,Portfolio deliverable: User Research Repository and Personas,Strategic Decision Frameworks,Portfolio deliverable: Product Vision and Strategy Document,Release Planning,Portfolio deliverable: End-to-End Product Requirement Document,Accessibility Considerations,Portfolio deliverable: Interactive Product Prototype,Risk and Dependency Management,Portfolio deliverable: Sprint Planning Simulation,Data-Driven Decision Making,Portfolio deliverable: Product Analytics Dashboard,Responsible AI Practices,Portfolio deliverable: AI Feature Design Blueprint,Growth Experimentation,Portfolio deliverable: Go-to-Market Strategy Plan,Product Governance,Portfolio deliverable: Executive Product Review Deck,,"A portfolio of PRDs, prototypes, analytics dashboards and a GTM plan","Readiness for Associate Product Manager, Product Analyst, Product Executive and Junior PM roles","PM interview mastery: product cases, metrics, AI product scenarios and mock interview labs",100% Live Instructor-Led Classes,Expert Trainers from Top Technology Companies,Daily Live Doubt-Solving Sessions,Real Industry Projects,25+ Assignments & Industry Case Studies,Three Globally Recognised Certifications,"Dedicated Profile Building — Portfolio, Resume & LinkedIn",Lifetime Placement Assistance,LMS Access for 2 Years,Full Access to Recordings & Notes,Flexible Weekend Learning,Advance Learning Modules,Multiple Practice Quizzes,Tech for PM & Analytics for PM Tracks,PM Interview Mastery Framework,Mock Interview Labs with Expert Feedback,AI Product Case Practice,Dedicated Virtual Classroom & Student Support,10K+ Student & Alumni Community,Hiring Preparation Support,Product Strategy,User Research,Agile,Analytics,Gen AI,Stakeholder Communication,Executive Presentations & Storytelling,Influence Without Authority,Decision-Making Under Uncertainty,Cross-Functional Team Leadership,Conflict Resolution,Real-world Product Management Projects,Product Roadmap Development,User Research & PRD Writing,Feature Launch & A/B Testing,Product Analytics & Metrics Tracking,Industry Mentorship by Senior PMs,Program Investment,"₹1,45,000",Including GST,,,,,,,,,,,,,,,,,,,,,,,,,,,,,,,,,,,Expert Trainers,,,,,,,,,,,,,,,,,,,,,,,,,,,,,,,,,,,,,,,,,,,,,,
6a6484609d9cf2dc8ad88a24,programs,6a6061e87bfcf05ac32c3dff,13,6a6061e87bfcf05ac32c3dff,,,,,,,,,,,,,,,,,product-management,published,2026-07-22T06:23:36.918Z,,false,5,,,,6a60a17c20a2dec57e15dec5,13,6a6069f8ee5ababd488de20c,https://ik.imagekit.io/ojoijfoinsdnfoodsnf/careerveda/programs/product-management-6b8b2802.jpg,6a6069f85c7cd75eb8b6fddc,https://ik.imagekit.io/ojoijfoinsdnfoodsnf/tr:n-ik_ml_thumbnail/careerveda/programs/product-management-6b8b2802.jpg,PG Program in Product Management,,1448,1086,,,,,,,,,PG Program in Product Management,"A structured, industry-focused program that prepares you to lead the end-to-end lifecycle of digital and technology-driven products. It blends business…",,,false,2026-07-22T06:23:36.938Z,2026-07-25T09:39:29.645Z,true,6a6061e87bfcf05ac32c3dff,6a60a17c20a2dec57e15dec5,,2026-07-25T09:39:44.014Z,0,PG Program in Product Management Ai,PG Program in Product Management Ai,,Become a High-Impact Product Manager,Product,"A structured, industry-focused program that prepares you to lead the end-to-end lifecycle of digital and technology-driven products. It blends business strategy, user-centric design, technology fundamentals and data-driven decision-making, so you can bridge engineering, design, marketing and business teams. short description","Manage products from ideation to launch and scale. Master product strategy, customer discovery, market research, UX fundamentals, agile methodologies, roadmapping and stakeholder management — and learn to drive decisions with product metrics, pricing strategy and go-to-market planning, through real-world case studies and a capstone project.",6 Months,,Live Online,"Freshers, Graduates, Experienced",,,,,,,,,"Product strategy, customer discovery, market research and UX fundamentals","Agile methodologies, product roadmapping and stakeholder management","Product metrics, pricing strategy and go-to-market planning, with AI throughout",,"A structured roadmap from aspiring product manager to product leader. Twelve modules take you from product thinking and customer obsession through research, strategy, roadmaps, UX, agile delivery, analytics and AI, to growth, leadership and a full capstone — each one leaving you a portfolio deliverable you keep.","Six months of 100% live, instructor-led learning from expert trainers at top technology companies, with daily doubt-solving, real industry projects and lifetime placement assistance. No coding background needed — product management is taught from the fundamentals.","10,000+",30+,"₹1,45,000",,"3, 6, 9 & 12 months (No Cost EMIs) · Zero hidden charges",7-Day Money Back Guarantee,"July 18, 2026",Few seats left,,Industry-Aligned,AI-Powered PM,Lifetime Placement Assistance,,"Product thinking, user research and product discovery","PRDs, roadmaps, wireframing and agile execution","Product analytics, AI for product managers, growth and go-to-market",1,2,3,4,5,6,7,8,9,10,11,12,13,,,,,,,,,Preparatory Foundation,Product Thinking & Customer Obsession,Market Research & Competitive Intelligence,User Research & Product Discovery,Product Strategy & Vision Development,Product Requirements & Roadmap Management,"UX, Wireframing & Product Design",Agile Product Development,Product Analytics & Decision Science,AI for Product Managers,Product Growth & Go-to-Market Strategy,Product Leadership & Stakeholder Management,Capstone Project,,,,,,,,,,,,,,,,,,,,,,,,,,,,,,Introduction to Product Thinking,Understanding Digital Products and Platforms,Product Management Career Paths,AI Fundamentals for Product Professionals,Business and Technology Basics,Product Management Terminology and Frameworks,Evolution of Product Management,Product Mindset vs Project Mindset,Understanding Customer Needs,Customer Journey Mapping,Problem Identification Techniques,Opportunity Discovery Frameworks,Market Sizing Fundamentals,Industry Analysis Frameworks,Competitive Benchmarking,SWOT and Opportunity Analysis,Emerging Technology Trends,AI-Based Market Research Techniques,User Interviews,Surveys and Feedback Collection,Persona Development,Jobs-To-Be-Done Framework,Behavioral Analysis,Customer Pain Point Mapping,Product Vision Creation,Strategic Planning,Business Model Fundamentals,Value Proposition Design,Product Portfolio Management,Product Positioning,Product Requirement Documents (PRDs),User Stories and Acceptance Criteria,Product Backlogs,Prioritization Frameworks,Product Roadmapping,Feature Planning,UX Principles,Information Architecture,Wireframing Fundamentals,User Flows,Prototyping Concepts,Design Reviews,Agile Frameworks,Scrum Fundamentals,Sprint Planning,Product Ownership,Engineering Collaboration,Release Management,Product Metrics Frameworks,North Star Metrics,Funnel Analysis,Cohort Analysis,Retention Metrics,Experimentation Design and A/B Testing,Generative AI Applications,AI Product Lifecycle,Prompt Engineering,AI-Assisted Research,AI-Based User Analysis,Building AI Features into Products,Product Launch Planning,Growth Frameworks,Product-Led Growth,User Acquisition,Activation and Retention,Pricing and Monetization,Stakeholder Communication,Executive Presentations,Conflict Resolution,Influence Without Authority,Decision-Making Under Uncertainty,Team Leadership,"Product discovery, market research and user validation",Product strategy and PRD creation,Wireframing and analytics planning,Go-to-market strategy,"Final deliverable: strategy document, PRD, wireframes, analytics framework, GTM plan and executive presentation",,,,,,,,,,,,,,,,,,,,,,,,,,,,,,,,,,,,,,,,,,,,,,,,,,,Introduction to Design Thinking,Product Positioning Strategy,Portfolio deliverable: Market Opportunity Assessment,Research Synthesis,Portfolio deliverable: User Research Repository and Personas,Strategic Decision Frameworks,Portfolio deliverable: Product Vision and Strategy Document,Release Planning,Portfolio deliverable: End-to-End Product Requirement Document,Accessibility Considerations,Portfolio deliverable: Interactive Product Prototype,Risk and Dependency Management,Portfolio deliverable: Sprint Planning Simulation,Data-Driven Decision Making,Portfolio deliverable: Product Analytics Dashboard,Responsible AI Practices,Portfolio deliverable: AI Feature Design Blueprint,Growth Experimentation,Portfolio deliverable: Go-to-Market Strategy Plan,Product Governance,Portfolio deliverable: Executive Product Review Deck,,"A portfolio of PRDs, prototypes, analytics dashboards and a GTM plan","Readiness for Associate Product Manager, Product Analyst, Product Executive and Junior PM roles","PM interview mastery: product cases, metrics, AI product scenarios and mock interview labs",100% Live Instructor-Led Classes,Expert Trainers from Top Technology Companies,Daily Live Doubt-Solving Sessions,Real Industry Projects,25+ Assignments & Industry Case Studies,Three Globally Recognised Certifications,"Dedicated Profile Building — Portfolio, Resume & LinkedIn",Lifetime Placement Assistance,LMS Access for 2 Years,Full Access to Recordings & Notes,Flexible Weekend Learning,Advance Learning Modules,Multiple Practice Quizzes,Tech for PM & Analytics for PM Tracks,PM Interview Mastery Framework,Mock Interview Labs with Expert Feedback,AI Product Case Practice,Dedicated Virtual Classroom & Student Support,10K+ Student & Alumni Community,Hiring Preparation Support,Product Strategy,User Research,Agile,Analytics,Gen AI,Stakeholder Communication,Executive Presentations & Storytelling,Influence Without Authority,Decision-Making Under Uncertainty,Cross-Functional Team Leadership,Conflict Resolution,Real-world Product Management Projects,Product Roadmap Development,User Research & PRD Writing,Feature Launch & A/B Testing,Product Analytics & Metrics Tracking,Industry Mentorship by Senior PMs,Program Investment,"₹1,45,000",Including GST,,,,,,,,,,,,,,,,,,,,,,,,,,,,,,,,,,,Expert Trainers,,,,,,,,,,,,,,,,,,,,,,,,,,,,,,,,,,,,,,,,,,,,,,
6a66e3b50f8d1f1fe5b2b177,programs,6a6061e97bfcf05ac32c3e39,5,6a6061e97bfcf05ac32c3e39,,,,,,,,,,,,,,,,,cybersecurity,published,2026-07-22T06:23:37.534Z,,false,11,,,,6a60a17c20a2dec57e15dec5,5,6a606f7a9d2ffd32c2f52947,https://ik.imagekit.io/ojoijfoinsdnfoodsnf/careerveda/press/The_daily_beat-fe2d5c62.png,6a606f7a5c7cd75eb8f9a59b,https://ik.imagekit.io/ojoijfoinsdnfoodsnf/tr:n-ik_ml_thumbnail/careerveda/press/The_daily_beat-fe2d5c62.png,,,1430,959,,,,,,,,,PG Program in CyberSecurity,"Learn practical digital security foundations, network safety, risk awareness, and defensive monitoring workflows.",,,false,2026-07-22T06:23:37.537Z,2026-07-25T09:39:44.148Z,true,6a6061e97bfcf05ac32c3e39,6a60a17c20a2dec57e15dec5,,2026-07-27T04:51:01.116Z,0,PG Program in CyberSecurity,PG Program in CyberSecurity,,Become a Defensive Security Professional,Security,"Learn practical digital security foundations, network safety, risk awareness, and defensive monitoring workflows.","Learn defensive security from the ground up — networks, Linux, web fundamentals, monitoring and incident response — through hands-on labs built around awareness, reporting and response.",6 Months,,Live Online,"Freshers, Graduates, Experienced",,,,,,,,,"Network safety, secure systems thinking and web security fundamentals","Hands-on defensive labs focused on awareness, reporting and response",Career preparation for entry-level security operations roles,,"A comprehensive curriculum designed by industry experts combining networking, Linux, security fundamentals, SOC operations, threat detection and incident response. Master defensive monitoring, risk assessment and reporting with hands-on labs.","This PG Program in CyberSecurity equips you with networking, Linux, security operations, monitoring and incident response skills through hands-on defensive labs and expert guidance.","10,000+",30+,"₹1,65,000",,"3, 6, 9 & 12 months (No Cost EMIs)",7-Day Money Back Guarantee,"July 18, 2026",Few seats left,,Industry-Aligned,Enrolling Now,100% Placement Assurance,,"Networking, Linux, security fundamentals and web basics","Risk review, safe reporting and documentation workflows","Monitoring concepts, alert review and incident response basics",1,2,3,4,5,6,7,8,9,10,11,12,13,14,15,16,17,18,19,20,21,Introduction to CyberSecurity,Networking Fundamentals,Linux Essentials for Security,Windows & Endpoint Security,Security Fundamentals & Frameworks,Cryptography Basics,Identity & Access Management,Web Application Security,Network Defence & Perimeter Security,Vulnerability Management,Threat Intelligence & the Attack Lifecycle,Logging & Log Analysis,SIEM & Security Monitoring,Security Operations Centre Workflows,Incident Response,Digital Forensics Fundamentals,Malware & Phishing Defence,Cloud Security Fundamentals,"Governance, Risk & Compliance",CyberSecurity Capstone Project,Security Career Readiness & Interview Prep,,,,,,,,,,,,,,,,,,,,,,The security landscape and why attacks succeed,"Confidentiality, integrity and availability","Threats, vulnerabilities and risk","Blue team, red team and purple team roles",Security career paths and certifications,Industry trends and outlook,The OSI and TCP/IP models,"IP addressing, subnetting and routing","TCP, UDP and common protocols","DNS, DHCP and HTTP in practice",Packet analysis with Wireshark,Network traffic analysis lab,The Linux filesystem and shell,"Users, groups and permissions","Processes, services and systemd",Package management and updates,Shell scripting for security tasks,Linux administration lab,Windows architecture and the registry,Active Directory fundamentals,Windows event logs and auditing,Endpoint protection and EDR concepts,Endpoint hardening baselines,Endpoint hardening lab,Defence in depth and least privilege,The CIA triad applied to real systems,NIST Cybersecurity Framework,ISO 27001 and CIS Controls overview,The MITRE ATT&CK matrix,Framework mapping exercise,Symmetric and asymmetric encryption,"Hashing, salting and integrity checks",TLS and certificate chains,Public key infrastructure,Key management practices,Encryption implementation lab,Authentication versus authorisation,Multi-factor authentication,"Single sign-on, OAuth and SAML",Role-based and least-privilege access,Privileged access management,Access review exercise,How web applications work end to end,The OWASP Top 10 explained,"Injection, XSS and broken access control",Secure session and cookie handling,Input validation and output encoding,Secure code review lab,Firewall rules and network segmentation,IDS and IPS concepts,VPNs and secure remote access,Zero trust network principles,Wireless network security,Network defence configuration lab,The vulnerability management lifecycle,Scanning and asset discovery,CVSS scoring and prioritisation,Patch management workflows,Reporting findings to system owners,Vulnerability assessment report project,The cyber kill chain,Common attacker tactics and techniques,Indicators of compromise,Threat intelligence sources and feeds,Mapping observed activity to ATT&CK,Threat analysis exercise,What to log and what to keep,Log sources across the estate,Parsing and normalising log data,Baselining normal behaviour,Spotting anomalies in log volume,Log analysis lab,SIEM architecture and data flow,Writing detection rules and correlation logic,Building monitoring dashboards,Alert triage and tuning out noise,Reducing false positives,SIEM detection build lab,SOC tiers and escalation paths,The alert triage process,"Ticketing, tracking and handover",Runbooks and standard operating procedures,Shift discipline and documentation,Simulated SOC shift exercise,The incident response lifecycle,"Detection, containment and eradication",Recovery and return to service,Communication during an incident,Post-incident review and lessons learned,Incident response tabletop exercise,Evidence handling and chain of custody,Disk and memory acquisition basics,Timeline reconstruction,Artefact analysis on Windows and Linux,Forensic reporting standards,Forensic investigation lab,Malware categories and behaviour,Safe analysis in an isolated sandbox,Phishing campaign anatomy,"Email authentication: SPF, DKIM, DMARC",User awareness and reporting culture,Phishing response lab,The shared responsibility model,Identity and access management in the cloud,Common cloud misconfigurations,"Storage, network and workload security",Cloud logging and monitoring,Cloud security review lab,Security policy and standards,Risk assessment and risk registers,Audit preparation and evidence,Data protection and privacy obligations,Business continuity and disaster recovery,Risk assessment project,End-to-end defensive security project,Assessing and hardening a target environment,Building detection and monitoring coverage,Responding to a simulated incident,Full written incident and risk report,Portfolio packaging of the capstone,Security analyst resume creation and optimization,Technical security interview preparation,Scenario and incident-handling tests,Behavioral interview training,LinkedIn networking for security professionals,1 year Placement Support for Top Fellows,,,,,,,,,,,,,,,,,,,,,,,,Security fundamentals portfolio and report samples,Clear roadmap for entry-level defensive security tracks,Practical understanding of safe digital risk management,Networking & Protocol Fundamentals,Linux & Systems Hardening,Security Operations Centre Workflows,Threat Detection & Log Monitoring,Incident Response & Reporting,200+ Hrs Security-Focused Content,300+ Hrs Live Lab Sessions,Practising Security Analysts as Mentors,CyberSecurity Job Placement Support,Round-the-Clock Assistance,CyberSecurity Curriculum Track,Skill Evaluation Tests,Learning Performance Analytics Dashboard,Professional Community Access,Self-Paced Learning Options,Global Alumni Community,Mock Interview Training,CyberSecurity Certificates,Advanced LMS Platform,Live Incident Response Case Studies,Linux,Networking,Web Safety,Monitoring,Reports,Incident Communication Under Pressure,Clear Security Reporting & Documentation,Risk Explanation for Non-Technical Stakeholders,Cross-Team Coordination During Incidents,Analytical Thinking & Investigative Discipline,Professional Networking & Relationship Building,Real-world Defensive Security Projects,SOC Monitoring & Alert Triage,Vulnerability Assessment & Reporting,Incident Response Simulations,Security Hardening & Configuration Reviews,Industry Mentorship by Practising Security Analysts,Program Investment,"₹1,65,000",Including GST,,,,,,,,,,,,,,,,,,,,,,,,,,,,,,,,,,,Security Mentor,,,,,,,,,,,,,,,,,,,,,,,,,,,,,,,,,,,,,,,,,,,,,,
6a66e3ed632b1c18a2ed7162,programs,6a6061e97bfcf05ac32c3e39,6,6a6061e97bfcf05ac32c3e39,,,,,,,,,,,,,,,,,cybersecurity,published,2026-07-22T06:23:37.534Z,,false,11,,,,6a60a17c20a2dec57e15dec5,6,6a606f7a9d2ffd32c2f52947,https://ik.imagekit.io/ojoijfoinsdnfoodsnf/careerveda/press/The_daily_beat-fe2d5c62.png,6a606f7a5c7cd75eb8f9a59b,https://ik.imagekit.io/ojoijfoinsdnfoodsnf/tr:n-ik_ml_thumbnail/careerveda/press/The_daily_beat-fe2d5c62.png,,,1430,959,,,,,,,,,PG Program in CyberSecurity,"Learn practical digital security foundations, network safety, risk awareness, and defensive monitoring workflows.",,,false,2026-07-22T06:23:37.537Z,2026-07-27T04:51:01.214Z,true,6a6061e97bfcf05ac32c3e39,6a60a17c20a2dec57e15dec5,,2026-07-27T04:51:57.640Z,0,PG Program in CyberSecurity,PG Program in CyberSecurity vishal,,Become a Defensive Security Professional,Security,"Learn practical digital security foundations, network safety, risk awareness, and defensive monitoring workflows.","Learn defensive security from the ground up — networks, Linux, web fundamentals, monitoring and incident response — through hands-on labs built around awareness, reporting and response.",6 Months,,Live Online,"Freshers, Graduates, Experienced",,,,,,,,,"Network safety, secure systems thinking and web security fundamentals","Hands-on defensive labs focused on awareness, reporting and response",Career preparation for entry-level security operations roles,,"A comprehensive curriculum designed by industry experts combining networking, Linux, security fundamentals, SOC operations, threat detection and incident response. Master defensive monitoring, risk assessment and reporting with hands-on labs.","This PG Program in CyberSecurity equips you with networking, Linux, security operations, monitoring and incident response skills through hands-on defensive labs and expert guidance.","10,000+",30+,"₹1,65,000",,"3, 6, 9 & 12 months (No Cost EMIs)",7-Day Money Back Guarantee,"July 18, 2026",Few seats left,,Industry-Aligned,Enrolling Now,100% Placement Assurance,,"Networking, Linux, security fundamentals and web basics","Risk review, safe reporting and documentation workflows","Monitoring concepts, alert review and incident response basics",1,2,3,4,5,6,7,8,9,10,11,12,13,14,15,16,17,18,19,20,21,Introduction to CyberSecurity,Networking Fundamentals,Linux Essentials for Security,Windows & Endpoint Security,Security Fundamentals & Frameworks,Cryptography Basics,Identity & Access Management,Web Application Security,Network Defence & Perimeter Security,Vulnerability Management,Threat Intelligence & the Attack Lifecycle,Logging & Log Analysis,SIEM & Security Monitoring,Security Operations Centre Workflows,Incident Response,Digital Forensics Fundamentals,Malware & Phishing Defence,Cloud Security Fundamentals,"Governance, Risk & Compliance",CyberSecurity Capstone Project,Security Career Readiness & Interview Prep,,,,,,,,,,,,,,,,,,,,,,The security landscape and why attacks succeed,"Confidentiality, integrity and availability","Threats, vulnerabilities and risk","Blue team, red team and purple team roles",Security career paths and certifications,Industry trends and outlook,The OSI and TCP/IP models,"IP addressing, subnetting and routing","TCP, UDP and common protocols","DNS, DHCP and HTTP in practice",Packet analysis with Wireshark,Network traffic analysis lab,The Linux filesystem and shell,"Users, groups and permissions","Processes, services and systemd",Package management and updates,Shell scripting for security tasks,Linux administration lab,Windows architecture and the registry,Active Directory fundamentals,Windows event logs and auditing,Endpoint protection and EDR concepts,Endpoint hardening baselines,Endpoint hardening lab,Defence in depth and least privilege,The CIA triad applied to real systems,NIST Cybersecurity Framework,ISO 27001 and CIS Controls overview,The MITRE ATT&CK matrix,Framework mapping exercise,Symmetric and asymmetric encryption,"Hashing, salting and integrity checks",TLS and certificate chains,Public key infrastructure,Key management practices,Encryption implementation lab,Authentication versus authorisation,Multi-factor authentication,"Single sign-on, OAuth and SAML",Role-based and least-privilege access,Privileged access management,Access review exercise,How web applications work end to end,The OWASP Top 10 explained,"Injection, XSS and broken access control",Secure session and cookie handling,Input validation and output encoding,Secure code review lab,Firewall rules and network segmentation,IDS and IPS concepts,VPNs and secure remote access,Zero trust network principles,Wireless network security,Network defence configuration lab,The vulnerability management lifecycle,Scanning and asset discovery,CVSS scoring and prioritisation,Patch management workflows,Reporting findings to system owners,Vulnerability assessment report project,The cyber kill chain,Common attacker tactics and techniques,Indicators of compromise,Threat intelligence sources and feeds,Mapping observed activity to ATT&CK,Threat analysis exercise,What to log and what to keep,Log sources across the estate,Parsing and normalising log data,Baselining normal behaviour,Spotting anomalies in log volume,Log analysis lab,SIEM architecture and data flow,Writing detection rules and correlation logic,Building monitoring dashboards,Alert triage and tuning out noise,Reducing false positives,SIEM detection build lab,SOC tiers and escalation paths,The alert triage process,"Ticketing, tracking and handover",Runbooks and standard operating procedures,Shift discipline and documentation,Simulated SOC shift exercise,The incident response lifecycle,"Detection, containment and eradication",Recovery and return to service,Communication during an incident,Post-incident review and lessons learned,Incident response tabletop exercise,Evidence handling and chain of custody,Disk and memory acquisition basics,Timeline reconstruction,Artefact analysis on Windows and Linux,Forensic reporting standards,Forensic investigation lab,Malware categories and behaviour,Safe analysis in an isolated sandbox,Phishing campaign anatomy,"Email authentication: SPF, DKIM, DMARC",User awareness and reporting culture,Phishing response lab,The shared responsibility model,Identity and access management in the cloud,Common cloud misconfigurations,"Storage, network and workload security",Cloud logging and monitoring,Cloud security review lab,Security policy and standards,Risk assessment and risk registers,Audit preparation and evidence,Data protection and privacy obligations,Business continuity and disaster recovery,Risk assessment project,End-to-end defensive security project,Assessing and hardening a target environment,Building detection and monitoring coverage,Responding to a simulated incident,Full written incident and risk report,Portfolio packaging of the capstone,Security analyst resume creation and optimization,Technical security interview preparation,Scenario and incident-handling tests,Behavioral interview training,LinkedIn networking for security professionals,1 year Placement Support for Top Fellows,,,,,,,,,,,,,,,,,,,,,,,,Security fundamentals portfolio and report samples,Clear roadmap for entry-level defensive security tracks,Practical understanding of safe digital risk management,Networking & Protocol Fundamentals,Linux & Systems Hardening,Security Operations Centre Workflows,Threat Detection & Log Monitoring,Incident Response & Reporting,200+ Hrs Security-Focused Content,300+ Hrs Live Lab Sessions,Practising Security Analysts as Mentors,CyberSecurity Job Placement Support,Round-the-Clock Assistance,CyberSecurity Curriculum Track,Skill Evaluation Tests,Learning Performance Analytics Dashboard,Professional Community Access,Self-Paced Learning Options,Global Alumni Community,Mock Interview Training,CyberSecurity Certificates,Advanced LMS Platform,Live Incident Response Case Studies,Linux,Networking,Web Safety,Monitoring,Reports,Incident Communication Under Pressure,Clear Security Reporting & Documentation,Risk Explanation for Non-Technical Stakeholders,Cross-Team Coordination During Incidents,Analytical Thinking & Investigative Discipline,Professional Networking & Relationship Building,Real-world Defensive Security Projects,SOC Monitoring & Alert Triage,Vulnerability Assessment & Reporting,Incident Response Simulations,Security Hardening & Configuration Reviews,Industry Mentorship by Practising Security Analysts,Program Investment,"₹1,65,000",Including GST,,,,,,,,,,,,,,,,,,,,,,,,,,,,,,,,,,,Security Mentor,,,,,,,,,,,,,,,,,,,,,,,,,,,,,,,,,,,,,,,,,,,,,,
6a66e421632b1c18a2ed71b0,programs,6a6061e97bfcf05ac32c3e39,7,6a6061e97bfcf05ac32c3e39,,,,,,,,,,,,,,,,,cybersecurity,published,2026-07-22T06:23:37.534Z,,false,11,,,,6a60a17c20a2dec57e15dec5,7,6a606f7a9d2ffd32c2f52947,https://ik.imagekit.io/ojoijfoinsdnfoodsnf/careerveda/press/The_daily_beat-fe2d5c62.png,6a606f7a5c7cd75eb8f9a59b,https://ik.imagekit.io/ojoijfoinsdnfoodsnf/tr:n-ik_ml_thumbnail/careerveda/press/The_daily_beat-fe2d5c62.png,,,1430,959,,,,,,,,,PG Program in CyberSecurity,"Learn practical digital security foundations, network safety, risk awareness, and defensive monitoring workflows.",,,false,2026-07-22T06:23:37.537Z,2026-07-27T04:51:57.727Z,true,6a6061e97bfcf05ac32c3e39,6a60a17c20a2dec57e15dec5,,2026-07-27T04:52:49.961Z,0,PG Program in CyberSecurity,PG Program in CyberSecurity vishal,,Become a Defensive Security Professional,Security,"Learn practical digital security foundations, network safety, risk awareness, and defensive monitoring workflows.","Learn defensive security from the ground up — networks, Linux, web fundamentals, monitoring and incident response — through hands-on labs built around awareness, reporting and response.",6 Months,,Live Online,"Freshers, Graduates, Experienced",,,,,,,,,"Network safety, secure systems thinking and web security fundamentals","Hands-on defensive labs focused on awareness, reporting and response",Career preparation for entry-level security operations roles,,"A comprehensive curriculum designed by industry experts combining networking, Linux, security fundamentals, SOC operations, threat detection and incident response. Master defensive monitoring, risk assessment and reporting with hands-on labs.","This PG Program in CyberSecurity equips you with networking, Linux, security operations, monitoring and incident response skills through hands-on defensive labs and expert guidance.","10,000+",30+,"₹1,65,000",,"3, 6, 9 & 12 months (No Cost EMIs)",7-Day Money Back Guarantee,"July 18, 2026",Few seats left,,Industry-Aligned,Enrolling Now,100% Placement Assurance,,"Networking, Linux, security fundamentals and web basics","Risk review, safe reporting and documentation workflows","Monitoring concepts, alert review and incident response basics",1,2,3,4,5,6,7,8,9,10,11,12,13,14,15,16,17,18,19,20,21,Introduction to CyberSecurity,Networking Fundamentals,Linux Essentials for Security,Windows & Endpoint Security,Security Fundamentals & Frameworks,Cryptography Basics,Identity & Access Management,Web Application Security,Network Defence & Perimeter Security,Vulnerability Management,Threat Intelligence & the Attack Lifecycle,Logging & Log Analysis,SIEM & Security Monitoring,Security Operations Centre Workflows,Incident Response,Digital Forensics Fundamentals,Malware & Phishing Defence,Cloud Security Fundamentals,"Governance, Risk & Compliance",CyberSecurity Capstone Project,Security Career Readiness & Interview Prep,,,,,,,,,,,,,,,,,,,,,,The security landscape and why attacks succeed,"Confidentiality, integrity and availability","Threats, vulnerabilities and risk","Blue team, red team and purple team roles",Security career paths and certifications,Industry trends and outlook,The OSI and TCP/IP models,"IP addressing, subnetting and routing","TCP, UDP and common protocols","DNS, DHCP and HTTP in practice",Packet analysis with Wireshark,Network traffic analysis lab,The Linux filesystem and shell,"Users, groups and permissions","Processes, services and systemd",Package management and updates,Shell scripting for security tasks,Linux administration lab,Windows architecture and the registry,Active Directory fundamentals,Windows event logs and auditing,Endpoint protection and EDR concepts,Endpoint hardening baselines,Endpoint hardening lab,Defence in depth and least privilege,The CIA triad applied to real systems,NIST Cybersecurity Framework,ISO 27001 and CIS Controls overview,The MITRE ATT&CK matrix,Framework mapping exercise,Symmetric and asymmetric encryption,"Hashing, salting and integrity checks",TLS and certificate chains,Public key infrastructure,Key management practices,Encryption implementation lab,Authentication versus authorisation,Multi-factor authentication,"Single sign-on, OAuth and SAML",Role-based and least-privilege access,Privileged access management,Access review exercise,How web applications work end to end,The OWASP Top 10 explained,"Injection, XSS and broken access control",Secure session and cookie handling,Input validation and output encoding,Secure code review lab,Firewall rules and network segmentation,IDS and IPS concepts,VPNs and secure remote access,Zero trust network principles,Wireless network security,Network defence configuration lab,The vulnerability management lifecycle,Scanning and asset discovery,CVSS scoring and prioritisation,Patch management workflows,Reporting findings to system owners,Vulnerability assessment report project,The cyber kill chain,Common attacker tactics and techniques,Indicators of compromise,Threat intelligence sources and feeds,Mapping observed activity to ATT&CK,Threat analysis exercise,What to log and what to keep,Log sources across the estate,Parsing and normalising log data,Baselining normal behaviour,Spotting anomalies in log volume,Log analysis lab,SIEM architecture and data flow,Writing detection rules and correlation logic,Building monitoring dashboards,Alert triage and tuning out noise,Reducing false positives,SIEM detection build lab,SOC tiers and escalation paths,The alert triage process,"Ticketing, tracking and handover",Runbooks and standard operating procedures,Shift discipline and documentation,Simulated SOC shift exercise,The incident response lifecycle,"Detection, containment and eradication",Recovery and return to service,Communication during an incident,Post-incident review and lessons learned,Incident response tabletop exercise,Evidence handling and chain of custody,Disk and memory acquisition basics,Timeline reconstruction,Artefact analysis on Windows and Linux,Forensic reporting standards,Forensic investigation lab,Malware categories and behaviour,Safe analysis in an isolated sandbox,Phishing campaign anatomy,"Email authentication: SPF, DKIM, DMARC",User awareness and reporting culture,Phishing response lab,The shared responsibility model,Identity and access management in the cloud,Common cloud misconfigurations,"Storage, network and workload security",Cloud logging and monitoring,Cloud security review lab,Security policy and standards,Risk assessment and risk registers,Audit preparation and evidence,Data protection and privacy obligations,Business continuity and disaster recovery,Risk assessment project,End-to-end defensive security project,Assessing and hardening a target environment,Building detection and monitoring coverage,Responding to a simulated incident,Full written incident and risk report,Portfolio packaging of the capstone,Security analyst resume creation and optimization,Technical security interview preparation,Scenario and incident-handling tests,Behavioral interview training,LinkedIn networking for security professionals,1 year Placement Support for Top Fellows,,,,,,,,,,,,,,,,,,,,,,,,Security fundamentals portfolio and report samples,Clear roadmap for entry-level defensive security tracks,Practical understanding of safe digital risk management,Networking & Protocol Fundamentals,Linux & Systems Hardening,Security Operations Centre Workflows,Threat Detection & Log Monitoring,Incident Response & Reporting,200+ Hrs Security-Focused Content,300+ Hrs Live Lab Sessions,Practising Security Analysts as Mentors,CyberSecurity Job Placement Support,Round-the-Clock Assistance,CyberSecurity Curriculum Track,Skill Evaluation Tests,Learning Performance Analytics Dashboard,Professional Community Access,Self-Paced Learning Options,Global Alumni Community,Mock Interview Training,CyberSecurity Certificates,Advanced LMS Platform,Live Incident Response Case Studies,Linux,Networking,Web Safety,Monitoring,Reports,Incident Communication Under Pressure,Clear Security Reporting & Documentation,Risk Explanation for Non-Technical Stakeholders,Cross-Team Coordination During Incidents,Analytical Thinking & Investigative Discipline,Professional Networking & Relationship Building,Real-world Defensive Security Projects,SOC Monitoring & Alert Triage,Vulnerability Assessment & Reporting,Incident Response Simulations,Security Hardening & Configuration Reviews,Industry Mentorship by Practising Security Analysts,Program Investment,"₹1,65,000",Including GST,,,,,,,,,,,,,,,,,,,,,,,,,,,,,,,,,,,Security Mentor,,,,,,,,,,,,,,,,,,,,,,,,,,,,,,,,,,,,,,,,,,,,,,
6a66e42e632b1c18a2ed71be,programs,6a6061e97bfcf05ac32c3e39,8,6a6061e97bfcf05ac32c3e39,,,,,,,,,,,,,,,,,cybersecurity,published,2026-07-22T06:23:37.534Z,,false,11,,,,6a60a17c20a2dec57e15dec5,8,6a606f7a9d2ffd32c2f52947,https://ik.imagekit.io/ojoijfoinsdnfoodsnf/careerveda/press/The_daily_beat-fe2d5c62.png,6a606f7a5c7cd75eb8f9a59b,https://ik.imagekit.io/ojoijfoinsdnfoodsnf/tr:n-ik_ml_thumbnail/careerveda/press/The_daily_beat-fe2d5c62.png,,,1430,959,,,,,,,,,PG Program in CyberSecurity,"Learn practical digital security foundations, network safety, risk awareness, and defensive monitoring workflows.",,,false,2026-07-22T06:23:37.537Z,2026-07-27T04:52:50.040Z,true,6a6061e97bfcf05ac32c3e39,6a60a17c20a2dec57e15dec5,,2026-07-27T04:53:02.539Z,0,PG Program in CyberSecurity,PG Program in Cyber Security,,Become a Defensive Security Professional,Security,"Learn practical digital security foundations, network safety, risk awareness, and defensive monitoring workflows. ifjsandjfnjsdnfnjsdn","Learn defensive security from the ground up — networks, Linux, web fundamentals, monitoring and incident response — through hands-on labs built around awareness, reporting and response.",6 Months,,Live Online,"Freshers, Graduates, Experienced",,,,,,,,,"Network safety, secure systems thinking and web security fundamentals","Hands-on defensive labs focused on awareness, reporting and response",Career preparation for entry-level security operations roles,,"A comprehensive curriculum designed by industry experts combining networking, Linux, security fundamentals, SOC operations, threat detection and incident response. Master defensive monitoring, risk assessment and reporting with hands-on labs.","This PG Program in CyberSecurity equips you with networking, Linux, security operations, monitoring and incident response skills through hands-on defensive labs and expert guidance.","10,000+",30+,"₹1,65,000",,"3, 6, 9 & 12 months (No Cost EMIs)",7-Day Money Back Guarantee,"July 18, 2026",Few seats left,,Industry-Aligned,Enrolling Now,100% Placement Assurance,,"Networking, Linux, security fundamentals and web basics","Risk review, safe reporting and documentation workflows","Monitoring concepts, alert review and incident response basics",1,2,3,4,5,6,7,8,9,10,11,12,13,14,15,16,17,18,19,20,21,Introduction to CyberSecurity,Networking Fundamentals,Linux Essentials for Security,Windows & Endpoint Security,Security Fundamentals & Frameworks,Cryptography Basics,Identity & Access Management,Web Application Security,Network Defence & Perimeter Security,Vulnerability Management,Threat Intelligence & the Attack Lifecycle,Logging & Log Analysis,SIEM & Security Monitoring,Security Operations Centre Workflows,Incident Response,Digital Forensics Fundamentals,Malware & Phishing Defence,Cloud Security Fundamentals,"Governance, Risk & Compliance",CyberSecurity Capstone Project,Security Career Readiness & Interview Prep,,,,,,,,,,,,,,,,,,,,,,The security landscape and why attacks succeed,"Confidentiality, integrity and availability","Threats, vulnerabilities and risk","Blue team, red team and purple team roles",Security career paths and certifications,Industry trends and outlook,The OSI and TCP/IP models,"IP addressing, subnetting and routing","TCP, UDP and common protocols","DNS, DHCP and HTTP in practice",Packet analysis with Wireshark,Network traffic analysis lab,The Linux filesystem and shell,"Users, groups and permissions","Processes, services and systemd",Package management and updates,Shell scripting for security tasks,Linux administration lab,Windows architecture and the registry,Active Directory fundamentals,Windows event logs and auditing,Endpoint protection and EDR concepts,Endpoint hardening baselines,Endpoint hardening lab,Defence in depth and least privilege,The CIA triad applied to real systems,NIST Cybersecurity Framework,ISO 27001 and CIS Controls overview,The MITRE ATT&CK matrix,Framework mapping exercise,Symmetric and asymmetric encryption,"Hashing, salting and integrity checks",TLS and certificate chains,Public key infrastructure,Key management practices,Encryption implementation lab,Authentication versus authorisation,Multi-factor authentication,"Single sign-on, OAuth and SAML",Role-based and least-privilege access,Privileged access management,Access review exercise,How web applications work end to end,The OWASP Top 10 explained,"Injection, XSS and broken access control",Secure session and cookie handling,Input validation and output encoding,Secure code review lab,Firewall rules and network segmentation,IDS and IPS concepts,VPNs and secure remote access,Zero trust network principles,Wireless network security,Network defence configuration lab,The vulnerability management lifecycle,Scanning and asset discovery,CVSS scoring and prioritisation,Patch management workflows,Reporting findings to system owners,Vulnerability assessment report project,The cyber kill chain,Common attacker tactics and techniques,Indicators of compromise,Threat intelligence sources and feeds,Mapping observed activity to ATT&CK,Threat analysis exercise,What to log and what to keep,Log sources across the estate,Parsing and normalising log data,Baselining normal behaviour,Spotting anomalies in log volume,Log analysis lab,SIEM architecture and data flow,Writing detection rules and correlation logic,Building monitoring dashboards,Alert triage and tuning out noise,Reducing false positives,SIEM detection build lab,SOC tiers and escalation paths,The alert triage process,"Ticketing, tracking and handover",Runbooks and standard operating procedures,Shift discipline and documentation,Simulated SOC shift exercise,The incident response lifecycle,"Detection, containment and eradication",Recovery and return to service,Communication during an incident,Post-incident review and lessons learned,Incident response tabletop exercise,Evidence handling and chain of custody,Disk and memory acquisition basics,Timeline reconstruction,Artefact analysis on Windows and Linux,Forensic reporting standards,Forensic investigation lab,Malware categories and behaviour,Safe analysis in an isolated sandbox,Phishing campaign anatomy,"Email authentication: SPF, DKIM, DMARC",User awareness and reporting culture,Phishing response lab,The shared responsibility model,Identity and access management in the cloud,Common cloud misconfigurations,"Storage, network and workload security",Cloud logging and monitoring,Cloud security review lab,Security policy and standards,Risk assessment and risk registers,Audit preparation and evidence,Data protection and privacy obligations,Business continuity and disaster recovery,Risk assessment project,End-to-end defensive security project,Assessing and hardening a target environment,Building detection and monitoring coverage,Responding to a simulated incident,Full written incident and risk report,Portfolio packaging of the capstone,Security analyst resume creation and optimization,Technical security interview preparation,Scenario and incident-handling tests,Behavioral interview training,LinkedIn networking for security professionals,1 year Placement Support for Top Fellows,,,,,,,,,,,,,,,,,,,,,,,,Security fundamentals portfolio and report samples,Clear roadmap for entry-level defensive security tracks,Practical understanding of safe digital risk management,Networking & Protocol Fundamentals,Linux & Systems Hardening,Security Operations Centre Workflows,Threat Detection & Log Monitoring,Incident Response & Reporting,200+ Hrs Security-Focused Content,300+ Hrs Live Lab Sessions,Practising Security Analysts as Mentors,CyberSecurity Job Placement Support,Round-the-Clock Assistance,CyberSecurity Curriculum Track,Skill Evaluation Tests,Learning Performance Analytics Dashboard,Professional Community Access,Self-Paced Learning Options,Global Alumni Community,Mock Interview Training,CyberSecurity Certificates,Advanced LMS Platform,Live Incident Response Case Studies,Linux,Networking,Web Safety,Monitoring,Reports,Incident Communication Under Pressure,Clear Security Reporting & Documentation,Risk Explanation for Non-Technical Stakeholders,Cross-Team Coordination During Incidents,Analytical Thinking & Investigative Discipline,Professional Networking & Relationship Building,Real-world Defensive Security Projects,SOC Monitoring & Alert Triage,Vulnerability Assessment & Reporting,Incident Response Simulations,Security Hardening & Configuration Reviews,Industry Mentorship by Practising Security Analysts,Program Investment,"₹1,65,000",Including GST,,,,,,,,,,,,,,,,,,,,,,,,,,,,,,,,,,,Security Mentor,,,,,,,,,,,,,,,,,,,,,,,,,,,,,,,,,,,,,,,,,,,,,,
6a66e441632b1c18a2ed71df,programs,6a6061e97bfcf05ac32c3e39,9,6a6061e97bfcf05ac32c3e39,,,,,,,,,,,,,,,,,cybersecurity,published,2026-07-22T06:23:37.534Z,,false,11,,,,6a60a17c20a2dec57e15dec5,9,6a606f7a9d2ffd32c2f52947,https://ik.imagekit.io/ojoijfoinsdnfoodsnf/careerveda/press/The_daily_beat-fe2d5c62.png,6a606f7a5c7cd75eb8f9a59b,https://ik.imagekit.io/ojoijfoinsdnfoodsnf/tr:n-ik_ml_thumbnail/careerveda/press/The_daily_beat-fe2d5c62.png,,,1430,959,,,,,,,,,PG Program in CyberSecurity,"Learn practical digital security foundations, network safety, risk awareness, and defensive monitoring workflows.",,,false,2026-07-22T06:23:37.537Z,2026-07-27T04:53:02.626Z,true,6a6061e97bfcf05ac32c3e39,6a60a17c20a2dec57e15dec5,,2026-07-27T04:53:21.062Z,0,PG Program in CyberSecurity,PG Program in Cyber Security,,Become a Defensive Security Professional,Security,"Learn practical digital security foundations, network safety, risk awareness, and defensive monitoring workflows.","Learn defensive security from the ground up — networks, Linux, web fundamentals, monitoring and incident response — through hands-on labs built around awareness, reporting and response.",6 Months,,Live Online,"Freshers, Graduates, Experienced",,,,,,,,,"Network safety, secure systems thinking and web security fundamentals","Hands-on defensive labs focused on awareness, reporting and response",Career preparation for entry-level security operations roles,,"A comprehensive curriculum designed by industry experts combining networking, Linux, security fundamentals, SOC operations, threat detection and incident response. Master defensive monitoring, risk assessment and reporting with hands-on labs.","This PG Program in CyberSecurity equips you with networking, Linux, security operations, monitoring and incident response skills through hands-on defensive labs and expert guidance.","10,000+",30+,"₹1,65,000",,"3, 6, 9 & 12 months (No Cost EMIs)",7-Day Money Back Guarantee,"July 18, 2026",Few seats left,,Industry-Aligned,Enrolling Now,100% Placement Assurance,,"Networking, Linux, security fundamentals and web basics","Risk review, safe reporting and documentation workflows","Monitoring concepts, alert review and incident response basics",1,2,3,4,5,6,7,8,9,10,11,12,13,14,15,16,17,18,19,20,21,Introduction to CyberSecurity,Networking Fundamentals,Linux Essentials for Security,Windows & Endpoint Security,Security Fundamentals & Frameworks,Cryptography Basics,Identity & Access Management,Web Application Security,Network Defence & Perimeter Security,Vulnerability Management,Threat Intelligence & the Attack Lifecycle,Logging & Log Analysis,SIEM & Security Monitoring,Security Operations Centre Workflows,Incident Response,Digital Forensics Fundamentals,Malware & Phishing Defence,Cloud Security Fundamentals,"Governance, Risk & Compliance",CyberSecurity Capstone Project,Security Career Readiness & Interview Prep,,,,,,,,,,,,,,,,,,,,,,The security landscape and why attacks succeed,"Confidentiality, integrity and availability","Threats, vulnerabilities and risk","Blue team, red team and purple team roles",Security career paths and certifications,Industry trends and outlook,The OSI and TCP/IP models,"IP addressing, subnetting and routing","TCP, UDP and common protocols","DNS, DHCP and HTTP in practice",Packet analysis with Wireshark,Network traffic analysis lab,The Linux filesystem and shell,"Users, groups and permissions","Processes, services and systemd",Package management and updates,Shell scripting for security tasks,Linux administration lab,Windows architecture and the registry,Active Directory fundamentals,Windows event logs and auditing,Endpoint protection and EDR concepts,Endpoint hardening baselines,Endpoint hardening lab,Defence in depth and least privilege,The CIA triad applied to real systems,NIST Cybersecurity Framework,ISO 27001 and CIS Controls overview,The MITRE ATT&CK matrix,Framework mapping exercise,Symmetric and asymmetric encryption,"Hashing, salting and integrity checks",TLS and certificate chains,Public key infrastructure,Key management practices,Encryption implementation lab,Authentication versus authorisation,Multi-factor authentication,"Single sign-on, OAuth and SAML",Role-based and least-privilege access,Privileged access management,Access review exercise,How web applications work end to end,The OWASP Top 10 explained,"Injection, XSS and broken access control",Secure session and cookie handling,Input validation and output encoding,Secure code review lab,Firewall rules and network segmentation,IDS and IPS concepts,VPNs and secure remote access,Zero trust network principles,Wireless network security,Network defence configuration lab,The vulnerability management lifecycle,Scanning and asset discovery,CVSS scoring and prioritisation,Patch management workflows,Reporting findings to system owners,Vulnerability assessment report project,The cyber kill chain,Common attacker tactics and techniques,Indicators of compromise,Threat intelligence sources and feeds,Mapping observed activity to ATT&CK,Threat analysis exercise,What to log and what to keep,Log sources across the estate,Parsing and normalising log data,Baselining normal behaviour,Spotting anomalies in log volume,Log analysis lab,SIEM architecture and data flow,Writing detection rules and correlation logic,Building monitoring dashboards,Alert triage and tuning out noise,Reducing false positives,SIEM detection build lab,SOC tiers and escalation paths,The alert triage process,"Ticketing, tracking and handover",Runbooks and standard operating procedures,Shift discipline and documentation,Simulated SOC shift exercise,The incident response lifecycle,"Detection, containment and eradication",Recovery and return to service,Communication during an incident,Post-incident review and lessons learned,Incident response tabletop exercise,Evidence handling and chain of custody,Disk and memory acquisition basics,Timeline reconstruction,Artefact analysis on Windows and Linux,Forensic reporting standards,Forensic investigation lab,Malware categories and behaviour,Safe analysis in an isolated sandbox,Phishing campaign anatomy,"Email authentication: SPF, DKIM, DMARC",User awareness and reporting culture,Phishing response lab,The shared responsibility model,Identity and access management in the cloud,Common cloud misconfigurations,"Storage, network and workload security",Cloud logging and monitoring,Cloud security review lab,Security policy and standards,Risk assessment and risk registers,Audit preparation and evidence,Data protection and privacy obligations,Business continuity and disaster recovery,Risk assessment project,End-to-end defensive security project,Assessing and hardening a target environment,Building detection and monitoring coverage,Responding to a simulated incident,Full written incident and risk report,Portfolio packaging of the capstone,Security analyst resume creation and optimization,Technical security interview preparation,Scenario and incident-handling tests,Behavioral interview training,LinkedIn networking for security professionals,1 year Placement Support for Top Fellows,,,,,,,,,,,,,,,,,,,,,,,,Security fundamentals portfolio and report samples,Clear roadmap for entry-level defensive security tracks,Practical understanding of safe digital risk management,Networking & Protocol Fundamentals,Linux & Systems Hardening,Security Operations Centre Workflows,Threat Detection & Log Monitoring,Incident Response & Reporting,200+ Hrs Security-Focused Content,300+ Hrs Live Lab Sessions,Practising Security Analysts as Mentors,CyberSecurity Job Placement Support,Round-the-Clock Assistance,CyberSecurity Curriculum Track,Skill Evaluation Tests,Learning Performance Analytics Dashboard,Professional Community Access,Self-Paced Learning Options,Global Alumni Community,Mock Interview Training,CyberSecurity Certificates,Advanced LMS Platform,Live Incident Response Case Studies,Linux,Networking,Web Safety,Monitoring,Reports,Incident Communication Under Pressure,Clear Security Reporting & Documentation,Risk Explanation for Non-Technical Stakeholders,Cross-Team Coordination During Incidents,Analytical Thinking & Investigative Discipline,Professional Networking & Relationship Building,Real-world Defensive Security Projects,SOC Monitoring & Alert Triage,Vulnerability Assessment & Reporting,Incident Response Simulations,Security Hardening & Configuration Reviews,Industry Mentorship by Practising Security Analysts,Program Investment,"₹1,65,000",Including GST,,,,,,,,,,,,,,,,,,,,,,,,,,,,,,,,,,,Security Mentor,,,,,,,,,,,,,,,,,,,,,,,,,,,,,,,,,,,,,,,,,,,,,,
6a66e44b632b1c18a2ed71f1,programs,6a6061e97bfcf05ac32c3e39,10,6a6061e97bfcf05ac32c3e39,,,,,,,,,,,,,,,,,cybersecurity,published,2026-07-22T06:23:37.534Z,,false,11,,,,6a60a17c20a2dec57e15dec5,10,6a606f7a9d2ffd32c2f52947,https://ik.imagekit.io/ojoijfoinsdnfoodsnf/careerveda/press/The_daily_beat-fe2d5c62.png,6a606f7a5c7cd75eb8f9a59b,https://ik.imagekit.io/ojoijfoinsdnfoodsnf/tr:n-ik_ml_thumbnail/careerveda/press/The_daily_beat-fe2d5c62.png,,,1430,959,,,,,,,,,PG Program in CyberSecurity,"Learn practical digital security foundations, network safety, risk awareness, and defensive monitoring workflows.",,,false,2026-07-22T06:23:37.537Z,2026-07-27T04:53:21.170Z,true,6a6061e97bfcf05ac32c3e39,6a60a17c20a2dec57e15dec5,,2026-07-27T04:53:31.632Z,0,PG Program in Cyber Security by vishal,PG Program in Cyber Security,,Become a Defensive Security Professional,Security,"Learn practical digital security foundations, network safety, risk awareness, and defensive monitoring workflows.","Learn defensive security from the ground up — networks, Linux, web fundamentals, monitoring and incident response — through hands-on labs built around awareness, reporting and response.",6 Months,,Live Online,"Freshers, Graduates, Experienced",,,,,,,,,"Network safety, secure systems thinking and web security fundamentals","Hands-on defensive labs focused on awareness, reporting and response",Career preparation for entry-level security operations roles,,"A comprehensive curriculum designed by industry experts combining networking, Linux, security fundamentals, SOC operations, threat detection and incident response. Master defensive monitoring, risk assessment and reporting with hands-on labs.","This PG Program in CyberSecurity equips you with networking, Linux, security operations, monitoring and incident response skills through hands-on defensive labs and expert guidance.","10,000+",30+,"₹1,65,000",,"3, 6, 9 & 12 months (No Cost EMIs)",7-Day Money Back Guarantee,"July 18, 2026",Few seats left,,Industry-Aligned,Enrolling Now,100% Placement Assurance,,"Networking, Linux, security fundamentals and web basics","Risk review, safe reporting and documentation workflows","Monitoring concepts, alert review and incident response basics",1,2,3,4,5,6,7,8,9,10,11,12,13,14,15,16,17,18,19,20,21,Introduction to CyberSecurity,Networking Fundamentals,Linux Essentials for Security,Windows & Endpoint Security,Security Fundamentals & Frameworks,Cryptography Basics,Identity & Access Management,Web Application Security,Network Defence & Perimeter Security,Vulnerability Management,Threat Intelligence & the Attack Lifecycle,Logging & Log Analysis,SIEM & Security Monitoring,Security Operations Centre Workflows,Incident Response,Digital Forensics Fundamentals,Malware & Phishing Defence,Cloud Security Fundamentals,"Governance, Risk & Compliance",CyberSecurity Capstone Project,Security Career Readiness & Interview Prep,,,,,,,,,,,,,,,,,,,,,,The security landscape and why attacks succeed,"Confidentiality, integrity and availability","Threats, vulnerabilities and risk","Blue team, red team and purple team roles",Security career paths and certifications,Industry trends and outlook,The OSI and TCP/IP models,"IP addressing, subnetting and routing","TCP, UDP and common protocols","DNS, DHCP and HTTP in practice",Packet analysis with Wireshark,Network traffic analysis lab,The Linux filesystem and shell,"Users, groups and permissions","Processes, services and systemd",Package management and updates,Shell scripting for security tasks,Linux administration lab,Windows architecture and the registry,Active Directory fundamentals,Windows event logs and auditing,Endpoint protection and EDR concepts,Endpoint hardening baselines,Endpoint hardening lab,Defence in depth and least privilege,The CIA triad applied to real systems,NIST Cybersecurity Framework,ISO 27001 and CIS Controls overview,The MITRE ATT&CK matrix,Framework mapping exercise,Symmetric and asymmetric encryption,"Hashing, salting and integrity checks",TLS and certificate chains,Public key infrastructure,Key management practices,Encryption implementation lab,Authentication versus authorisation,Multi-factor authentication,"Single sign-on, OAuth and SAML",Role-based and least-privilege access,Privileged access management,Access review exercise,How web applications work end to end,The OWASP Top 10 explained,"Injection, XSS and broken access control",Secure session and cookie handling,Input validation and output encoding,Secure code review lab,Firewall rules and network segmentation,IDS and IPS concepts,VPNs and secure remote access,Zero trust network principles,Wireless network security,Network defence configuration lab,The vulnerability management lifecycle,Scanning and asset discovery,CVSS scoring and prioritisation,Patch management workflows,Reporting findings to system owners,Vulnerability assessment report project,The cyber kill chain,Common attacker tactics and techniques,Indicators of compromise,Threat intelligence sources and feeds,Mapping observed activity to ATT&CK,Threat analysis exercise,What to log and what to keep,Log sources across the estate,Parsing and normalising log data,Baselining normal behaviour,Spotting anomalies in log volume,Log analysis lab,SIEM architecture and data flow,Writing detection rules and correlation logic,Building monitoring dashboards,Alert triage and tuning out noise,Reducing false positives,SIEM detection build lab,SOC tiers and escalation paths,The alert triage process,"Ticketing, tracking and handover",Runbooks and standard operating procedures,Shift discipline and documentation,Simulated SOC shift exercise,The incident response lifecycle,"Detection, containment and eradication",Recovery and return to service,Communication during an incident,Post-incident review and lessons learned,Incident response tabletop exercise,Evidence handling and chain of custody,Disk and memory acquisition basics,Timeline reconstruction,Artefact analysis on Windows and Linux,Forensic reporting standards,Forensic investigation lab,Malware categories and behaviour,Safe analysis in an isolated sandbox,Phishing campaign anatomy,"Email authentication: SPF, DKIM, DMARC",User awareness and reporting culture,Phishing response lab,The shared responsibility model,Identity and access management in the cloud,Common cloud misconfigurations,"Storage, network and workload security",Cloud logging and monitoring,Cloud security review lab,Security policy and standards,Risk assessment and risk registers,Audit preparation and evidence,Data protection and privacy obligations,Business continuity and disaster recovery,Risk assessment project,End-to-end defensive security project,Assessing and hardening a target environment,Building detection and monitoring coverage,Responding to a simulated incident,Full written incident and risk report,Portfolio packaging of the capstone,Security analyst resume creation and optimization,Technical security interview preparation,Scenario and incident-handling tests,Behavioral interview training,LinkedIn networking for security professionals,1 year Placement Support for Top Fellows,,,,,,,,,,,,,,,,,,,,,,,,Security fundamentals portfolio and report samples,Clear roadmap for entry-level defensive security tracks,Practical understanding of safe digital risk management,Networking & Protocol Fundamentals,Linux & Systems Hardening,Security Operations Centre Workflows,Threat Detection & Log Monitoring,Incident Response & Reporting,200+ Hrs Security-Focused Content,300+ Hrs Live Lab Sessions,Practising Security Analysts as Mentors,CyberSecurity Job Placement Support,Round-the-Clock Assistance,CyberSecurity Curriculum Track,Skill Evaluation Tests,Learning Performance Analytics Dashboard,Professional Community Access,Self-Paced Learning Options,Global Alumni Community,Mock Interview Training,CyberSecurity Certificates,Advanced LMS Platform,Live Incident Response Case Studies,Linux,Networking,Web Safety,Monitoring,Reports,Incident Communication Under Pressure,Clear Security Reporting & Documentation,Risk Explanation for Non-Technical Stakeholders,Cross-Team Coordination During Incidents,Analytical Thinking & Investigative Discipline,Professional Networking & Relationship Building,Real-world Defensive Security Projects,SOC Monitoring & Alert Triage,Vulnerability Assessment & Reporting,Incident Response Simulations,Security Hardening & Configuration Reviews,Industry Mentorship by Practising Security Analysts,Program Investment,"₹1,65,000",Including GST,,,,,,,,,,,,,,,,,,,,,,,,,,,,,,,,,,,Security Mentor,,,,,,,,,,,,,,,,,,,,,,,,,,,,,,,,,,,,,,,,,,,,,,
6a66e457632b1c18a2ed7204,programs,6a6061e97bfcf05ac32c3e39,11,6a6061e97bfcf05ac32c3e39,,,,,,,,,,,,,,,,,cybersecurity,published,2026-07-22T06:23:37.534Z,,false,11,,,,6a60a17c20a2dec57e15dec5,11,6a606f7a9d2ffd32c2f52947,https://ik.imagekit.io/ojoijfoinsdnfoodsnf/careerveda/press/The_daily_beat-fe2d5c62.png,6a606f7a5c7cd75eb8f9a59b,https://ik.imagekit.io/ojoijfoinsdnfoodsnf/tr:n-ik_ml_thumbnail/careerveda/press/The_daily_beat-fe2d5c62.png,,,1430,959,,,,,,,,,PG Program in CyberSecurity,"Learn practical digital security foundations, network safety, risk awareness, and defensive monitoring workflows.",,,false,2026-07-22T06:23:37.537Z,2026-07-27T04:53:31.716Z,true,6a6061e97bfcf05ac32c3e39,6a60a17c20a2dec57e15dec5,,2026-07-27T04:53:43.276Z,0,PG Program in Cyber Security,PG Program in Cyber Security,,Become a Defensive Security Professional,Security,"Learn practical digital security foundations, network safety, risk awareness, and defensive monitoring workflows.","Learn defensive security from the ground up — networks, Linux, web fundamentals, monitoring and incident response — through hands-on labs built around awareness, reporting and response.",6 Months,,Live Online,"Freshers, Graduates, Experienced",,,,,,,,,"Network safety, secure systems thinking and web security fundamentals","Hands-on defensive labs focused on awareness, reporting and response",Career preparation for entry-level security operations roles,,"A comprehensive curriculum designed by industry experts combining networking, Linux, security fundamentals, SOC operations, threat detection and incident response. Master defensive monitoring, risk assessment and reporting with hands-on labs.","This PG Program in CyberSecurity equips you with networking, Linux, security operations, monitoring and incident response skills through hands-on defensive labs and expert guidance.","10,000+",30+,"₹1,65,000",,"3, 6, 9 & 12 months (No Cost EMIs)",7-Day Money Back Guarantee,"July 18, 2026",Few seats left,,Industry-Aligned,Enrolling Now,100% Placement Assurance,,"Networking, Linux, security fundamentals and web basics","Risk review, safe reporting and documentation workflows","Monitoring concepts, alert review and incident response basics",1,2,3,4,5,6,7,8,9,10,11,12,13,14,15,16,17,18,19,20,21,Introduction to CyberSecurity,Networking Fundamentals,Linux Essentials for Security,Windows & Endpoint Security,Security Fundamentals & Frameworks,Cryptography Basics,Identity & Access Management,Web Application Security,Network Defence & Perimeter Security,Vulnerability Management,Threat Intelligence & the Attack Lifecycle,Logging & Log Analysis,SIEM & Security Monitoring,Security Operations Centre Workflows,Incident Response,Digital Forensics Fundamentals,Malware & Phishing Defence,Cloud Security Fundamentals,"Governance, Risk & Compliance",CyberSecurity Capstone Project,Security Career Readiness & Interview Prep,,,,,,,,,,,,,,,,,,,,,,The security landscape and why attacks succeed,"Confidentiality, integrity and availability","Threats, vulnerabilities and risk","Blue team, red team and purple team roles",Security career paths and certifications,Industry trends and outlook,The OSI and TCP/IP models,"IP addressing, subnetting and routing","TCP, UDP and common protocols","DNS, DHCP and HTTP in practice",Packet analysis with Wireshark,Network traffic analysis lab,The Linux filesystem and shell,"Users, groups and permissions","Processes, services and systemd",Package management and updates,Shell scripting for security tasks,Linux administration lab,Windows architecture and the registry,Active Directory fundamentals,Windows event logs and auditing,Endpoint protection and EDR concepts,Endpoint hardening baselines,Endpoint hardening lab,Defence in depth and least privilege,The CIA triad applied to real systems,NIST Cybersecurity Framework,ISO 27001 and CIS Controls overview,The MITRE ATT&CK matrix,Framework mapping exercise,Symmetric and asymmetric encryption,"Hashing, salting and integrity checks",TLS and certificate chains,Public key infrastructure,Key management practices,Encryption implementation lab,Authentication versus authorisation,Multi-factor authentication,"Single sign-on, OAuth and SAML",Role-based and least-privilege access,Privileged access management,Access review exercise,How web applications work end to end,The OWASP Top 10 explained,"Injection, XSS and broken access control",Secure session and cookie handling,Input validation and output encoding,Secure code review lab,Firewall rules and network segmentation,IDS and IPS concepts,VPNs and secure remote access,Zero trust network principles,Wireless network security,Network defence configuration lab,The vulnerability management lifecycle,Scanning and asset discovery,CVSS scoring and prioritisation,Patch management workflows,Reporting findings to system owners,Vulnerability assessment report project,The cyber kill chain,Common attacker tactics and techniques,Indicators of compromise,Threat intelligence sources and feeds,Mapping observed activity to ATT&CK,Threat analysis exercise,What to log and what to keep,Log sources across the estate,Parsing and normalising log data,Baselining normal behaviour,Spotting anomalies in log volume,Log analysis lab,SIEM architecture and data flow,Writing detection rules and correlation logic,Building monitoring dashboards,Alert triage and tuning out noise,Reducing false positives,SIEM detection build lab,SOC tiers and escalation paths,The alert triage process,"Ticketing, tracking and handover",Runbooks and standard operating procedures,Shift discipline and documentation,Simulated SOC shift exercise,The incident response lifecycle,"Detection, containment and eradication",Recovery and return to service,Communication during an incident,Post-incident review and lessons learned,Incident response tabletop exercise,Evidence handling and chain of custody,Disk and memory acquisition basics,Timeline reconstruction,Artefact analysis on Windows and Linux,Forensic reporting standards,Forensic investigation lab,Malware categories and behaviour,Safe analysis in an isolated sandbox,Phishing campaign anatomy,"Email authentication: SPF, DKIM, DMARC",User awareness and reporting culture,Phishing response lab,The shared responsibility model,Identity and access management in the cloud,Common cloud misconfigurations,"Storage, network and workload security",Cloud logging and monitoring,Cloud security review lab,Security policy and standards,Risk assessment and risk registers,Audit preparation and evidence,Data protection and privacy obligations,Business continuity and disaster recovery,Risk assessment project,End-to-end defensive security project,Assessing and hardening a target environment,Building detection and monitoring coverage,Responding to a simulated incident,Full written incident and risk report,Portfolio packaging of the capstone,Security analyst resume creation and optimization,Technical security interview preparation,Scenario and incident-handling tests,Behavioral interview training,LinkedIn networking for security professionals,1 year Placement Support for Top Fellows,,,,,,,,,,,,,,,,,,,,,,,,Security fundamentals portfolio and report samples,Clear roadmap for entry-level defensive security tracks,Practical understanding of safe digital risk management,Networking & Protocol Fundamentals,Linux & Systems Hardening,Security Operations Centre Workflows,Threat Detection & Log Monitoring,Incident Response & Reporting,200+ Hrs Security-Focused Content,300+ Hrs Live Lab Sessions,Practising Security Analysts as Mentors,CyberSecurity Job Placement Support,Round-the-Clock Assistance,CyberSecurity Curriculum Track,Skill Evaluation Tests,Learning Performance Analytics Dashboard,Professional Community Access,Self-Paced Learning Options,Global Alumni Community,Mock Interview Training,CyberSecurity Certificates,Advanced LMS Platform,Live Incident Response Case Studies,Linux,Networking,Web Safety,Monitoring,Reports,Incident Communication Under Pressure,Clear Security Reporting & Documentation,Risk Explanation for Non-Technical Stakeholders,Cross-Team Coordination During Incidents,Analytical Thinking & Investigative Discipline,Professional Networking & Relationship Building,Real-world Defensive Security Projects,SOC Monitoring & Alert Triage,Vulnerability Assessment & Reporting,Incident Response Simulations,Security Hardening & Configuration Reviews,Industry Mentorship by Practising Security Analysts,Program Investment,"₹1,65,000",Including GST,,,,,,,,,,,,,,,,,,,,,,,,,,,,,,,,,,,Security Mentor,,,,,,,,,,,,,,,,,,,,,,,,,,,,,,,,,,,,,,,,,,,,,,
6a66e468632b1c18a2ed7211,programs,6a6061e97bfcf05ac32c3e39,12,6a6061e97bfcf05ac32c3e39,,,,,,,,,,,,,,,,,cybersecurity,published,2026-07-22T06:23:37.534Z,,false,11,,,,6a60a17c20a2dec57e15dec5,12,6a606f7a9d2ffd32c2f52947,https://ik.imagekit.io/ojoijfoinsdnfoodsnf/careerveda/press/The_daily_beat-fe2d5c62.png,6a606f7a5c7cd75eb8f9a59b,https://ik.imagekit.io/ojoijfoinsdnfoodsnf/tr:n-ik_ml_thumbnail/careerveda/press/The_daily_beat-fe2d5c62.png,,,1430,959,,,,,,,,,PG Program in CyberSecurity,"Learn practical digital security foundations, network safety, risk awareness, and defensive monitoring workflows.",,,false,2026-07-22T06:23:37.537Z,2026-07-27T04:53:43.364Z,true,6a6061e97bfcf05ac32c3e39,6a60a17c20a2dec57e15dec5,,2026-07-27T04:54:00.792Z,0,PG Program in Cyber Security,PG Program in Cyber Security by vishal,,Become a Defensive Security Professional,Security,"Learn practical digital security foundations, network safety, risk awareness, and defensive monitoring workflows.","Learn defensive security from the ground up — networks, Linux, web fundamentals, monitoring and incident response — through hands-on labs built around awareness, reporting and response.",6 Months,,Live Online,"Freshers, Graduates, Experienced",,,,,,,,,"Network safety, secure systems thinking and web security fundamentals","Hands-on defensive labs focused on awareness, reporting and response",Career preparation for entry-level security operations roles,,"A comprehensive curriculum designed by industry experts combining networking, Linux, security fundamentals, SOC operations, threat detection and incident response. Master defensive monitoring, risk assessment and reporting with hands-on labs.","This PG Program in CyberSecurity equips you with networking, Linux, security operations, monitoring and incident response skills through hands-on defensive labs and expert guidance.","10,000+",30+,"₹1,65,000",,"3, 6, 9 & 12 months (No Cost EMIs)",7-Day Money Back Guarantee,"July 18, 2026",Few seats left,,Industry-Aligned,Enrolling Now,100% Placement Assurance,,"Networking, Linux, security fundamentals and web basics","Risk review, safe reporting and documentation workflows","Monitoring concepts, alert review and incident response basics",1,2,3,4,5,6,7,8,9,10,11,12,13,14,15,16,17,18,19,20,21,Introduction to CyberSecurity,Networking Fundamentals,Linux Essentials for Security,Windows & Endpoint Security,Security Fundamentals & Frameworks,Cryptography Basics,Identity & Access Management,Web Application Security,Network Defence & Perimeter Security,Vulnerability Management,Threat Intelligence & the Attack Lifecycle,Logging & Log Analysis,SIEM & Security Monitoring,Security Operations Centre Workflows,Incident Response,Digital Forensics Fundamentals,Malware & Phishing Defence,Cloud Security Fundamentals,"Governance, Risk & Compliance",CyberSecurity Capstone Project,Security Career Readiness & Interview Prep,,,,,,,,,,,,,,,,,,,,,,The security landscape and why attacks succeed,"Confidentiality, integrity and availability","Threats, vulnerabilities and risk","Blue team, red team and purple team roles",Security career paths and certifications,Industry trends and outlook,The OSI and TCP/IP models,"IP addressing, subnetting and routing","TCP, UDP and common protocols","DNS, DHCP and HTTP in practice",Packet analysis with Wireshark,Network traffic analysis lab,The Linux filesystem and shell,"Users, groups and permissions","Processes, services and systemd",Package management and updates,Shell scripting for security tasks,Linux administration lab,Windows architecture and the registry,Active Directory fundamentals,Windows event logs and auditing,Endpoint protection and EDR concepts,Endpoint hardening baselines,Endpoint hardening lab,Defence in depth and least privilege,The CIA triad applied to real systems,NIST Cybersecurity Framework,ISO 27001 and CIS Controls overview,The MITRE ATT&CK matrix,Framework mapping exercise,Symmetric and asymmetric encryption,"Hashing, salting and integrity checks",TLS and certificate chains,Public key infrastructure,Key management practices,Encryption implementation lab,Authentication versus authorisation,Multi-factor authentication,"Single sign-on, OAuth and SAML",Role-based and least-privilege access,Privileged access management,Access review exercise,How web applications work end to end,The OWASP Top 10 explained,"Injection, XSS and broken access control",Secure session and cookie handling,Input validation and output encoding,Secure code review lab,Firewall rules and network segmentation,IDS and IPS concepts,VPNs and secure remote access,Zero trust network principles,Wireless network security,Network defence configuration lab,The vulnerability management lifecycle,Scanning and asset discovery,CVSS scoring and prioritisation,Patch management workflows,Reporting findings to system owners,Vulnerability assessment report project,The cyber kill chain,Common attacker tactics and techniques,Indicators of compromise,Threat intelligence sources and feeds,Mapping observed activity to ATT&CK,Threat analysis exercise,What to log and what to keep,Log sources across the estate,Parsing and normalising log data,Baselining normal behaviour,Spotting anomalies in log volume,Log analysis lab,SIEM architecture and data flow,Writing detection rules and correlation logic,Building monitoring dashboards,Alert triage and tuning out noise,Reducing false positives,SIEM detection build lab,SOC tiers and escalation paths,The alert triage process,"Ticketing, tracking and handover",Runbooks and standard operating procedures,Shift discipline and documentation,Simulated SOC shift exercise,The incident response lifecycle,"Detection, containment and eradication",Recovery and return to service,Communication during an incident,Post-incident review and lessons learned,Incident response tabletop exercise,Evidence handling and chain of custody,Disk and memory acquisition basics,Timeline reconstruction,Artefact analysis on Windows and Linux,Forensic reporting standards,Forensic investigation lab,Malware categories and behaviour,Safe analysis in an isolated sandbox,Phishing campaign anatomy,"Email authentication: SPF, DKIM, DMARC",User awareness and reporting culture,Phishing response lab,The shared responsibility model,Identity and access management in the cloud,Common cloud misconfigurations,"Storage, network and workload security",Cloud logging and monitoring,Cloud security review lab,Security policy and standards,Risk assessment and risk registers,Audit preparation and evidence,Data protection and privacy obligations,Business continuity and disaster recovery,Risk assessment project,End-to-end defensive security project,Assessing and hardening a target environment,Building detection and monitoring coverage,Responding to a simulated incident,Full written incident and risk report,Portfolio packaging of the capstone,Security analyst resume creation and optimization,Technical security interview preparation,Scenario and incident-handling tests,Behavioral interview training,LinkedIn networking for security professionals,1 year Placement Support for Top Fellows,,,,,,,,,,,,,,,,,,,,,,,,Security fundamentals portfolio and report samples,Clear roadmap for entry-level defensive security tracks,Practical understanding of safe digital risk management,Networking & Protocol Fundamentals,Linux & Systems Hardening,Security Operations Centre Workflows,Threat Detection & Log Monitoring,Incident Response & Reporting,200+ Hrs Security-Focused Content,300+ Hrs Live Lab Sessions,Practising Security Analysts as Mentors,CyberSecurity Job Placement Support,Round-the-Clock Assistance,CyberSecurity Curriculum Track,Skill Evaluation Tests,Learning Performance Analytics Dashboard,Professional Community Access,Self-Paced Learning Options,Global Alumni Community,Mock Interview Training,CyberSecurity Certificates,Advanced LMS Platform,Live Incident Response Case Studies,Linux,Networking,Web Safety,Monitoring,Reports,Incident Communication Under Pressure,Clear Security Reporting & Documentation,Risk Explanation for Non-Technical Stakeholders,Cross-Team Coordination During Incidents,Analytical Thinking & Investigative Discipline,Professional Networking & Relationship Building,Real-world Defensive Security Projects,SOC Monitoring & Alert Triage,Vulnerability Assessment & Reporting,Incident Response Simulations,Security Hardening & Configuration Reviews,Industry Mentorship by Practising Security Analysts,Program Investment,"₹1,65,000",Including GST,,,,,,,,,,,,,,,,,,,,,,,,,,,,,,,,,,,Security Mentor,,,,,,,,,,,,,,,,,,,,,,,,,,,,,,,,,,,,,,,,,,,,,,
6a66e49f632b1c18a2ed7220,programs,6a6061e97bfcf05ac32c3e39,13,6a6061e97bfcf05ac32c3e39,,,,,,,,,,,,,,,,,cybersecurity,published,2026-07-22T06:23:37.534Z,,false,11,,,,6a60a17c20a2dec57e15dec5,13,6a606f7a9d2ffd32c2f52947,https://ik.imagekit.io/ojoijfoinsdnfoodsnf/careerveda/press/The_daily_beat-fe2d5c62.png,6a606f7a5c7cd75eb8f9a59b,https://ik.imagekit.io/ojoijfoinsdnfoodsnf/tr:n-ik_ml_thumbnail/careerveda/press/The_daily_beat-fe2d5c62.png,,,1430,959,,,,,,,,,PG Program in CyberSecurity,"Learn practical digital security foundations, network safety, risk awareness, and defensive monitoring workflows.",,,false,2026-07-22T06:23:37.537Z,2026-07-27T04:54:00.871Z,true,6a6061e97bfcf05ac32c3e39,6a60a17c20a2dec57e15dec5,,2026-07-27T04:54:55.961Z,0,PG Program in Cyber Security,PG Program in Cyber Security,,Become a Defensive Security Professional,Security,"Learn practical digital security foundations, network safety, risk awareness, and defensive monitoring workflows.","Learn defensive security from the ground up — networks, Linux, web fundamentals, monitoring and incident response — through hands-on labs built around awareness, reporting and response.",6 Months,,Live Online,"Freshers, Graduates, Experienced",,,,,,,,,"Network safety, secure systems thinking and web security fundamentals","Hands-on defensive labs focused on awareness, reporting and response",Career preparation for entry-level security operations roles,,"A comprehensive curriculum designed by industry experts combining networking, Linux, security fundamentals, SOC operations, threat detection and incident response. Master defensive monitoring, risk assessment and reporting with hands-on labs.","This PG Program in CyberSecurity equips you with networking, Linux, security operations, monitoring and incident response skills through hands-on defensive labs and expert guidance.","10,000+",30+,"₹1,65,000",,"3, 6, 9 & 12 months (No Cost EMIs)",7-Day Money Back Guarantee,"July 18, 2026",Few seats left,,Industry-Aligned,Enrolling Now,100% Placement Assurance,,"Networking, Linux, security fundamentals and web basics","Risk review, safe reporting and documentation workflows","Monitoring concepts, alert review and incident response basics",1,2,3,4,5,6,7,8,9,10,11,12,13,14,15,16,17,18,19,20,21,Introduction to CyberSecurity,Networking Fundamentals,Linux Essentials for Security,Windows & Endpoint Security,Security Fundamentals & Frameworks,Cryptography Basics,Identity & Access Management,Web Application Security,Network Defence & Perimeter Security,Vulnerability Management,Threat Intelligence & the Attack Lifecycle,Logging & Log Analysis,SIEM & Security Monitoring,Security Operations Centre Workflows,Incident Response,Digital Forensics Fundamentals,Malware & Phishing Defence,Cloud Security Fundamentals,"Governance, Risk & Compliance",CyberSecurity Capstone Project,Security Career Readiness & Interview Prep,,,,,,,,,,,,,,,,,,,,,,The security landscape and why attacks succeed,"Confidentiality, integrity and availability","Threats, vulnerabilities and risk","Blue team, red team and purple team roles",Security career paths and certifications,Industry trends and outlook,The OSI and TCP/IP models,"IP addressing, subnetting and routing","TCP, UDP and common protocols","DNS, DHCP and HTTP in practice",Packet analysis with Wireshark,Network traffic analysis lab,The Linux filesystem and shell,"Users, groups and permissions","Processes, services and systemd",Package management and updates,Shell scripting for security tasks,Linux administration lab,Windows architecture and the registry,Active Directory fundamentals,Windows event logs and auditing,Endpoint protection and EDR concepts,Endpoint hardening baselines,Endpoint hardening lab,Defence in depth and least privilege,The CIA triad applied to real systems,NIST Cybersecurity Framework,ISO 27001 and CIS Controls overview,The MITRE ATT&CK matrix,Framework mapping exercise,Symmetric and asymmetric encryption,"Hashing, salting and integrity checks",TLS and certificate chains,Public key infrastructure,Key management practices,Encryption implementation lab,Authentication versus authorisation,Multi-factor authentication,"Single sign-on, OAuth and SAML",Role-based and least-privilege access,Privileged access management,Access review exercise,How web applications work end to end,The OWASP Top 10 explained,"Injection, XSS and broken access control",Secure session and cookie handling,Input validation and output encoding,Secure code review lab,Firewall rules and network segmentation,IDS and IPS concepts,VPNs and secure remote access,Zero trust network principles,Wireless network security,Network defence configuration lab,The vulnerability management lifecycle,Scanning and asset discovery,CVSS scoring and prioritisation,Patch management workflows,Reporting findings to system owners,Vulnerability assessment report project,The cyber kill chain,Common attacker tactics and techniques,Indicators of compromise,Threat intelligence sources and feeds,Mapping observed activity to ATT&CK,Threat analysis exercise,What to log and what to keep,Log sources across the estate,Parsing and normalising log data,Baselining normal behaviour,Spotting anomalies in log volume,Log analysis lab,SIEM architecture and data flow,Writing detection rules and correlation logic,Building monitoring dashboards,Alert triage and tuning out noise,Reducing false positives,SIEM detection build lab,SOC tiers and escalation paths,The alert triage process,"Ticketing, tracking and handover",Runbooks and standard operating procedures,Shift discipline and documentation,Simulated SOC shift exercise,The incident response lifecycle,"Detection, containment and eradication",Recovery and return to service,Communication during an incident,Post-incident review and lessons learned,Incident response tabletop exercise,Evidence handling and chain of custody,Disk and memory acquisition basics,Timeline reconstruction,Artefact analysis on Windows and Linux,Forensic reporting standards,Forensic investigation lab,Malware categories and behaviour,Safe analysis in an isolated sandbox,Phishing campaign anatomy,"Email authentication: SPF, DKIM, DMARC",User awareness and reporting culture,Phishing response lab,The shared responsibility model,Identity and access management in the cloud,Common cloud misconfigurations,"Storage, network and workload security",Cloud logging and monitoring,Cloud security review lab,Security policy and standards,Risk assessment and risk registers,Audit preparation and evidence,Data protection and privacy obligations,Business continuity and disaster recovery,Risk assessment project,End-to-end defensive security project,Assessing and hardening a target environment,Building detection and monitoring coverage,Responding to a simulated incident,Full written incident and risk report,Portfolio packaging of the capstone,Security analyst resume creation and optimization,Technical security interview preparation,Scenario and incident-handling tests,Behavioral interview training,LinkedIn networking for security professionals,1 year Placement Support for Top Fellows,,,,,,,,,,,,,,,,,,,,,,,,Security fundamentals portfolio and report samples,Clear roadmap for entry-level defensive security tracks,Practical understanding of safe digital risk management,Networking & Protocol Fundamentals,Linux & Systems Hardening,Security Operations Centre Workflows,Threat Detection & Log Monitoring,Incident Response & Reporting,200+ Hrs Security-Focused Content,300+ Hrs Live Lab Sessions,Practising Security Analysts as Mentors,CyberSecurity Job Placement Support,Round-the-Clock Assistance,CyberSecurity Curriculum Track,Skill Evaluation Tests,Learning Performance Analytics Dashboard,Professional Community Access,Self-Paced Learning Options,Global Alumni Community,Mock Interview Training,CyberSecurity Certificates,Advanced LMS Platform,Live Incident Response Case Studies,Linux,Networking,Web Safety,Monitoring,Reports,Incident Communication Under Pressure,Clear Security Reporting & Documentation,Risk Explanation for Non-Technical Stakeholders,Cross-Team Coordination During Incidents,Analytical Thinking & Investigative Discipline,Professional Networking & Relationship Building,Real-world Defensive Security Projects,SOC Monitoring & Alert Triage,Vulnerability Assessment & Reporting,Incident Response Simulations,Security Hardening & Configuration Reviews,Industry Mentorship by Practising Security Analysts,Program Investment,"₹1,65,000",Including GST,,,,,,,,,,,,,,,,,,,,,,,,,,,,,,,,,,,Security Mentor,,,,,,,,,,,,,,,,,,,,,,,,,,,,,,,,,,,,,,,,,,,,,,
6a66e4de632b1c18a2ed7245,programs,6a6061e97bfcf05ac32c3e39,14,6a6061e97bfcf05ac32c3e39,,,,,,,,,,,,,,,,,cybersecurity,published,2026-07-22T06:23:37.534Z,,true,11,,,,6a60a17c20a2dec57e15dec5,14,6a606f7a9d2ffd32c2f52947,https://ik.imagekit.io/ojoijfoinsdnfoodsnf/careerveda/press/The_daily_beat-fe2d5c62.png,6a606f7a5c7cd75eb8f9a59b,https://ik.imagekit.io/ojoijfoinsdnfoodsnf/tr:n-ik_ml_thumbnail/careerveda/press/The_daily_beat-fe2d5c62.png,,,1430,959,,,,,,,,,PG Program in CyberSecurity,"Learn practical digital security foundations, network safety, risk awareness, and defensive monitoring workflows.",,,false,2026-07-22T06:23:37.537Z,2026-07-27T04:54:56.051Z,true,6a6061e97bfcf05ac32c3e39,6a60a17c20a2dec57e15dec5,,2026-07-27T04:55:58.870Z,0,PG Program in Cyber Security,PG Program in Cyber Security,,Become a Defensive Security Professional,Security,"Learn practical digital security foundations, network safety, risk awareness, and defensive monitoring workflows.","Learn defensive security from the ground up — networks, Linux, web fundamentals, monitoring and incident response — through hands-on labs built around awareness, reporting and response.",6 Months,,Live Online,"Freshers, Graduates, Experienced",,,,,,,,,"Network safety, secure systems thinking and web security fundamentals","Hands-on defensive labs focused on awareness, reporting and response",Career preparation for entry-level security operations roles,,"A comprehensive curriculum designed by industry experts combining networking, Linux, security fundamentals, SOC operations, threat detection and incident response. Master defensive monitoring, risk assessment and reporting with hands-on labs.","This PG Program in CyberSecurity equips you with networking, Linux, security operations, monitoring and incident response skills through hands-on defensive labs and expert guidance.","10,000+",30+,"₹1,65,000",,"3, 6, 9 & 12 months (No Cost EMIs)",7-Day Money Back Guarantee,"July 18, 2026",Few seats left,,Industry-Aligned,Enrolling Now,100% Placement Assurance,,"Networking, Linux, security fundamentals and web basics","Risk review, safe reporting and documentation workflows","Monitoring concepts, alert review and incident response basics",1,2,3,4,5,6,7,8,9,10,11,12,13,14,15,16,17,18,19,20,21,Introduction to CyberSecurity,Networking Fundamentals,Linux Essentials for Security,Windows & Endpoint Security,Security Fundamentals & Frameworks,Cryptography Basics,Identity & Access Management,Web Application Security,Network Defence & Perimeter Security,Vulnerability Management,Threat Intelligence & the Attack Lifecycle,Logging & Log Analysis,SIEM & Security Monitoring,Security Operations Centre Workflows,Incident Response,Digital Forensics Fundamentals,Malware & Phishing Defence,Cloud Security Fundamentals,"Governance, Risk & Compliance",CyberSecurity Capstone Project,Security Career Readiness & Interview Prep,,,,,,,,,,,,,,,,,,,,,,The security landscape and why attacks succeed,"Confidentiality, integrity and availability","Threats, vulnerabilities and risk","Blue team, red team and purple team roles",Security career paths and certifications,Industry trends and outlook,The OSI and TCP/IP models,"IP addressing, subnetting and routing","TCP, UDP and common protocols","DNS, DHCP and HTTP in practice",Packet analysis with Wireshark,Network traffic analysis lab,The Linux filesystem and shell,"Users, groups and permissions","Processes, services and systemd",Package management and updates,Shell scripting for security tasks,Linux administration lab,Windows architecture and the registry,Active Directory fundamentals,Windows event logs and auditing,Endpoint protection and EDR concepts,Endpoint hardening baselines,Endpoint hardening lab,Defence in depth and least privilege,The CIA triad applied to real systems,NIST Cybersecurity Framework,ISO 27001 and CIS Controls overview,The MITRE ATT&CK matrix,Framework mapping exercise,Symmetric and asymmetric encryption,"Hashing, salting and integrity checks",TLS and certificate chains,Public key infrastructure,Key management practices,Encryption implementation lab,Authentication versus authorisation,Multi-factor authentication,"Single sign-on, OAuth and SAML",Role-based and least-privilege access,Privileged access management,Access review exercise,How web applications work end to end,The OWASP Top 10 explained,"Injection, XSS and broken access control",Secure session and cookie handling,Input validation and output encoding,Secure code review lab,Firewall rules and network segmentation,IDS and IPS concepts,VPNs and secure remote access,Zero trust network principles,Wireless network security,Network defence configuration lab,The vulnerability management lifecycle,Scanning and asset discovery,CVSS scoring and prioritisation,Patch management workflows,Reporting findings to system owners,Vulnerability assessment report project,The cyber kill chain,Common attacker tactics and techniques,Indicators of compromise,Threat intelligence sources and feeds,Mapping observed activity to ATT&CK,Threat analysis exercise,What to log and what to keep,Log sources across the estate,Parsing and normalising log data,Baselining normal behaviour,Spotting anomalies in log volume,Log analysis lab,SIEM architecture and data flow,Writing detection rules and correlation logic,Building monitoring dashboards,Alert triage and tuning out noise,Reducing false positives,SIEM detection build lab,SOC tiers and escalation paths,The alert triage process,"Ticketing, tracking and handover",Runbooks and standard operating procedures,Shift discipline and documentation,Simulated SOC shift exercise,The incident response lifecycle,"Detection, containment and eradication",Recovery and return to service,Communication during an incident,Post-incident review and lessons learned,Incident response tabletop exercise,Evidence handling and chain of custody,Disk and memory acquisition basics,Timeline reconstruction,Artefact analysis on Windows and Linux,Forensic reporting standards,Forensic investigation lab,Malware categories and behaviour,Safe analysis in an isolated sandbox,Phishing campaign anatomy,"Email authentication: SPF, DKIM, DMARC",User awareness and reporting culture,Phishing response lab,The shared responsibility model,Identity and access management in the cloud,Common cloud misconfigurations,"Storage, network and workload security",Cloud logging and monitoring,Cloud security review lab,Security policy and standards,Risk assessment and risk registers,Audit preparation and evidence,Data protection and privacy obligations,Business continuity and disaster recovery,Risk assessment project,End-to-end defensive security project,Assessing and hardening a target environment,Building detection and monitoring coverage,Responding to a simulated incident,Full written incident and risk report,Portfolio packaging of the capstone,Security analyst resume creation and optimization,Technical security interview preparation,Scenario and incident-handling tests,Behavioral interview training,LinkedIn networking for security professionals,1 year Placement Support for Top Fellows,,,,,,,,,,,,,,,,,,,,,,,,Security fundamentals portfolio and report samples,Clear roadmap for entry-level defensive security tracks,Practical understanding of safe digital risk management,Networking & Protocol Fundamentals,Linux & Systems Hardening,Security Operations Centre Workflows,Threat Detection & Log Monitoring,Incident Response & Reporting,200+ Hrs Security-Focused Content,300+ Hrs Live Lab Sessions,Practising Security Analysts as Mentors,CyberSecurity Job Placement Support,Round-the-Clock Assistance,CyberSecurity Curriculum Track,Skill Evaluation Tests,Learning Performance Analytics Dashboard,Professional Community Access,Self-Paced Learning Options,Global Alumni Community,Mock Interview Training,CyberSecurity Certificates,Advanced LMS Platform,Live Incident Response Case Studies,Linux,Networking,Web Safety,Monitoring,Reports,Incident Communication Under Pressure,Clear Security Reporting & Documentation,Risk Explanation for Non-Technical Stakeholders,Cross-Team Coordination During Incidents,Analytical Thinking & Investigative Discipline,Professional Networking & Relationship Building,Real-world Defensive Security Projects,SOC Monitoring & Alert Triage,Vulnerability Assessment & Reporting,Incident Response Simulations,Security Hardening & Configuration Reviews,Industry Mentorship by Practising Security Analysts,Program Investment,"₹1,65,000",Including GST,,,,,,,,,,,,,,,,,,,,,,,,,,,,,,,,,,,Security Mentor,,,,,,,,,,,,,,,,,,,,,,,,,,,,,,,,,,,,,,,,,,,,,,
6a66e515632b1c18a2ed7277,programs,6a6061e87bfcf05ac32c3dff,14,6a6061e87bfcf05ac32c3dff,,,,,,,,,,,,,,,,,product-management,published,2026-07-22T06:23:36.918Z,,false,1,,,,6a60a17c20a2dec57e15dec5,14,6a6069f8ee5ababd488de20c,https://ik.imagekit.io/ojoijfoinsdnfoodsnf/careerveda/programs/product-management-6b8b2802.jpg,6a6069f85c7cd75eb8b6fddc,https://ik.imagekit.io/ojoijfoinsdnfoodsnf/tr:n-ik_ml_thumbnail/careerveda/programs/product-management-6b8b2802.jpg,PG Program in Product Management,,1448,1086,,,,,,,,,PG Program in Product Management,"A structured, industry-focused program that prepares you to lead the end-to-end lifecycle of digital and technology-driven products. It blends business…",,,false,2026-07-22T06:23:36.938Z,2026-07-25T09:39:44.148Z,true,6a6061e87bfcf05ac32c3dff,6a60a17c20a2dec57e15dec5,,2026-07-27T04:56:53.871Z,0,PG Program in Product Management Ai,PG Program in Product Management Ai,,Become a High-Impact Product Manager,Product,"A structured, industry-focused program that prepares you to lead the end-to-end lifecycle of digital and technology-driven products. It blends business strategy, user-centric design, technology fundamentals and data-driven decision-making, so you can bridge engineering, design, marketing and business teams. short description","Manage products from ideation to launch and scale. Master product strategy, customer discovery, market research, UX fundamentals, agile methodologies, roadmapping and stakeholder management — and learn to drive decisions with product metrics, pricing strategy and go-to-market planning, through real-world case studies and a capstone project.",6 Months,,Live Online,"Freshers, Graduates, Experienced",,,,,,,,,"Product strategy, customer discovery, market research and UX fundamentals","Agile methodologies, product roadmapping and stakeholder management","Product metrics, pricing strategy and go-to-market planning, with AI throughout",,"A structured roadmap from aspiring product manager to product leader. Twelve modules take you from product thinking and customer obsession through research, strategy, roadmaps, UX, agile delivery, analytics and AI, to growth, leadership and a full capstone — each one leaving you a portfolio deliverable you keep.","Six months of 100% live, instructor-led learning from expert trainers at top technology companies, with daily doubt-solving, real industry projects and lifetime placement assistance. No coding background needed — product management is taught from the fundamentals.","10,000+",30+,"₹1,45,000",,"3, 6, 9 & 12 months (No Cost EMIs) · Zero hidden charges",7-Day Money Back Guarantee,"July 18, 2026",Few seats left,,Industry-Aligned,AI-Powered PM,Lifetime Placement Assistance,,"Product thinking, user research and product discovery","PRDs, roadmaps, wireframing and agile execution","Product analytics, AI for product managers, growth and go-to-market",1,2,3,4,5,6,7,8,9,10,11,12,13,,,,,,,,,Preparatory Foundation,Product Thinking & Customer Obsession,Market Research & Competitive Intelligence,User Research & Product Discovery,Product Strategy & Vision Development,Product Requirements & Roadmap Management,"UX, Wireframing & Product Design",Agile Product Development,Product Analytics & Decision Science,AI for Product Managers,Product Growth & Go-to-Market Strategy,Product Leadership & Stakeholder Management,Capstone Project,,,,,,,,,,,,,,,,,,,,,,,,,,,,,,Introduction to Product Thinking,Understanding Digital Products and Platforms,Product Management Career Paths,AI Fundamentals for Product Professionals,Business and Technology Basics,Product Management Terminology and Frameworks,Evolution of Product Management,Product Mindset vs Project Mindset,Understanding Customer Needs,Customer Journey Mapping,Problem Identification Techniques,Opportunity Discovery Frameworks,Market Sizing Fundamentals,Industry Analysis Frameworks,Competitive Benchmarking,SWOT and Opportunity Analysis,Emerging Technology Trends,AI-Based Market Research Techniques,User Interviews,Surveys and Feedback Collection,Persona Development,Jobs-To-Be-Done Framework,Behavioral Analysis,Customer Pain Point Mapping,Product Vision Creation,Strategic Planning,Business Model Fundamentals,Value Proposition Design,Product Portfolio Management,Product Positioning,Product Requirement Documents (PRDs),User Stories and Acceptance Criteria,Product Backlogs,Prioritization Frameworks,Product Roadmapping,Feature Planning,UX Principles,Information Architecture,Wireframing Fundamentals,User Flows,Prototyping Concepts,Design Reviews,Agile Frameworks,Scrum Fundamentals,Sprint Planning,Product Ownership,Engineering Collaboration,Release Management,Product Metrics Frameworks,North Star Metrics,Funnel Analysis,Cohort Analysis,Retention Metrics,Experimentation Design and A/B Testing,Generative AI Applications,AI Product Lifecycle,Prompt Engineering,AI-Assisted Research,AI-Based User Analysis,Building AI Features into Products,Product Launch Planning,Growth Frameworks,Product-Led Growth,User Acquisition,Activation and Retention,Pricing and Monetization,Stakeholder Communication,Executive Presentations,Conflict Resolution,Influence Without Authority,Decision-Making Under Uncertainty,Team Leadership,"Product discovery, market research and user validation",Product strategy and PRD creation,Wireframing and analytics planning,Go-to-market strategy,"Final deliverable: strategy document, PRD, wireframes, analytics framework, GTM plan and executive presentation",,,,,,,,,,,,,,,,,,,,,,,,,,,,,,,,,,,,,,,,,,,,,,,,,,,Introduction to Design Thinking,Product Positioning Strategy,Portfolio deliverable: Market Opportunity Assessment,Research Synthesis,Portfolio deliverable: User Research Repository and Personas,Strategic Decision Frameworks,Portfolio deliverable: Product Vision and Strategy Document,Release Planning,Portfolio deliverable: End-to-End Product Requirement Document,Accessibility Considerations,Portfolio deliverable: Interactive Product Prototype,Risk and Dependency Management,Portfolio deliverable: Sprint Planning Simulation,Data-Driven Decision Making,Portfolio deliverable: Product Analytics Dashboard,Responsible AI Practices,Portfolio deliverable: AI Feature Design Blueprint,Growth Experimentation,Portfolio deliverable: Go-to-Market Strategy Plan,Product Governance,Portfolio deliverable: Executive Product Review Deck,,"A portfolio of PRDs, prototypes, analytics dashboards and a GTM plan","Readiness for Associate Product Manager, Product Analyst, Product Executive and Junior PM roles","PM interview mastery: product cases, metrics, AI product scenarios and mock interview labs",100% Live Instructor-Led Classes,Expert Trainers from Top Technology Companies,Daily Live Doubt-Solving Sessions,Real Industry Projects,25+ Assignments & Industry Case Studies,Three Globally Recognised Certifications,"Dedicated Profile Building — Portfolio, Resume & LinkedIn",Lifetime Placement Assistance,LMS Access for 2 Years,Full Access to Recordings & Notes,Flexible Weekend Learning,Advance Learning Modules,Multiple Practice Quizzes,Tech for PM & Analytics for PM Tracks,PM Interview Mastery Framework,Mock Interview Labs with Expert Feedback,AI Product Case Practice,Dedicated Virtual Classroom & Student Support,10K+ Student & Alumni Community,Hiring Preparation Support,Product Strategy,User Research,Agile,Analytics,Gen AI,Stakeholder Communication,Executive Presentations & Storytelling,Influence Without Authority,Decision-Making Under Uncertainty,Cross-Functional Team Leadership,Conflict Resolution,Real-world Product Management Projects,Product Roadmap Development,User Research & PRD Writing,Feature Launch & A/B Testing,Product Analytics & Metrics Tracking,Industry Mentorship by Senior PMs,Program Investment,"₹1,45,000",Including GST,,,,,,,,,,,,,,,,,,,,,,,,,,,,,,,,,,,Expert Trainers,,,,,,,,,,,,,,,,,,,,,,,,,,,,,,,,,,,,,,,,,,,,,,
6a66e52a632b1c18a2ed728e,programs,6a6061e87bfcf05ac32c3dff,15,6a6061e87bfcf05ac32c3dff,,,,,,,,,,,,,,,,,product-management,published,2026-07-22T06:23:36.918Z,,false,1,,,,6a60a17c20a2dec57e15dec5,15,6a6069f8ee5ababd488de20c,https://ik.imagekit.io/ojoijfoinsdnfoodsnf/careerveda/programs/product-management-6b8b2802.jpg,6a6069f85c7cd75eb8b6fddc,https://ik.imagekit.io/ojoijfoinsdnfoodsnf/tr:n-ik_ml_thumbnail/careerveda/programs/product-management-6b8b2802.jpg,PG Program in Product Management,,1448,1086,,,,,,,,,PG Program in Product Management,"A structured, industry-focused program that prepares you to lead the end-to-end lifecycle of digital and technology-driven products. It blends business…",,,false,2026-07-22T06:23:36.938Z,2026-07-27T04:56:53.948Z,true,6a6061e87bfcf05ac32c3dff,6a60a17c20a2dec57e15dec5,,2026-07-27T04:57:14.228Z,0,PG Program in Product Management Ai vidhal,PG Program in Product Management Ai,,Become a High-Impact Product Manager,Product,"A structured, industry-focused program that prepares you to lead the end-to-end lifecycle of digital and technology-driven products. It blends business strategy, user-centric design, technology fundamentals and data-driven decision-making, so you can bridge engineering, design, marketing and business teams. short description","Manage products from ideation to launch and scale. Master product strategy, customer discovery, market research, UX fundamentals, agile methodologies, roadmapping and stakeholder management — and learn to drive decisions with product metrics, pricing strategy and go-to-market planning, through real-world case studies and a capstone project.",6 Months,,Live Online,"Freshers, Graduates, Experienced",,,,,,,,,"Product strategy, customer discovery, market research and UX fundamentals","Agile methodologies, product roadmapping and stakeholder management","Product metrics, pricing strategy and go-to-market planning, with AI throughout",,"A structured roadmap from aspiring product manager to product leader. Twelve modules take you from product thinking and customer obsession through research, strategy, roadmaps, UX, agile delivery, analytics and AI, to growth, leadership and a full capstone — each one leaving you a portfolio deliverable you keep.","Six months of 100% live, instructor-led learning from expert trainers at top technology companies, with daily doubt-solving, real industry projects and lifetime placement assistance. No coding background needed — product management is taught from the fundamentals.","10,000+",30+,"₹1,45,000",,"3, 6, 9 & 12 months (No Cost EMIs) · Zero hidden charges",7-Day Money Back Guarantee,"July 18, 2026",Few seats left,,Industry-Aligned,AI-Powered PM,Lifetime Placement Assistance,,"Product thinking, user research and product discovery","PRDs, roadmaps, wireframing and agile execution","Product analytics, AI for product managers, growth and go-to-market",1,2,3,4,5,6,7,8,9,10,11,12,13,,,,,,,,,Preparatory Foundation,Product Thinking & Customer Obsession,Market Research & Competitive Intelligence,User Research & Product Discovery,Product Strategy & Vision Development,Product Requirements & Roadmap Management,"UX, Wireframing & Product Design",Agile Product Development,Product Analytics & Decision Science,AI for Product Managers,Product Growth & Go-to-Market Strategy,Product Leadership & Stakeholder Management,Capstone Project,,,,,,,,,,,,,,,,,,,,,,,,,,,,,,Introduction to Product Thinking,Understanding Digital Products and Platforms,Product Management Career Paths,AI Fundamentals for Product Professionals,Business and Technology Basics,Product Management Terminology and Frameworks,Evolution of Product Management,Product Mindset vs Project Mindset,Understanding Customer Needs,Customer Journey Mapping,Problem Identification Techniques,Opportunity Discovery Frameworks,Market Sizing Fundamentals,Industry Analysis Frameworks,Competitive Benchmarking,SWOT and Opportunity Analysis,Emerging Technology Trends,AI-Based Market Research Techniques,User Interviews,Surveys and Feedback Collection,Persona Development,Jobs-To-Be-Done Framework,Behavioral Analysis,Customer Pain Point Mapping,Product Vision Creation,Strategic Planning,Business Model Fundamentals,Value Proposition Design,Product Portfolio Management,Product Positioning,Product Requirement Documents (PRDs),User Stories and Acceptance Criteria,Product Backlogs,Prioritization Frameworks,Product Roadmapping,Feature Planning,UX Principles,Information Architecture,Wireframing Fundamentals,User Flows,Prototyping Concepts,Design Reviews,Agile Frameworks,Scrum Fundamentals,Sprint Planning,Product Ownership,Engineering Collaboration,Release Management,Product Metrics Frameworks,North Star Metrics,Funnel Analysis,Cohort Analysis,Retention Metrics,Experimentation Design and A/B Testing,Generative AI Applications,AI Product Lifecycle,Prompt Engineering,AI-Assisted Research,AI-Based User Analysis,Building AI Features into Products,Product Launch Planning,Growth Frameworks,Product-Led Growth,User Acquisition,Activation and Retention,Pricing and Monetization,Stakeholder Communication,Executive Presentations,Conflict Resolution,Influence Without Authority,Decision-Making Under Uncertainty,Team Leadership,"Product discovery, market research and user validation",Product strategy and PRD creation,Wireframing and analytics planning,Go-to-market strategy,"Final deliverable: strategy document, PRD, wireframes, analytics framework, GTM plan and executive presentation",,,,,,,,,,,,,,,,,,,,,,,,,,,,,,,,,,,,,,,,,,,,,,,,,,,Introduction to Design Thinking,Product Positioning Strategy,Portfolio deliverable: Market Opportunity Assessment,Research Synthesis,Portfolio deliverable: User Research Repository and Personas,Strategic Decision Frameworks,Portfolio deliverable: Product Vision and Strategy Document,Release Planning,Portfolio deliverable: End-to-End Product Requirement Document,Accessibility Considerations,Portfolio deliverable: Interactive Product Prototype,Risk and Dependency Management,Portfolio deliverable: Sprint Planning Simulation,Data-Driven Decision Making,Portfolio deliverable: Product Analytics Dashboard,Responsible AI Practices,Portfolio deliverable: AI Feature Design Blueprint,Growth Experimentation,Portfolio deliverable: Go-to-Market Strategy Plan,Product Governance,Portfolio deliverable: Executive Product Review Deck,,"A portfolio of PRDs, prototypes, analytics dashboards and a GTM plan","Readiness for Associate Product Manager, Product Analyst, Product Executive and Junior PM roles","PM interview mastery: product cases, metrics, AI product scenarios and mock interview labs",100% Live Instructor-Led Classes,Expert Trainers from Top Technology Companies,Daily Live Doubt-Solving Sessions,Real Industry Projects,25+ Assignments & Industry Case Studies,Three Globally Recognised Certifications,"Dedicated Profile Building — Portfolio, Resume & LinkedIn",Lifetime Placement Assistance,LMS Access for 2 Years,Full Access to Recordings & Notes,Flexible Weekend Learning,Advance Learning Modules,Multiple Practice Quizzes,Tech for PM & Analytics for PM Tracks,PM Interview Mastery Framework,Mock Interview Labs with Expert Feedback,AI Product Case Practice,Dedicated Virtual Classroom & Student Support,10K+ Student & Alumni Community,Hiring Preparation Support,Product Strategy,User Research,Agile,Analytics,Gen AI,Stakeholder Communication,Executive Presentations & Storytelling,Influence Without Authority,Decision-Making Under Uncertainty,Cross-Functional Team Leadership,Conflict Resolution,Real-world Product Management Projects,Product Roadmap Development,User Research & PRD Writing,Feature Launch & A/B Testing,Product Analytics & Metrics Tracking,Industry Mentorship by Senior PMs,Program Investment,"₹1,45,000",Including GST,,,,,,,,,,,,,,,,,,,,,,,,,,,,,,,,,,,Expert Trainers,,,,,,,,,,,,,,,,,,,,,,,,,,,,,,,,,,,,,,,,,,,,,,
6a66ff745ceb3cd402ec35d9,programs,6a6061e87bfcf05ac32c3dff,16,6a6061e87bfcf05ac32c3dff,,,,,,,,,,,,,,,,,product-management,published,2026-07-22T06:23:36.918Z,,false,1,,,,6a60a17c20a2dec57e15dec5,16,6a6069f8ee5ababd488de20c,https://ik.imagekit.io/ojoijfoinsdnfoodsnf/careerveda/programs/product-management-6b8b2802.jpg,6a6069f85c7cd75eb8b6fddc,https://ik.imagekit.io/ojoijfoinsdnfoodsnf/tr:n-ik_ml_thumbnail/careerveda/programs/product-management-6b8b2802.jpg,PG Program in Product Management,,1448,1086,,,,,,,,,PG Program in Product Management,"A structured, industry-focused program that prepares you to lead the end-to-end lifecycle of digital and technology-driven products. It blends business…",,,false,2026-07-22T06:23:36.938Z,2026-07-27T04:57:14.299Z,true,6a6061e87bfcf05ac32c3dff,6a60a17c20a2dec57e15dec5,,2026-07-27T06:49:24.074Z,0,PG Program in Product Management Ai,PG Program in Product Management Ai  vishal,,Become a High-Impact Product Manager,Product,"A structured, industry-focused program that prepares you to lead the end-to-end lifecycle of digital and technology-driven products. It blends business strategy, user-centric design, technology fundamentals and data-driven decision-making, so you can bridge engineering, design, marketing and business teams. short description","Manage products from ideation to launch and scale. Master product strategy, customer discovery, market research, UX fundamentals, agile methodologies, roadmapping and stakeholder management — and learn to drive decisions with product metrics, pricing strategy and go-to-market planning, through real-world case studies and a capstone project.",6 Months,,Live Online,"Freshers, Graduates, Experienced",,,,,,,,,"Product strategy, customer discovery, market research and UX fundamentals","Agile methodologies, product roadmapping and stakeholder management","Product metrics, pricing strategy and go-to-market planning, with AI throughout",,"A structured roadmap from aspiring product manager to product leader. Twelve modules take you from product thinking and customer obsession through research, strategy, roadmaps, UX, agile delivery, analytics and AI, to growth, leadership and a full capstone — each one leaving you a portfolio deliverable you keep.","Six months of 100% live, instructor-led learning from expert trainers at top technology companies, with daily doubt-solving, real industry projects and lifetime placement assistance. No coding background needed — product management is taught from the fundamentals.","10,000+",30+,"₹1,45,000",,"3, 6, 9 & 12 months (No Cost EMIs) · Zero hidden charges",7-Day Money Back Guarantee,"July 18, 2026",Few seats left,,Industry-Aligned,AI-Powered PM,Lifetime Placement Assistance,,"Product thinking, user research and product discovery","PRDs, roadmaps, wireframing and agile execution","Product analytics, AI for product managers, growth and go-to-market",1,2,3,4,5,6,7,8,9,10,11,12,13,,,,,,,,,Preparatory Foundation,Product Thinking & Customer Obsession,Market Research & Competitive Intelligence,User Research & Product Discovery,Product Strategy & Vision Development,Product Requirements & Roadmap Management,"UX, Wireframing & Product Design",Agile Product Development,Product Analytics & Decision Science,AI for Product Managers,Product Growth & Go-to-Market Strategy,Product Leadership & Stakeholder Management,Capstone Project,,,,,,,,,,,,,,,,,,,,,,,,,,,,,,Introduction to Product Thinking,Understanding Digital Products and Platforms,Product Management Career Paths,AI Fundamentals for Product Professionals,Business and Technology Basics,Product Management Terminology and Frameworks,Evolution of Product Management,Product Mindset vs Project Mindset,Understanding Customer Needs,Customer Journey Mapping,Problem Identification Techniques,Opportunity Discovery Frameworks,Market Sizing Fundamentals,Industry Analysis Frameworks,Competitive Benchmarking,SWOT and Opportunity Analysis,Emerging Technology Trends,AI-Based Market Research Techniques,User Interviews,Surveys and Feedback Collection,Persona Development,Jobs-To-Be-Done Framework,Behavioral Analysis,Customer Pain Point Mapping,Product Vision Creation,Strategic Planning,Business Model Fundamentals,Value Proposition Design,Product Portfolio Management,Product Positioning,Product Requirement Documents (PRDs),User Stories and Acceptance Criteria,Product Backlogs,Prioritization Frameworks,Product Roadmapping,Feature Planning,UX Principles,Information Architecture,Wireframing Fundamentals,User Flows,Prototyping Concepts,Design Reviews,Agile Frameworks,Scrum Fundamentals,Sprint Planning,Product Ownership,Engineering Collaboration,Release Management,Product Metrics Frameworks,North Star Metrics,Funnel Analysis,Cohort Analysis,Retention Metrics,Experimentation Design and A/B Testing,Generative AI Applications,AI Product Lifecycle,Prompt Engineering,AI-Assisted Research,AI-Based User Analysis,Building AI Features into Products,Product Launch Planning,Growth Frameworks,Product-Led Growth,User Acquisition,Activation and Retention,Pricing and Monetization,Stakeholder Communication,Executive Presentations,Conflict Resolution,Influence Without Authority,Decision-Making Under Uncertainty,Team Leadership,"Product discovery, market research and user validation",Product strategy and PRD creation,Wireframing and analytics planning,Go-to-market strategy,"Final deliverable: strategy document, PRD, wireframes, analytics framework, GTM plan and executive presentation",,,,,,,,,,,,,,,,,,,,,,,,,,,,,,,,,,,,,,,,,,,,,,,,,,,Introduction to Design Thinking,Product Positioning Strategy,Portfolio deliverable: Market Opportunity Assessment,Research Synthesis,Portfolio deliverable: User Research Repository and Personas,Strategic Decision Frameworks,Portfolio deliverable: Product Vision and Strategy Document,Release Planning,Portfolio deliverable: End-to-End Product Requirement Document,Accessibility Considerations,Portfolio deliverable: Interactive Product Prototype,Risk and Dependency Management,Portfolio deliverable: Sprint Planning Simulation,Data-Driven Decision Making,Portfolio deliverable: Product Analytics Dashboard,Responsible AI Practices,Portfolio deliverable: AI Feature Design Blueprint,Growth Experimentation,Portfolio deliverable: Go-to-Market Strategy Plan,Product Governance,Portfolio deliverable: Executive Product Review Deck,,"A portfolio of PRDs, prototypes, analytics dashboards and a GTM plan","Readiness for Associate Product Manager, Product Analyst, Product Executive and Junior PM roles","PM interview mastery: product cases, metrics, AI product scenarios and mock interview labs",100% Live Instructor-Led Classes,Expert Trainers from Top Technology Companies,Daily Live Doubt-Solving Sessions,Real Industry Projects,25+ Assignments & Industry Case Studies,Three Globally Recognised Certifications,"Dedicated Profile Building — Portfolio, Resume & LinkedIn",Lifetime Placement Assistance,LMS Access for 2 Years,Full Access to Recordings & Notes,Flexible Weekend Learning,Advance Learning Modules,Multiple Practice Quizzes,Tech for PM & Analytics for PM Tracks,PM Interview Mastery Framework,Mock Interview Labs with Expert Feedback,AI Product Case Practice,Dedicated Virtual Classroom & Student Support,10K+ Student & Alumni Community,Hiring Preparation Support,Product Strategy,User Research,Agile,Analytics,Gen AI,Stakeholder Communication,Executive Presentations & Storytelling,Influence Without Authority,Decision-Making Under Uncertainty,Cross-Functional Team Leadership,Conflict Resolution,Real-world Product Management Projects,Product Roadmap Development,User Research & PRD Writing,Feature Launch & A/B Testing,Product Analytics & Metrics Tracking,Industry Mentorship by Senior PMs,Program Investment,"₹1,45,000",Including GST,,,,,,,,,,,,,,,,,,,,,,,,,,,,,,,,,,,Expert Trainers,,,,,,,,,,,,,,,,,,,,,,,,,,,,,,,,,,,,,,,,,,,,,,
6a66ff795ceb3cd402ec35e5,programs,6a6061e87bfcf05ac32c3dff,17,6a6061e87bfcf05ac32c3dff,,,,,,,,,,,,,,,,,product-management,published,2026-07-22T06:23:36.918Z,,false,1,,,,6a60a17c20a2dec57e15dec5,17,6a6069f8ee5ababd488de20c,https://ik.imagekit.io/ojoijfoinsdnfoodsnf/careerveda/programs/product-management-6b8b2802.jpg,6a6069f85c7cd75eb8b6fddc,https://ik.imagekit.io/ojoijfoinsdnfoodsnf/tr:n-ik_ml_thumbnail/careerveda/programs/product-management-6b8b2802.jpg,PG Program in Product Management,,1448,1086,,,,,,,,,PG Program in Product Management,"A structured, industry-focused program that prepares you to lead the end-to-end lifecycle of digital and technology-driven products. It blends business…",,,false,2026-07-22T06:23:36.938Z,2026-07-27T06:49:24.161Z,true,6a6061e87bfcf05ac32c3dff,6a60a17c20a2dec57e15dec5,,2026-07-27T06:49:29.369Z,0,PG Program in Product Management Ai,PG Program in Product Management Ai  vishal,,Become a High-Impact Product Manager,Product,"A structured, industry-focused program that prepares you to lead the end-to-end lifecycle of digital and technology-driven products. It blends business strategy, user-centric design, technology fundamentals and data-driven decision-making, so you can bridge engineering, design, marketing and business teams. short description","Manage products from ideation to launch and scale. Master product strategy, customer discovery, market research, UX fundamentals, agile methodologies, roadmapping and stakeholder management — and learn to drive decisions with product metrics, pricing strategy and go-to-market planning, through real-world case studies and a capstone project.",6 Months,,Live Online,"Freshers, Graduates, Experienced",,,,,,,,,"Product strategy, customer discovery, market research and UX fundamentals","Agile methodologies, product roadmapping and stakeholder management","Product metrics, pricing strategy and go-to-market planning, with AI throughout",,"A structured roadmap from aspiring product manager to product leader. Twelve modules take you from product thinking and customer obsession through research, strategy, roadmaps, UX, agile delivery, analytics and AI, to growth, leadership and a full capstone — each one leaving you a portfolio deliverable you keep.","Six months of 100% live, instructor-led learning from expert trainers at top technology companies, with daily doubt-solving, real industry projects and lifetime placement assistance. No coding background needed — product management is taught from the fundamentals.","10,000+",30+,"₹1,45,000",,"3, 6, 9 & 12 months (No Cost EMIs) · Zero hidden charges",7-Day Money Back Guarantee,"July 18, 2026",Few seats left,,Industry-Aligned,AI-Powered PM,Lifetime Placement Assistance,,"Product thinking, user research and product discovery","PRDs, roadmaps, wireframing and agile execution","Product analytics, AI for product managers, growth and go-to-market",1,2,3,4,5,6,7,8,9,10,11,12,13,,,,,,,,,Preparatory Foundation,Product Thinking & Customer Obsession,Market Research & Competitive Intelligence,User Research & Product Discovery,Product Strategy & Vision Development,Product Requirements & Roadmap Management,"UX, Wireframing & Product Design",Agile Product Development,Product Analytics & Decision Science,AI for Product Managers,Product Growth & Go-to-Market Strategy,Product Leadership & Stakeholder Management,Capstone Project,,,,,,,,,,,,,,,,,,,,,,,,,,,,,,Introduction to Product Thinking,Understanding Digital Products and Platforms,Product Management Career Paths,AI Fundamentals for Product Professionals,Business and Technology Basics,Product Management Terminology and Frameworks,Evolution of Product Management,Product Mindset vs Project Mindset,Understanding Customer Needs,Customer Journey Mapping,Problem Identification Techniques,Opportunity Discovery Frameworks,Market Sizing Fundamentals,Industry Analysis Frameworks,Competitive Benchmarking,SWOT and Opportunity Analysis,Emerging Technology Trends,AI-Based Market Research Techniques,User Interviews,Surveys and Feedback Collection,Persona Development,Jobs-To-Be-Done Framework,Behavioral Analysis,Customer Pain Point Mapping,Product Vision Creation,Strategic Planning,Business Model Fundamentals,Value Proposition Design,Product Portfolio Management,Product Positioning,Product Requirement Documents (PRDs),User Stories and Acceptance Criteria,Product Backlogs,Prioritization Frameworks,Product Roadmapping,Feature Planning,UX Principles,Information Architecture,Wireframing Fundamentals,User Flows,Prototyping Concepts,Design Reviews,Agile Frameworks,Scrum Fundamentals,Sprint Planning,Product Ownership,Engineering Collaboration,Release Management,Product Metrics Frameworks,North Star Metrics,Funnel Analysis,Cohort Analysis,Retention Metrics,Experimentation Design and A/B Testing,Generative AI Applications,AI Product Lifecycle,Prompt Engineering,AI-Assisted Research,AI-Based User Analysis,Building AI Features into Products,Product Launch Planning,Growth Frameworks,Product-Led Growth,User Acquisition,Activation and Retention,Pricing and Monetization,Stakeholder Communication,Executive Presentations,Conflict Resolution,Influence Without Authority,Decision-Making Under Uncertainty,Team Leadership,"Product discovery, market research and user validation",Product strategy and PRD creation,Wireframing and analytics planning,Go-to-market strategy,"Final deliverable: strategy document, PRD, wireframes, analytics framework, GTM plan and executive presentation",,,,,,,,,,,,,,,,,,,,,,,,,,,,,,,,,,,,,,,,,,,,,,,,,,,Introduction to Design Thinking,Product Positioning Strategy,Portfolio deliverable: Market Opportunity Assessment,Research Synthesis,Portfolio deliverable: User Research Repository and Personas,Strategic Decision Frameworks,Portfolio deliverable: Product Vision and Strategy Document,Release Planning,Portfolio deliverable: End-to-End Product Requirement Document,Accessibility Considerations,Portfolio deliverable: Interactive Product Prototype,Risk and Dependency Management,Portfolio deliverable: Sprint Planning Simulation,Data-Driven Decision Making,Portfolio deliverable: Product Analytics Dashboard,Responsible AI Practices,Portfolio deliverable: AI Feature Design Blueprint,Growth Experimentation,Portfolio deliverable: Go-to-Market Strategy Plan,Product Governance,Portfolio deliverable: Executive Product Review Deck,,"A portfolio of PRDs, prototypes, analytics dashboards and a GTM plan","Readiness for Associate Product Manager, Product Analyst, Product Executive and Junior PM roles","PM interview mastery: product cases, metrics, AI product scenarios and mock interview labs",100% Live Instructor-Led Classes,Expert Trainers from Top Technology Companies,Daily Live Doubt-Solving Sessions,Real Industry Projects,25+ Assignments & Industry Case Studies,Three Globally Recognised Certifications,"Dedicated Profile Building — Portfolio, Resume & LinkedIn",Lifetime Placement Assistance,LMS Access for 2 Years,Full Access to Recordings & Notes,Flexible Weekend Learning,Advance Learning Modules,Multiple Practice Quizzes,Tech for PM & Analytics for PM Tracks,PM Interview Mastery Framework,Mock Interview Labs with Expert Feedback,AI Product Case Practice,Dedicated Virtual Classroom & Student Support,10K+ Student & Alumni Community,Hiring Preparation Support,Product Strategy,User Research,Agile,Analytics,Gen AI,Stakeholder Communication,Executive Presentations & Storytelling,Influence Without Authority,Decision-Making Under Uncertainty,Cross-Functional Team Leadership,Conflict Resolution,Real-world Product Management Projects,Product Roadmap Development,User Research & PRD Writing,Feature Launch & A/B Testing,Product Analytics & Metrics Tracking,Industry Mentorship by Senior PMs,Program Investment,"₹1,45,000",Including GST,,,,,,,,,,,,,,,,,,,,,,,,,,,,,,,,,,,Expert Trainers,,,,,,,,,,,,,,,,,,,,,,,,,,,,,,,,,,,,,,,,,,,,,,
6a6725dc140b603595d5ac0d,programs,6a6061e87bfcf05ac32c3dff,18,6a6061e87bfcf05ac32c3dff,,,,,,,,,,,,,,,,,product-management,published,2026-07-22T06:23:36.918Z,,false,1,,,,6a60a17c20a2dec57e15dec5,18,6a6069f8ee5ababd488de20c,https://ik.imagekit.io/ojoijfoinsdnfoodsnf/careerveda/programs/product-management-6b8b2802.jpg,6a6069f85c7cd75eb8b6fddc,https://ik.imagekit.io/ojoijfoinsdnfoodsnf/tr:n-ik_ml_thumbnail/careerveda/programs/product-management-6b8b2802.jpg,PG Program in Product Management,,1448,1086,,,,,,,,,PG Program in Product Management,"A structured, industry-focused program that prepares you to lead the end-to-end lifecycle of digital and technology-driven products. It blends business…",,,false,2026-07-22T06:23:36.938Z,2026-07-27T06:49:29.443Z,true,6a6061e87bfcf05ac32c3dff,6a60a17c20a2dec57e15dec5,,2026-07-27T09:33:16.684Z,0,PG Program in Product Management Ai vishal,PG Program in Product Management Ai  vishal,,Become a High-Impact Product Manager,Product,"A structured, industry-focused program that prepares you to lead the end-to-end lifecycle of digital and technology-driven products. It blends business strategy, user-centric design, technology fundamentals and data-driven decision-making, so you can bridge engineering, design, marketing and business teams. short description","Manage products from ideation to launch and scale. Master product strategy, customer discovery, market research, UX fundamentals, agile methodologies, roadmapping and stakeholder management — and learn to drive decisions with product metrics, pricing strategy and go-to-market planning, through real-world case studies and a capstone project.",6 Months,,Live Online,"Freshers, Graduates, Experienced",,,,,,,,,"Product strategy, customer discovery, market research and UX fundamentals","Agile methodologies, product roadmapping and stakeholder management","Product metrics, pricing strategy and go-to-market planning, with AI throughout",,"A structured roadmap from aspiring product manager to product leader. Twelve modules take you from product thinking and customer obsession through research, strategy, roadmaps, UX, agile delivery, analytics and AI, to growth, leadership and a full capstone — each one leaving you a portfolio deliverable you keep.","Six months of 100% live, instructor-led learning from expert trainers at top technology companies, with daily doubt-solving, real industry projects and lifetime placement assistance. No coding background needed — product management is taught from the fundamentals.","10,000+",30+,"₹1,45,000",,"3, 6, 9 & 12 months (No Cost EMIs) · Zero hidden charges",7-Day Money Back Guarantee,"July 18, 2026",Few seats left,,Industry-Aligned,AI-Powered PM,Lifetime Placement Assistance,,"Product thinking, user research and product discovery","PRDs, roadmaps, wireframing and agile execution","Product analytics, AI for product managers, growth and go-to-market",1,2,3,4,5,6,7,8,9,10,11,12,13,,,,,,,,,Preparatory Foundation,Product Thinking & Customer Obsession,Market Research & Competitive Intelligence,User Research & Product Discovery,Product Strategy & Vision Development,Product Requirements & Roadmap Management,"UX, Wireframing & Product Design",Agile Product Development,Product Analytics & Decision Science,AI for Product Managers,Product Growth & Go-to-Market Strategy,Product Leadership & Stakeholder Management,Capstone Project,,,,,,,,,,,,,,,,,,,,,,,,,,,,,,Introduction to Product Thinking,Understanding Digital Products and Platforms,Product Management Career Paths,AI Fundamentals for Product Professionals,Business and Technology Basics,Product Management Terminology and Frameworks,Evolution of Product Management,Product Mindset vs Project Mindset,Understanding Customer Needs,Customer Journey Mapping,Problem Identification Techniques,Opportunity Discovery Frameworks,Market Sizing Fundamentals,Industry Analysis Frameworks,Competitive Benchmarking,SWOT and Opportunity Analysis,Emerging Technology Trends,AI-Based Market Research Techniques,User Interviews,Surveys and Feedback Collection,Persona Development,Jobs-To-Be-Done Framework,Behavioral Analysis,Customer Pain Point Mapping,Product Vision Creation,Strategic Planning,Business Model Fundamentals,Value Proposition Design,Product Portfolio Management,Product Positioning,Product Requirement Documents (PRDs),User Stories and Acceptance Criteria,Product Backlogs,Prioritization Frameworks,Product Roadmapping,Feature Planning,UX Principles,Information Architecture,Wireframing Fundamentals,User Flows,Prototyping Concepts,Design Reviews,Agile Frameworks,Scrum Fundamentals,Sprint Planning,Product Ownership,Engineering Collaboration,Release Management,Product Metrics Frameworks,North Star Metrics,Funnel Analysis,Cohort Analysis,Retention Metrics,Experimentation Design and A/B Testing,Generative AI Applications,AI Product Lifecycle,Prompt Engineering,AI-Assisted Research,AI-Based User Analysis,Building AI Features into Products,Product Launch Planning,Growth Frameworks,Product-Led Growth,User Acquisition,Activation and Retention,Pricing and Monetization,Stakeholder Communication,Executive Presentations,Conflict Resolution,Influence Without Authority,Decision-Making Under Uncertainty,Team Leadership,"Product discovery, market research and user validation",Product strategy and PRD creation,Wireframing and analytics planning,Go-to-market strategy,"Final deliverable: strategy document, PRD, wireframes, analytics framework, GTM plan and executive presentation",,,,,,,,,,,,,,,,,,,,,,,,,,,,,,,,,,,,,,,,,,,,,,,,,,,Introduction to Design Thinking,Product Positioning Strategy,Portfolio deliverable: Market Opportunity Assessment,Research Synthesis,Portfolio deliverable: User Research Repository and Personas,Strategic Decision Frameworks,Portfolio deliverable: Product Vision and Strategy Document,Release Planning,Portfolio deliverable: End-to-End Product Requirement Document,Accessibility Considerations,Portfolio deliverable: Interactive Product Prototype,Risk and Dependency Management,Portfolio deliverable: Sprint Planning Simulation,Data-Driven Decision Making,Portfolio deliverable: Product Analytics Dashboard,Responsible AI Practices,Portfolio deliverable: AI Feature Design Blueprint,Growth Experimentation,Portfolio deliverable: Go-to-Market Strategy Plan,Product Governance,Portfolio deliverable: Executive Product Review Deck,,"A portfolio of PRDs, prototypes, analytics dashboards and a GTM plan","Readiness for Associate Product Manager, Product Analyst, Product Executive and Junior PM roles","PM interview mastery: product cases, metrics, AI product scenarios and mock interview labs",100% Live Instructor-Led Classes,Expert Trainers from Top Technology Companies,Daily Live Doubt-Solving Sessions,Real Industry Projects,25+ Assignments & Industry Case Studies,Three Globally Recognised Certifications,"Dedicated Profile Building — Portfolio, Resume & LinkedIn",Lifetime Placement Assistance,LMS Access for 2 Years,Full Access to Recordings & Notes,Flexible Weekend Learning,Advance Learning Modules,Multiple Practice Quizzes,Tech for PM & Analytics for PM Tracks,PM Interview Mastery Framework,Mock Interview Labs with Expert Feedback,AI Product Case Practice,Dedicated Virtual Classroom & Student Support,10K+ Student & Alumni Community,Hiring Preparation Support,Product Strategy,User Research,Agile,Analytics,Gen AI,Stakeholder Communication,Executive Presentations & Storytelling,Influence Without Authority,Decision-Making Under Uncertainty,Cross-Functional Team Leadership,Conflict Resolution,Real-world Product Management Projects,Product Roadmap Development,User Research & PRD Writing,Feature Launch & A/B Testing,Product Analytics & Metrics Tracking,Industry Mentorship by Senior PMs,Program Investment,"₹1,45,000",Including GST,,,,,,,,,,,,,,,,,,,,,,,,,,,,,,,,,,,Expert Trainers,,,,,,,,,,,,,,,,,,,,,,,,,,,,,,,,,,,,,,,,,,,,,,
6a6846475a6896109ba43592,jobs,6a6061ee7bfcf05ac32c3f31,4,6a6061ee7bfcf05ac32c3f31,,,,,,,,,,,,,,,,,technical-content-writer-learnhub-media,published,2026-07-22T06:23:42.443Z,,false,21,,,,,4,,,,,,,,,,,,,,,,,,,,,false,2026-07-22T06:23:42.444Z,2026-07-22T06:25:23.683Z,true,6a6061ee7bfcf05ac32c3f31,6a60a17c20a2dec57e15dec5,,2026-07-28T06:03:51.597Z,0,Technical Content Writer,,,,,"Create developer tutorials, API docs, and technical blog content.",,,,,,,,,,,,,,,,,,,,,,,,,,,,,,,,,,,,,,,,,,,,,,,,,,,,,,,,,,,,,,,,,,,,,,,,,,,,,,,,,,,,,,,,,,,,,,,,,,,,,,,,,,,,,,,,,,,,,,,,,,,,,,,,,,,,,,,,,,,,,,,,,,,,,,,,,,,,,,,,,,,,,,,,,,,,,,,,,,,,,,,,,,,,,,,,,,,,,,,,,,,,,,,,,,,,,,,,,,,,,,,,,,,,,,,,,,,,,,,,,,,,,,,,,,,,,,,,,,,,,,,,,,,,,,,Technical Writing,Markdown,Documentation,,,,,,,,,,,,,,,,,,LearnHub Media,Remote,Remote,Full-time,0–2 years,₹3–6 LPA,https://www.linkedin.com/jobs/search/?keywords=Technical+Content+Writer&location=India&f_WT=2,,LinkedIn Jobs,2026-06-22T00:00:00.000Z,,,,,,,,,,,,,,,,,,,,,,,,,,,,,,,,,,,,,,,,,,,,,,,,,,,,,,,,,,,,,,,,,,,,,,,
6a68470c5a6896109ba435fe,programs,6a6061e97bfcf05ac32c3e39,15,6a6061e97bfcf05ac32c3e39,,,,,,,,,,,,,,,,,cybersecurity,published,2026-07-22T06:23:37.534Z,,false,11,,,,6a60a17c20a2dec57e15dec5,15,6a606f7a9d2ffd32c2f52947,https://ik.imagekit.io/ojoijfoinsdnfoodsnf/careerveda/press/The_daily_beat-fe2d5c62.png,6a606f7a5c7cd75eb8f9a59b,https://ik.imagekit.io/ojoijfoinsdnfoodsnf/tr:n-ik_ml_thumbnail/careerveda/press/The_daily_beat-fe2d5c62.png,,,1430,959,,,,,,,,,PG Program in CyberSecurity,"Learn practical digital security foundations, network safety, risk awareness, and defensive monitoring workflows.",,,false,2026-07-22T06:23:37.537Z,2026-07-27T04:55:58.968Z,true,6a6061e97bfcf05ac32c3e39,6a60a17c20a2dec57e15dec5,,2026-07-28T06:07:08.856Z,0,PG Program in Cyber Security,PG Program in Cyber Security,,Become a Defensive Security Professional,Security,"Learn practical digital security foundations, network safety, risk awareness, and defensive monitoring workflows.","Learn defensive security from the ground up — networks, Linux, web fundamentals, monitoring and incident response — through hands-on labs built around awareness, reporting and response.",6 Months,,Live Online,"Freshers, Graduates, Experienced",,,,,,,,,"Network safety, secure systems thinking and web security fundamentals","Hands-on defensive labs focused on awareness, reporting and response",Career preparation for entry-level security operations roles,,"A comprehensive curriculum designed by industry experts combining networking, Linux, security fundamentals, SOC operations, threat detection and incident response. Master defensive monitoring, risk assessment and reporting with hands-on labs.","This PG Program in CyberSecurity equips you with networking, Linux, security operations, monitoring and incident response skills through hands-on defensive labs and expert guidance.","10,000+",30+,"₹1,65,000",,"3, 6, 9 & 12 months (No Cost EMIs)",7-Day Money Back Guarantee,"July 18, 2026",Few seats left,,Industry-Aligned,Enrolling Now,100% Placement Assurance,,"Networking, Linux, security fundamentals and web basics","Risk review, safe reporting and documentation workflows","Monitoring concepts, alert review and incident response basics",1,2,3,4,5,6,7,8,9,10,11,12,13,14,15,16,17,18,19,20,21,Introduction to CyberSecurity,Networking Fundamentals,Linux Essentials for Security,Windows & Endpoint Security,Security Fundamentals & Frameworks,Cryptography Basics,Identity & Access Management,Web Application Security,Network Defence & Perimeter Security,Vulnerability Management,Threat Intelligence & the Attack Lifecycle,Logging & Log Analysis,SIEM & Security Monitoring,Security Operations Centre Workflows,Incident Response,Digital Forensics Fundamentals,Malware & Phishing Defence,Cloud Security Fundamentals,"Governance, Risk & Compliance",CyberSecurity Capstone Project,Security Career Readiness & Interview Prep,,,,,,,,,,,,,,,,,,,,,,The security landscape and why attacks succeed,"Confidentiality, integrity and availability","Threats, vulnerabilities and risk","Blue team, red team and purple team roles",Security career paths and certifications,Industry trends and outlook,The OSI and TCP/IP models,"IP addressing, subnetting and routing","TCP, UDP and common protocols","DNS, DHCP and HTTP in practice",Packet analysis with Wireshark,Network traffic analysis lab,The Linux filesystem and shell,"Users, groups and permissions","Processes, services and systemd",Package management and updates,Shell scripting for security tasks,Linux administration lab,Windows architecture and the registry,Active Directory fundamentals,Windows event logs and auditing,Endpoint protection and EDR concepts,Endpoint hardening baselines,Endpoint hardening lab,Defence in depth and least privilege,The CIA triad applied to real systems,NIST Cybersecurity Framework,ISO 27001 and CIS Controls overview,The MITRE ATT&CK matrix,Framework mapping exercise,Symmetric and asymmetric encryption,"Hashing, salting and integrity checks",TLS and certificate chains,Public key infrastructure,Key management practices,Encryption implementation lab,Authentication versus authorisation,Multi-factor authentication,"Single sign-on, OAuth and SAML",Role-based and least-privilege access,Privileged access management,Access review exercise,How web applications work end to end,The OWASP Top 10 explained,"Injection, XSS and broken access control",Secure session and cookie handling,Input validation and output encoding,Secure code review lab,Firewall rules and network segmentation,IDS and IPS concepts,VPNs and secure remote access,Zero trust network principles,Wireless network security,Network defence configuration lab,The vulnerability management lifecycle,Scanning and asset discovery,CVSS scoring and prioritisation,Patch management workflows,Reporting findings to system owners,Vulnerability assessment report project,The cyber kill chain,Common attacker tactics and techniques,Indicators of compromise,Threat intelligence sources and feeds,Mapping observed activity to ATT&CK,Threat analysis exercise,What to log and what to keep,Log sources across the estate,Parsing and normalising log data,Baselining normal behaviour,Spotting anomalies in log volume,Log analysis lab,SIEM architecture and data flow,Writing detection rules and correlation logic,Building monitoring dashboards,Alert triage and tuning out noise,Reducing false positives,SIEM detection build lab,SOC tiers and escalation paths,The alert triage process,"Ticketing, tracking and handover",Runbooks and standard operating procedures,Shift discipline and documentation,Simulated SOC shift exercise,The incident response lifecycle,"Detection, containment and eradication",Recovery and return to service,Communication during an incident,Post-incident review and lessons learned,Incident response tabletop exercise,Evidence handling and chain of custody,Disk and memory acquisition basics,Timeline reconstruction,Artefact analysis on Windows and Linux,Forensic reporting standards,Forensic investigation lab,Malware categories and behaviour,Safe analysis in an isolated sandbox,Phishing campaign anatomy,"Email authentication: SPF, DKIM, DMARC",User awareness and reporting culture,Phishing response lab,The shared responsibility model,Identity and access management in the cloud,Common cloud misconfigurations,"Storage, network and workload security",Cloud logging and monitoring,Cloud security review lab,Security policy and standards,Risk assessment and risk registers,Audit preparation and evidence,Data protection and privacy obligations,Business continuity and disaster recovery,Risk assessment project,End-to-end defensive security project,Assessing and hardening a target environment,Building detection and monitoring coverage,Responding to a simulated incident,Full written incident and risk report,Portfolio packaging of the capstone,Security analyst resume creation and optimization,Technical security interview preparation,Scenario and incident-handling tests,Behavioral interview training,LinkedIn networking for security professionals,1 year Placement Support for Top Fellows,,,,,,,,,,,,,,,,,,,,,,,,Security fundamentals portfolio and report samples,Clear roadmap for entry-level defensive security tracks,Practical understanding of safe digital risk management,Networking & Protocol Fundamentals,Linux & Systems Hardening,Security Operations Centre Workflows,Threat Detection & Log Monitoring,Incident Response & Reporting,200+ Hrs Security-Focused Content,300+ Hrs Live Lab Sessions,Practising Security Analysts as Mentors,CyberSecurity Job Placement Support,Round-the-Clock Assistance,CyberSecurity Curriculum Track,Skill Evaluation Tests,Learning Performance Analytics Dashboard,Professional Community Access,Self-Paced Learning Options,Global Alumni Community,Mock Interview Training,CyberSecurity Certificates,Advanced LMS Platform,Live Incident Response Case Studies,Linux,Networking,Web Safety,Monitoring,Reports,Incident Communication Under Pressure,Clear Security Reporting & Documentation,Risk Explanation for Non-Technical Stakeholders,Cross-Team Coordination During Incidents,Analytical Thinking & Investigative Discipline,Professional Networking & Relationship Building,Real-world Defensive Security Projects,SOC Monitoring & Alert Triage,Vulnerability Assessment & Reporting,Incident Response Simulations,Security Hardening & Configuration Reviews,Industry Mentorship by Practising Security Analysts,Program Investment,"₹1,65,000",Including GST,,,,,,,,,,,,,,,,,,,,,,,,,,,,,,,,,,,Security Mentor,,,,,,,,,,,,,,,,,,,,,,,,,,,,,,,,,,,,,,,,,,,,,,
6a6847ec5a6896109ba43631,programs,6a6061e97bfcf05ac32c3e39,16,6a6061e97bfcf05ac32c3e39,,,,,,,,,,,,,,,,,cybersecurity,published,2026-07-22T06:23:37.534Z,,false,11,,,,6a60a17c20a2dec57e15dec5,16,6a6847075a6896109ba435f8,https://ik.imagekit.io/ojoijfoinsdnfoodsnf/careerveda/cyber-b713b52d.jpg,6a6847085c7cd75eb87edfd7,https://ik.imagekit.io/ojoijfoinsdnfoodsnf/tr:n-ik_ml_thumbnail/careerveda/cyber-b713b52d.jpg,,,559,357,,,,,,,,,PG Program in CyberSecurity,"Learn practical digital security foundations, network safety, risk awareness, and defensive monitoring workflows.",,,false,2026-07-22T06:23:37.537Z,2026-07-28T06:07:08.958Z,true,6a6061e97bfcf05ac32c3e39,6a60a17c20a2dec57e15dec5,,2026-07-28T06:10:52.818Z,0,PG Program in Cyber Security,PG Program in Cyber Security,,Become a Defensive Security Professional,Security,"Learn practical digital security foundations, network safety, risk awareness, and defensive monitoring workflows.","Learn defensive security from the ground up — networks, Linux, web fundamentals, monitoring and incident response — through hands-on labs built around awareness, reporting and response.",6 Months,,Live Online,"Freshers, Graduates, Experienced",,,,,,,,,"Network safety, secure systems thinking and web security fundamentals","Hands-on defensive labs focused on awareness, reporting and response",Career preparation for entry-level security operations roles,,"A comprehensive curriculum designed by industry experts combining networking, Linux, security fundamentals, SOC operations, threat detection and incident response. Master defensive monitoring, risk assessment and reporting with hands-on labs.","This PG Program in CyberSecurity equips you with networking, Linux, security operations, monitoring and incident response skills through hands-on defensive labs and expert guidance.","10,000+",30+,"₹1,65,000",,"3, 6, 9 & 12 months (No Cost EMIs)",7-Day Money Back Guarantee,"July 18, 2026",Few seats left,,Industry-Aligned,Enrolling Now,100% Placement Assurance,,"Networking, Linux, security fundamentals and web basics","Risk review, safe reporting and documentation workflows","Monitoring concepts, alert review and incident response basics",1,2,3,4,5,6,7,8,9,10,11,12,13,14,15,16,17,18,19,20,21,Introduction to CyberSecurity,Networking Fundamentals,Linux Essentials for Security,Windows & Endpoint Security,Security Fundamentals & Frameworks,Cryptography Basics,Identity & Access Management,Web Application Security,Network Defence & Perimeter Security,Vulnerability Management,Threat Intelligence & the Attack Lifecycle,Logging & Log Analysis,SIEM & Security Monitoring,Security Operations Centre Workflows,Incident Response,Digital Forensics Fundamentals,Malware & Phishing Defence,Cloud Security Fundamentals,"Governance, Risk & Compliance",CyberSecurity Capstone Project,Security Career Readiness & Interview Prep,,,,,,,,,,,,,,,,,,,,,,The security landscape and why attacks succeed,"Confidentiality, integrity and availability","Threats, vulnerabilities and risk","Blue team, red team and purple team roles",Security career paths and certifications,Industry trends and outlook,The OSI and TCP/IP models,"IP addressing, subnetting and routing","TCP, UDP and common protocols","DNS, DHCP and HTTP in practice",Packet analysis with Wireshark,Network traffic analysis lab,The Linux filesystem and shell,"Users, groups and permissions","Processes, services and systemd",Package management and updates,Shell scripting for security tasks,Linux administration lab,Windows architecture and the registry,Active Directory fundamentals,Windows event logs and auditing,Endpoint protection and EDR concepts,Endpoint hardening baselines,Endpoint hardening lab,Defence in depth and least privilege,The CIA triad applied to real systems,NIST Cybersecurity Framework,ISO 27001 and CIS Controls overview,The MITRE ATT&CK matrix,Framework mapping exercise,Symmetric and asymmetric encryption,"Hashing, salting and integrity checks",TLS and certificate chains,Public key infrastructure,Key management practices,Encryption implementation lab,Authentication versus authorisation,Multi-factor authentication,"Single sign-on, OAuth and SAML",Role-based and least-privilege access,Privileged access management,Access review exercise,How web applications work end to end,The OWASP Top 10 explained,"Injection, XSS and broken access control",Secure session and cookie handling,Input validation and output encoding,Secure code review lab,Firewall rules and network segmentation,IDS and IPS concepts,VPNs and secure remote access,Zero trust network principles,Wireless network security,Network defence configuration lab,The vulnerability management lifecycle,Scanning and asset discovery,CVSS scoring and prioritisation,Patch management workflows,Reporting findings to system owners,Vulnerability assessment report project,The cyber kill chain,Common attacker tactics and techniques,Indicators of compromise,Threat intelligence sources and feeds,Mapping observed activity to ATT&CK,Threat analysis exercise,What to log and what to keep,Log sources across the estate,Parsing and normalising log data,Baselining normal behaviour,Spotting anomalies in log volume,Log analysis lab,SIEM architecture and data flow,Writing detection rules and correlation logic,Building monitoring dashboards,Alert triage and tuning out noise,Reducing false positives,SIEM detection build lab,SOC tiers and escalation paths,The alert triage process,"Ticketing, tracking and handover",Runbooks and standard operating procedures,Shift discipline and documentation,Simulated SOC shift exercise,The incident response lifecycle,"Detection, containment and eradication",Recovery and return to service,Communication during an incident,Post-incident review and lessons learned,Incident response tabletop exercise,Evidence handling and chain of custody,Disk and memory acquisition basics,Timeline reconstruction,Artefact analysis on Windows and Linux,Forensic reporting standards,Forensic investigation lab,Malware categories and behaviour,Safe analysis in an isolated sandbox,Phishing campaign anatomy,"Email authentication: SPF, DKIM, DMARC",User awareness and reporting culture,Phishing response lab,The shared responsibility model,Identity and access management in the cloud,Common cloud misconfigurations,"Storage, network and workload security",Cloud logging and monitoring,Cloud security review lab,Security policy and standards,Risk assessment and risk registers,Audit preparation and evidence,Data protection and privacy obligations,Business continuity and disaster recovery,Risk assessment project,End-to-end defensive security project,Assessing and hardening a target environment,Building detection and monitoring coverage,Responding to a simulated incident,Full written incident and risk report,Portfolio packaging of the capstone,Security analyst resume creation and optimization,Technical security interview preparation,Scenario and incident-handling tests,Behavioral interview training,LinkedIn networking for security professionals,1 year Placement Support for Top Fellows,,,,,,,,,,,,,,,,,,,,,,,,Security fundamentals portfolio and report samples,Clear roadmap for entry-level defensive security tracks,Practical understanding of safe digital risk management,Networking & Protocol Fundamentals,Linux & Systems Hardening,Security Operations Centre Workflows,Threat Detection & Log Monitoring,Incident Response & Reporting,200+ Hrs Security-Focused Content,300+ Hrs Live Lab Sessions,Practising Security Analysts as Mentors,CyberSecurity Job Placement Support,Round-the-Clock Assistance,CyberSecurity Curriculum Track,Skill Evaluation Tests,Learning Performance Analytics Dashboard,Professional Community Access,Self-Paced Learning Options,Global Alumni Community,Mock Interview Training,CyberSecurity Certificates,Advanced LMS Platform,Live Incident Response Case Studies,Linux,Networking,Web Safety,Monitoring,Reports,Incident Communication Under Pressure,Clear Security Reporting & Documentation,Risk Explanation for Non-Technical Stakeholders,Cross-Team Coordination During Incidents,Analytical Thinking & Investigative Discipline,Professional Networking & Relationship Building,Real-world Defensive Security Projects,SOC Monitoring & Alert Triage,Vulnerability Assessment & Reporting,Incident Response Simulations,Security Hardening & Configuration Reviews,Industry Mentorship by Practising Security Analysts,Program Investment,"₹1,65,000",Including GST,,,,,,,,,,,,,,,,,,,,,,,,,,,,,,,,,,,Security Mentor,,,,,,,,,,,,,,,,,,,,,,,,,,,,,,,,,,,,,,,,,,,,,,
6a6847f85a6896109ba4363e,programs,6a6061e97bfcf05ac32c3e39,17,6a6061e97bfcf05ac32c3e39,,,,,,,,,,,,,,,,,cybersecurity,published,2026-07-22T06:23:37.534Z,,false,11,,,,6a60a17c20a2dec57e15dec5,17,6a6847075a6896109ba435f8,https://ik.imagekit.io/ojoijfoinsdnfoodsnf/careerveda/cyber-b713b52d.jpg,6a6847085c7cd75eb87edfd7,https://ik.imagekit.io/ojoijfoinsdnfoodsnf/tr:n-ik_ml_thumbnail/careerveda/cyber-b713b52d.jpg,,,559,357,,,,,,,,,PG Program in CyberSecurity,"Learn practical digital security foundations, network safety, risk awareness, and defensive monitoring workflows.",,,false,2026-07-22T06:23:37.537Z,2026-07-28T06:10:53.046Z,true,6a6061e97bfcf05ac32c3e39,6a60a17c20a2dec57e15dec5,,2026-07-28T06:11:04.619Z,0,PG Program in Cyber Security,PG Program in Cyber Security vishal,,Become a Defensive Security Professional,Security,"Learn practical digital security foundations, network safety, risk awareness, and defensive monitoring workflows.","Learn defensive security from the ground up — networks, Linux, web fundamentals, monitoring and incident response — through hands-on labs built around awareness, reporting and response.",6 Months,,Live Online,"Freshers, Graduates, Experienced",,,,,,,,,"Network safety, secure systems thinking and web security fundamentals","Hands-on defensive labs focused on awareness, reporting and response",Career preparation for entry-level security operations roles,,"A comprehensive curriculum designed by industry experts combining networking, Linux, security fundamentals, SOC operations, threat detection and incident response. Master defensive monitoring, risk assessment and reporting with hands-on labs.","This PG Program in CyberSecurity equips you with networking, Linux, security operations, monitoring and incident response skills through hands-on defensive labs and expert guidance.","10,000+",30+,"₹1,65,000",,"3, 6, 9 & 12 months (No Cost EMIs)",7-Day Money Back Guarantee,"July 18, 2026",Few seats left,,Industry-Aligned,Enrolling Now,100% Placement Assurance,,"Networking, Linux, security fundamentals and web basics","Risk review, safe reporting and documentation workflows","Monitoring concepts, alert review and incident response basics",1,2,3,4,5,6,7,8,9,10,11,12,13,14,15,16,17,18,19,20,21,Introduction to CyberSecurity,Networking Fundamentals,Linux Essentials for Security,Windows & Endpoint Security,Security Fundamentals & Frameworks,Cryptography Basics,Identity & Access Management,Web Application Security,Network Defence & Perimeter Security,Vulnerability Management,Threat Intelligence & the Attack Lifecycle,Logging & Log Analysis,SIEM & Security Monitoring,Security Operations Centre Workflows,Incident Response,Digital Forensics Fundamentals,Malware & Phishing Defence,Cloud Security Fundamentals,"Governance, Risk & Compliance",CyberSecurity Capstone Project,Security Career Readiness & Interview Prep,,,,,,,,,,,,,,,,,,,,,,The security landscape and why attacks succeed,"Confidentiality, integrity and availability","Threats, vulnerabilities and risk","Blue team, red team and purple team roles",Security career paths and certifications,Industry trends and outlook,The OSI and TCP/IP models,"IP addressing, subnetting and routing","TCP, UDP and common protocols","DNS, DHCP and HTTP in practice",Packet analysis with Wireshark,Network traffic analysis lab,The Linux filesystem and shell,"Users, groups and permissions","Processes, services and systemd",Package management and updates,Shell scripting for security tasks,Linux administration lab,Windows architecture and the registry,Active Directory fundamentals,Windows event logs and auditing,Endpoint protection and EDR concepts,Endpoint hardening baselines,Endpoint hardening lab,Defence in depth and least privilege,The CIA triad applied to real systems,NIST Cybersecurity Framework,ISO 27001 and CIS Controls overview,The MITRE ATT&CK matrix,Framework mapping exercise,Symmetric and asymmetric encryption,"Hashing, salting and integrity checks",TLS and certificate chains,Public key infrastructure,Key management practices,Encryption implementation lab,Authentication versus authorisation,Multi-factor authentication,"Single sign-on, OAuth and SAML",Role-based and least-privilege access,Privileged access management,Access review exercise,How web applications work end to end,The OWASP Top 10 explained,"Injection, XSS and broken access control",Secure session and cookie handling,Input validation and output encoding,Secure code review lab,Firewall rules and network segmentation,IDS and IPS concepts,VPNs and secure remote access,Zero trust network principles,Wireless network security,Network defence configuration lab,The vulnerability management lifecycle,Scanning and asset discovery,CVSS scoring and prioritisation,Patch management workflows,Reporting findings to system owners,Vulnerability assessment report project,The cyber kill chain,Common attacker tactics and techniques,Indicators of compromise,Threat intelligence sources and feeds,Mapping observed activity to ATT&CK,Threat analysis exercise,What to log and what to keep,Log sources across the estate,Parsing and normalising log data,Baselining normal behaviour,Spotting anomalies in log volume,Log analysis lab,SIEM architecture and data flow,Writing detection rules and correlation logic,Building monitoring dashboards,Alert triage and tuning out noise,Reducing false positives,SIEM detection build lab,SOC tiers and escalation paths,The alert triage process,"Ticketing, tracking and handover",Runbooks and standard operating procedures,Shift discipline and documentation,Simulated SOC shift exercise,The incident response lifecycle,"Detection, containment and eradication",Recovery and return to service,Communication during an incident,Post-incident review and lessons learned,Incident response tabletop exercise,Evidence handling and chain of custody,Disk and memory acquisition basics,Timeline reconstruction,Artefact analysis on Windows and Linux,Forensic reporting standards,Forensic investigation lab,Malware categories and behaviour,Safe analysis in an isolated sandbox,Phishing campaign anatomy,"Email authentication: SPF, DKIM, DMARC",User awareness and reporting culture,Phishing response lab,The shared responsibility model,Identity and access management in the cloud,Common cloud misconfigurations,"Storage, network and workload security",Cloud logging and monitoring,Cloud security review lab,Security policy and standards,Risk assessment and risk registers,Audit preparation and evidence,Data protection and privacy obligations,Business continuity and disaster recovery,Risk assessment project,End-to-end defensive security project,Assessing and hardening a target environment,Building detection and monitoring coverage,Responding to a simulated incident,Full written incident and risk report,Portfolio packaging of the capstone,Security analyst resume creation and optimization,Technical security interview preparation,Scenario and incident-handling tests,Behavioral interview training,LinkedIn networking for security professionals,1 year Placement Support for Top Fellows,,,,,,,,,,,,,,,,,,,,,,,,Security fundamentals portfolio and report samples,Clear roadmap for entry-level defensive security tracks,Practical understanding of safe digital risk management,Networking & Protocol Fundamentals,Linux & Systems Hardening,Security Operations Centre Workflows,Threat Detection & Log Monitoring,Incident Response & Reporting,200+ Hrs Security-Focused Content,300+ Hrs Live Lab Sessions,Practising Security Analysts as Mentors,CyberSecurity Job Placement Support,Round-the-Clock Assistance,CyberSecurity Curriculum Track,Skill Evaluation Tests,Learning Performance Analytics Dashboard,Professional Community Access,Self-Paced Learning Options,Global Alumni Community,Mock Interview Training,CyberSecurity Certificates,Advanced LMS Platform,Live Incident Response Case Studies,Linux,Networking,Web Safety,Monitoring,Reports,Incident Communication Under Pressure,Clear Security Reporting & Documentation,Risk Explanation for Non-Technical Stakeholders,Cross-Team Coordination During Incidents,Analytical Thinking & Investigative Discipline,Professional Networking & Relationship Building,Real-world Defensive Security Projects,SOC Monitoring & Alert Triage,Vulnerability Assessment & Reporting,Incident Response Simulations,Security Hardening & Configuration Reviews,Industry Mentorship by Practising Security Analysts,Program Investment,"₹1,65,000",Including GST,,,,,,,,,,,,,,,,,,,,,,,,,,,,,,,,,,,Security Mentor,,,,,,,,,,,,,,,,,,,,,,,,,,,,,,,,,,,,,,,,,,,,,,
6a684c095a6896109ba43730,programs,6a6061e87bfcf05ac32c3dff,19,6a6061e87bfcf05ac32c3dff,,,,,,,,,,,,,,,,,product-management,published,2026-07-22T06:23:36.918Z,,false,1,,,,6a60a17c20a2dec57e15dec5,19,6a6069f8ee5ababd488de20c,https://ik.imagekit.io/ojoijfoinsdnfoodsnf/careerveda/programs/product-management-6b8b2802.jpg,6a6069f85c7cd75eb8b6fddc,https://ik.imagekit.io/ojoijfoinsdnfoodsnf/tr:n-ik_ml_thumbnail/careerveda/programs/product-management-6b8b2802.jpg,PG Program in Product Management,,1448,1086,,,,,,,,,PG Program in Product Management,"A structured, industry-focused program that prepares you to lead the end-to-end lifecycle of digital and technology-driven products. It blends business…",,,false,2026-07-22T06:23:36.938Z,2026-07-27T09:33:16.785Z,true,6a6061e87bfcf05ac32c3dff,6a60a17c20a2dec57e15dec5,,2026-07-28T06:28:25.314Z,0,PG Program in Product Management Ai,PG Program in Product Management Ai,,Become a High-Impact Product Manager,Product,"A structured, industry-focused program that prepares you to lead the end-to-end lifecycle of digital and technology-driven products. It blends business strategy, user-centric design, technology fundamentals and data-driven decision-making, so you can bridge engineering, design, marketing and business teams. short description","Manage products from ideation to launch and scale. Master product strategy, customer discovery, market research, UX fundamentals, agile methodologies, roadmapping and stakeholder management — and learn to drive decisions with product metrics, pricing strategy and go-to-market planning, through real-world case studies and a capstone project.",6 Months,,Live Online,"Freshers, Graduates, Experienced",,,,,,,,,"Product strategy, customer discovery, market research and UX fundamentals","Agile methodologies, product roadmapping and stakeholder management","Product metrics, pricing strategy and go-to-market planning, with AI throughout",,"A structured roadmap from aspiring product manager to product leader. Twelve modules take you from product thinking and customer obsession through research, strategy, roadmaps, UX, agile delivery, analytics and AI, to growth, leadership and a full capstone — each one leaving you a portfolio deliverable you keep.","Six months of 100% live, instructor-led learning from expert trainers at top technology companies, with daily doubt-solving, real industry projects and lifetime placement assistance. No coding background needed — product management is taught from the fundamentals.","10,000+",30+,"₹1,45,000",,"3, 6, 9 & 12 months (No Cost EMIs) · Zero hidden charges",7-Day Money Back Guarantee,"July 18, 2026",Few seats left,,Industry-Aligned,AI-Powered PM,Lifetime Placement Assistance,,"Product thinking, user research and product discovery","PRDs, roadmaps, wireframing and agile execution","Product analytics, AI for product managers, growth and go-to-market",1,2,3,4,5,6,7,8,9,10,11,12,13,,,,,,,,,Preparatory Foundation,Product Thinking & Customer Obsession,Market Research & Competitive Intelligence,User Research & Product Discovery,Product Strategy & Vision Development,Product Requirements & Roadmap Management,"UX, Wireframing & Product Design",Agile Product Development,Product Analytics & Decision Science,AI for Product Managers,Product Growth & Go-to-Market Strategy,Product Leadership & Stakeholder Management,Capstone Project,,,,,,,,,,,,,,,,,,,,,,,,,,,,,,Introduction to Product Thinking,Understanding Digital Products and Platforms,Product Management Career Paths,AI Fundamentals for Product Professionals,Business and Technology Basics,Product Management Terminology and Frameworks,Evolution of Product Management,Product Mindset vs Project Mindset,Understanding Customer Needs,Customer Journey Mapping,Problem Identification Techniques,Opportunity Discovery Frameworks,Market Sizing Fundamentals,Industry Analysis Frameworks,Competitive Benchmarking,SWOT and Opportunity Analysis,Emerging Technology Trends,AI-Based Market Research Techniques,User Interviews,Surveys and Feedback Collection,Persona Development,Jobs-To-Be-Done Framework,Behavioral Analysis,Customer Pain Point Mapping,Product Vision Creation,Strategic Planning,Business Model Fundamentals,Value Proposition Design,Product Portfolio Management,Product Positioning,Product Requirement Documents (PRDs),User Stories and Acceptance Criteria,Product Backlogs,Prioritization Frameworks,Product Roadmapping,Feature Planning,UX Principles,Information Architecture,Wireframing Fundamentals,User Flows,Prototyping Concepts,Design Reviews,Agile Frameworks,Scrum Fundamentals,Sprint Planning,Product Ownership,Engineering Collaboration,Release Management,Product Metrics Frameworks,North Star Metrics,Funnel Analysis,Cohort Analysis,Retention Metrics,Experimentation Design and A/B Testing,Generative AI Applications,AI Product Lifecycle,Prompt Engineering,AI-Assisted Research,AI-Based User Analysis,Building AI Features into Products,Product Launch Planning,Growth Frameworks,Product-Led Growth,User Acquisition,Activation and Retention,Pricing and Monetization,Stakeholder Communication,Executive Presentations,Conflict Resolution,Influence Without Authority,Decision-Making Under Uncertainty,Team Leadership,"Product discovery, market research and user validation",Product strategy and PRD creation,Wireframing and analytics planning,Go-to-market strategy,"Final deliverable: strategy document, PRD, wireframes, analytics framework, GTM plan and executive presentation",,,,,,,,,,,,,,,,,,,,,,,,,,,,,,,,,,,,,,,,,,,,,,,,,,,Introduction to Design Thinking,Product Positioning Strategy,Portfolio deliverable: Market Opportunity Assessment,Research Synthesis,Portfolio deliverable: User Research Repository and Personas,Strategic Decision Frameworks,Portfolio deliverable: Product Vision and Strategy Document,Release Planning,Portfolio deliverable: End-to-End Product Requirement Document,Accessibility Considerations,Portfolio deliverable: Interactive Product Prototype,Risk and Dependency Management,Portfolio deliverable: Sprint Planning Simulation,Data-Driven Decision Making,Portfolio deliverable: Product Analytics Dashboard,Responsible AI Practices,Portfolio deliverable: AI Feature Design Blueprint,Growth Experimentation,Portfolio deliverable: Go-to-Market Strategy Plan,Product Governance,Portfolio deliverable: Executive Product Review Deck,,"A portfolio of PRDs, prototypes, analytics dashboards and a GTM plan","Readiness for Associate Product Manager, Product Analyst, Product Executive and Junior PM roles","PM interview mastery: product cases, metrics, AI product scenarios and mock interview labs",100% Live Instructor-Led Classes,Expert Trainers from Top Technology Companies,Daily Live Doubt-Solving Sessions,Real Industry Projects,25+ Assignments & Industry Case Studies,Three Globally Recognised Certifications,"Dedicated Profile Building — Portfolio, Resume & LinkedIn",Lifetime Placement Assistance,LMS Access for 2 Years,Full Access to Recordings & Notes,Flexible Weekend Learning,Advance Learning Modules,Multiple Practice Quizzes,Tech for PM & Analytics for PM Tracks,PM Interview Mastery Framework,Mock Interview Labs with Expert Feedback,AI Product Case Practice,Dedicated Virtual Classroom & Student Support,10K+ Student & Alumni Community,Hiring Preparation Support,Product Strategy,User Research,Agile,Analytics,Gen AI,Stakeholder Communication,Executive Presentations & Storytelling,Influence Without Authority,Decision-Making Under Uncertainty,Cross-Functional Team Leadership,Conflict Resolution,Real-world Product Management Projects,Product Roadmap Development,User Research & PRD Writing,Feature Launch & A/B Testing,Product Analytics & Metrics Tracking,Industry Mentorship by Senior PMs,Program Investment,"₹1,45,000",Including GST,,,,,,,,,,,,,,,,,,,,,,,,,,,,,,,,,,,Expert Trainers,,,,,,,,,,,,,,,,,,,,,,,,,,,,,,,,,,,,,,,,,,,,,,
6a684c115a6896109ba4373c,programs,6a6061e87bfcf05ac32c3dff,20,6a6061e87bfcf05ac32c3dff,,,,,,,,,,,,,,,,,product-management,published,2026-07-22T06:23:36.918Z,,false,1,,,,6a60a17c20a2dec57e15dec5,20,6a6069f8ee5ababd488de20c,https://ik.imagekit.io/ojoijfoinsdnfoodsnf/careerveda/programs/product-management-6b8b2802.jpg,6a6069f85c7cd75eb8b6fddc,https://ik.imagekit.io/ojoijfoinsdnfoodsnf/tr:n-ik_ml_thumbnail/careerveda/programs/product-management-6b8b2802.jpg,PG Program in Product Management,,1448,1086,,,,,,,,,PG Program in Product Management,"A structured, industry-focused program that prepares you to lead the end-to-end lifecycle of digital and technology-driven products. It blends business…",,,false,2026-07-22T06:23:36.938Z,2026-07-28T06:28:25.415Z,true,6a6061e87bfcf05ac32c3dff,6a60a17c20a2dec57e15dec5,,2026-07-28T06:28:33.410Z,0,PG Program in Product Management Ai vISHAL,PG Program in Product Management Ai,,Become a High-Impact Product Manager,Product,"A structured, industry-focused program that prepares you to lead the end-to-end lifecycle of digital and technology-driven products. It blends business strategy, user-centric design, technology fundamentals and data-driven decision-making, so you can bridge engineering, design, marketing and business teams. short description","Manage products from ideation to launch and scale. Master product strategy, customer discovery, market research, UX fundamentals, agile methodologies, roadmapping and stakeholder management — and learn to drive decisions with product metrics, pricing strategy and go-to-market planning, through real-world case studies and a capstone project.",6 Months,,Live Online,"Freshers, Graduates, Experienced",,,,,,,,,"Product strategy, customer discovery, market research and UX fundamentals","Agile methodologies, product roadmapping and stakeholder management","Product metrics, pricing strategy and go-to-market planning, with AI throughout",,"A structured roadmap from aspiring product manager to product leader. Twelve modules take you from product thinking and customer obsession through research, strategy, roadmaps, UX, agile delivery, analytics and AI, to growth, leadership and a full capstone — each one leaving you a portfolio deliverable you keep.","Six months of 100% live, instructor-led learning from expert trainers at top technology companies, with daily doubt-solving, real industry projects and lifetime placement assistance. No coding background needed — product management is taught from the fundamentals.","10,000+",30+,"₹1,45,000",,"3, 6, 9 & 12 months (No Cost EMIs) · Zero hidden charges",7-Day Money Back Guarantee,"July 18, 2026",Few seats left,,Industry-Aligned,AI-Powered PM,Lifetime Placement Assistance,,"Product thinking, user research and product discovery","PRDs, roadmaps, wireframing and agile execution","Product analytics, AI for product managers, growth and go-to-market",1,2,3,4,5,6,7,8,9,10,11,12,13,,,,,,,,,Preparatory Foundation,Product Thinking & Customer Obsession,Market Research & Competitive Intelligence,User Research & Product Discovery,Product Strategy & Vision Development,Product Requirements & Roadmap Management,"UX, Wireframing & Product Design",Agile Product Development,Product Analytics & Decision Science,AI for Product Managers,Product Growth & Go-to-Market Strategy,Product Leadership & Stakeholder Management,Capstone Project,,,,,,,,,,,,,,,,,,,,,,,,,,,,,,Introduction to Product Thinking,Understanding Digital Products and Platforms,Product Management Career Paths,AI Fundamentals for Product Professionals,Business and Technology Basics,Product Management Terminology and Frameworks,Evolution of Product Management,Product Mindset vs Project Mindset,Understanding Customer Needs,Customer Journey Mapping,Problem Identification Techniques,Opportunity Discovery Frameworks,Market Sizing Fundamentals,Industry Analysis Frameworks,Competitive Benchmarking,SWOT and Opportunity Analysis,Emerging Technology Trends,AI-Based Market Research Techniques,User Interviews,Surveys and Feedback Collection,Persona Development,Jobs-To-Be-Done Framework,Behavioral Analysis,Customer Pain Point Mapping,Product Vision Creation,Strategic Planning,Business Model Fundamentals,Value Proposition Design,Product Portfolio Management,Product Positioning,Product Requirement Documents (PRDs),User Stories and Acceptance Criteria,Product Backlogs,Prioritization Frameworks,Product Roadmapping,Feature Planning,UX Principles,Information Architecture,Wireframing Fundamentals,User Flows,Prototyping Concepts,Design Reviews,Agile Frameworks,Scrum Fundamentals,Sprint Planning,Product Ownership,Engineering Collaboration,Release Management,Product Metrics Frameworks,North Star Metrics,Funnel Analysis,Cohort Analysis,Retention Metrics,Experimentation Design and A/B Testing,Generative AI Applications,AI Product Lifecycle,Prompt Engineering,AI-Assisted Research,AI-Based User Analysis,Building AI Features into Products,Product Launch Planning,Growth Frameworks,Product-Led Growth,User Acquisition,Activation and Retention,Pricing and Monetization,Stakeholder Communication,Executive Presentations,Conflict Resolution,Influence Without Authority,Decision-Making Under Uncertainty,Team Leadership,"Product discovery, market research and user validation",Product strategy and PRD creation,Wireframing and analytics planning,Go-to-market strategy,"Final deliverable: strategy document, PRD, wireframes, analytics framework, GTM plan and executive presentation",,,,,,,,,,,,,,,,,,,,,,,,,,,,,,,,,,,,,,,,,,,,,,,,,,,Introduction to Design Thinking,Product Positioning Strategy,Portfolio deliverable: Market Opportunity Assessment,Research Synthesis,Portfolio deliverable: User Research Repository and Personas,Strategic Decision Frameworks,Portfolio deliverable: Product Vision and Strategy Document,Release Planning,Portfolio deliverable: End-to-End Product Requirement Document,Accessibility Considerations,Portfolio deliverable: Interactive Product Prototype,Risk and Dependency Management,Portfolio deliverable: Sprint Planning Simulation,Data-Driven Decision Making,Portfolio deliverable: Product Analytics Dashboard,Responsible AI Practices,Portfolio deliverable: AI Feature Design Blueprint,Growth Experimentation,Portfolio deliverable: Go-to-Market Strategy Plan,Product Governance,Portfolio deliverable: Executive Product Review Deck,,"A portfolio of PRDs, prototypes, analytics dashboards and a GTM plan","Readiness for Associate Product Manager, Product Analyst, Product Executive and Junior PM roles","PM interview mastery: product cases, metrics, AI product scenarios and mock interview labs",100% Live Instructor-Led Classes,Expert Trainers from Top Technology Companies,Daily Live Doubt-Solving Sessions,Real Industry Projects,25+ Assignments & Industry Case Studies,Three Globally Recognised Certifications,"Dedicated Profile Building — Portfolio, Resume & LinkedIn",Lifetime Placement Assistance,LMS Access for 2 Years,Full Access to Recordings & Notes,Flexible Weekend Learning,Advance Learning Modules,Multiple Practice Quizzes,Tech for PM & Analytics for PM Tracks,PM Interview Mastery Framework,Mock Interview Labs with Expert Feedback,AI Product Case Practice,Dedicated Virtual Classroom & Student Support,10K+ Student & Alumni Community,Hiring Preparation Support,Product Strategy,User Research,Agile,Analytics,Gen AI,Stakeholder Communication,Executive Presentations & Storytelling,Influence Without Authority,Decision-Making Under Uncertainty,Cross-Functional Team Leadership,Conflict Resolution,Real-world Product Management Projects,Product Roadmap Development,User Research & PRD Writing,Feature Launch & A/B Testing,Product Analytics & Metrics Tracking,Industry Mentorship by Senior PMs,Program Investment,"₹1,45,000",Including GST,,,,,,,,,,,,,,,,,,,,,,,,,,,,,,,,,,,Expert Trainers,,,,,,,,,,,,,,,,,,,,,,,,,,,,,,,,,,,,,,,,,,,,,,
6a684c245a6896109ba4374c,programs,6a6061e87bfcf05ac32c3dff,21,6a6061e87bfcf05ac32c3dff,,,,,,,,,,,,,,,,,product-management,published,2026-07-22T06:23:36.918Z,,false,1,,,,6a60a17c20a2dec57e15dec5,21,6a6069f8ee5ababd488de20c,https://ik.imagekit.io/ojoijfoinsdnfoodsnf/careerveda/programs/product-management-6b8b2802.jpg,6a6069f85c7cd75eb8b6fddc,https://ik.imagekit.io/ojoijfoinsdnfoodsnf/tr:n-ik_ml_thumbnail/careerveda/programs/product-management-6b8b2802.jpg,PG Program in Product Management,,1448,1086,,,,,,,,,PG Program in Product Management,"A structured, industry-focused program that prepares you to lead the end-to-end lifecycle of digital and technology-driven products. It blends business…",,,false,2026-07-22T06:23:36.938Z,2026-07-28T06:28:33.485Z,true,6a6061e87bfcf05ac32c3dff,6a60a17c20a2dec57e15dec5,,2026-07-28T06:28:52.078Z,0,PG Program in Product Management Ai,PG Program in Product Management Ai,,Become a High-Impact Product Manager,Product,"A structured, industry-focused program that prepares you to lead the end-to-end lifecycle of digital and technology-driven products. It blends business strategy, user-centric design, technology fundamentals and data-driven decision-making, so you can bridge engineering, design, marketing and business teams. short description","Manage products from ideation to launch and scale. Master product strategy, customer discovery, market research, UX fundamentals, agile methodologies, roadmapping and stakeholder management — and learn to drive decisions with product metrics, pricing strategy and go-to-market planning, through real-world case studies and a capstone project.",6 Months,,Live Online,"Freshers, Graduates, Experienced",,,,,,,,,"Product strategy, customer discovery, market research and UX fundamentals","Agile methodologies, product roadmapping and stakeholder management","Product metrics, pricing strategy and go-to-market planning, with AI throughout",,"A structured roadmap from aspiring product manager to product leader. Twelve modules take you from product thinking and customer obsession through research, strategy, roadmaps, UX, agile delivery, analytics and AI, to growth, leadership and a full capstone — each one leaving you a portfolio deliverable you keep.","Six months of 100% live, instructor-led learning from expert trainers at top technology companies, with daily doubt-solving, real industry projects and lifetime placement assistance. No coding background needed — product management is taught from the fundamentals.","10,000+",30+,"₹1,45,000",,"3, 6, 9 & 12 months (No Cost EMIs) · Zero hidden charges",7-Day Money Back Guarantee,"July 18, 2026",Few seats left,,Industry-Aligned,AI-Powered PM,Lifetime Placement Assistance,,"Product thinking, user research and product discovery","PRDs, roadmaps, wireframing and agile execution","Product analytics, AI for product managers, growth and go-to-market",1,2,3,4,5,6,7,8,9,10,11,12,13,,,,,,,,,Preparatory Foundation,Product Thinking & Customer Obsession,Market Research & Competitive Intelligence,User Research & Product Discovery,Product Strategy & Vision Development,Product Requirements & Roadmap Management,"UX, Wireframing & Product Design",Agile Product Development,Product Analytics & Decision Science,AI for Product Managers,Product Growth & Go-to-Market Strategy,Product Leadership & Stakeholder Management,Capstone Project,,,,,,,,,,,,,,,,,,,,,,,,,,,,,,Introduction to Product Thinking,Understanding Digital Products and Platforms,Product Management Career Paths,AI Fundamentals for Product Professionals,Business and Technology Basics,Product Management Terminology and Frameworks,Evolution of Product Management,Product Mindset vs Project Mindset,Understanding Customer Needs,Customer Journey Mapping,Problem Identification Techniques,Opportunity Discovery Frameworks,Market Sizing Fundamentals,Industry Analysis Frameworks,Competitive Benchmarking,SWOT and Opportunity Analysis,Emerging Technology Trends,AI-Based Market Research Techniques,User Interviews,Surveys and Feedback Collection,Persona Development,Jobs-To-Be-Done Framework,Behavioral Analysis,Customer Pain Point Mapping,Product Vision Creation,Strategic Planning,Business Model Fundamentals,Value Proposition Design,Product Portfolio Management,Product Positioning,Product Requirement Documents (PRDs),User Stories and Acceptance Criteria,Product Backlogs,Prioritization Frameworks,Product Roadmapping,Feature Planning,UX Principles,Information Architecture,Wireframing Fundamentals,User Flows,Prototyping Concepts,Design Reviews,Agile Frameworks,Scrum Fundamentals,Sprint Planning,Product Ownership,Engineering Collaboration,Release Management,Product Metrics Frameworks,North Star Metrics,Funnel Analysis,Cohort Analysis,Retention Metrics,Experimentation Design and A/B Testing,Generative AI Applications,AI Product Lifecycle,Prompt Engineering,AI-Assisted Research,AI-Based User Analysis,Building AI Features into Products,Product Launch Planning,Growth Frameworks,Product-Led Growth,User Acquisition,Activation and Retention,Pricing and Monetization,Stakeholder Communication,Executive Presentations,Conflict Resolution,Influence Without Authority,Decision-Making Under Uncertainty,Team Leadership,"Product discovery, market research and user validation",Product strategy and PRD creation,Wireframing and analytics planning,Go-to-market strategy,"Final deliverable: strategy document, PRD, wireframes, analytics framework, GTM plan and executive presentation",,,,,,,,,,,,,,,,,,,,,,,,,,,,,,,,,,,,,,,,,,,,,,,,,,,Introduction to Design Thinking,Product Positioning Strategy,Portfolio deliverable: Market Opportunity Assessment,Research Synthesis,Portfolio deliverable: User Research Repository and Personas,Strategic Decision Frameworks,Portfolio deliverable: Product Vision and Strategy Document,Release Planning,Portfolio deliverable: End-to-End Product Requirement Document,Accessibility Considerations,Portfolio deliverable: Interactive Product Prototype,Risk and Dependency Management,Portfolio deliverable: Sprint Planning Simulation,Data-Driven Decision Making,Portfolio deliverable: Product Analytics Dashboard,Responsible AI Practices,Portfolio deliverable: AI Feature Design Blueprint,Growth Experimentation,Portfolio deliverable: Go-to-Market Strategy Plan,Product Governance,Portfolio deliverable: Executive Product Review Deck,,"A portfolio of PRDs, prototypes, analytics dashboards and a GTM plan","Readiness for Associate Product Manager, Product Analyst, Product Executive and Junior PM roles","PM interview mastery: product cases, metrics, AI product scenarios and mock interview labs",100% Live Instructor-Led Classes,Expert Trainers from Top Technology Companies,Daily Live Doubt-Solving Sessions,Real Industry Projects,25+ Assignments & Industry Case Studies,Three Globally Recognised Certifications,"Dedicated Profile Building — Portfolio, Resume & LinkedIn",Lifetime Placement Assistance,LMS Access for 2 Years,Full Access to Recordings & Notes,Flexible Weekend Learning,Advance Learning Modules,Multiple Practice Quizzes,Tech for PM & Analytics for PM Tracks,PM Interview Mastery Framework,Mock Interview Labs with Expert Feedback,AI Product Case Practice,Dedicated Virtual Classroom & Student Support,10K+ Student & Alumni Community,Hiring Preparation Support,Product Strategy,User Research,Agile,Analytics,Gen AI,Stakeholder Communication,Executive Presentations & Storytelling,Influence Without Authority,Decision-Making Under Uncertainty,Cross-Functional Team Leadership,Conflict Resolution,Real-world Product Management Projects,Product Roadmap Development,User Research & PRD Writing,Feature Launch & A/B Testing,Product Analytics & Metrics Tracking,Industry Mentorship by Senior PMs,Program Investment,"₹1,45,000",Including GST,,,,,,,,,,,,,,,,,,,,,,,,,,,,,,,,,,,Expert Trainers,,,,,,,,,,,,,,,,,,,,,,,,,,,,,,,,,,,,,,,,,,,,,,
6a684c2f5a6896109ba4375a,programs,6a6061e87bfcf05ac32c3dff,22,6a6061e87bfcf05ac32c3dff,,,,,,,,,,,,,,,,,product-management,published,2026-07-22T06:23:36.918Z,,false,1,,,,6a60a17c20a2dec57e15dec5,22,6a6069f8ee5ababd488de20c,https://ik.imagekit.io/ojoijfoinsdnfoodsnf/careerveda/programs/product-management-6b8b2802.jpg,6a6069f85c7cd75eb8b6fddc,https://ik.imagekit.io/ojoijfoinsdnfoodsnf/tr:n-ik_ml_thumbnail/careerveda/programs/product-management-6b8b2802.jpg,PG Program in Product Management,,1448,1086,,,,,,,,,PG Program in Product Management,"A structured, industry-focused program that prepares you to lead the end-to-end lifecycle of digital and technology-driven products. It blends business…",,,false,2026-07-22T06:23:36.938Z,2026-07-28T06:28:52.165Z,true,6a6061e87bfcf05ac32c3dff,6a60a17c20a2dec57e15dec5,,2026-07-28T06:29:03.526Z,0,PG Program in Product Management Ai,PG Program in Product Management Ai,,Become a High-Impact Product Manager,Product,"A structured, industry-focused program that prepares you to lead the end-to-end lifecycle of digital and technology-driven products. It blends business strategy, user-centric design, technology fundamentals and data-driven decision-making, so you can bridge engineering, design, marketing and business teams. short description","Manage products from ideation to launch and scale. Master product strategy, customer discovery, market research, UX fundamentals, agile methodologies, roadmapping and stakeholder management — and learn to drive decisions with product metrics, pricing strategy and go-to-market planning, through real-world case studies and a capstone project.",6 Months,,Live Online,"Freshers, Graduates, Experienced",,,,,,,,,"Product strategy, customer discovery, market research and UX fundamentals growth","Agile methodologies, product roadmapping and stakeholder management","Product metrics, pricing strategy and go-to-market planning, with AI throughout",,"A structured roadmap from aspiring product manager to product leader. Twelve modules take you from product thinking and customer obsession through research, strategy, roadmaps, UX, agile delivery, analytics and AI, to growth, leadership and a full capstone — each one leaving you a portfolio deliverable you keep.","Six months of 100% live, instructor-led learning from expert trainers at top technology companies, with daily doubt-solving, real industry projects and lifetime placement assistance. No coding background needed — product management is taught from the fundamentals.","10,000+",30+,"₹1,45,000",,"3, 6, 9 & 12 months (No Cost EMIs) · Zero hidden charges",7-Day Money Back Guarantee,"July 18, 2026",Few seats left,,Industry-Aligned,AI-Powered PM,Lifetime Placement Assistance,,"Product thinking, user research and product discovery","PRDs, roadmaps, wireframing and agile execution","Product analytics, AI for product managers, growth and go-to-market",1,2,3,4,5,6,7,8,9,10,11,12,13,,,,,,,,,Preparatory Foundation,Product Thinking & Customer Obsession,Market Research & Competitive Intelligence,User Research & Product Discovery,Product Strategy & Vision Development,Product Requirements & Roadmap Management,"UX, Wireframing & Product Design",Agile Product Development,Product Analytics & Decision Science,AI for Product Managers,Product Growth & Go-to-Market Strategy,Product Leadership & Stakeholder Management,Capstone Project,,,,,,,,,,,,,,,,,,,,,,,,,,,,,,Introduction to Product Thinking,Understanding Digital Products and Platforms,Product Management Career Paths,AI Fundamentals for Product Professionals,Business and Technology Basics,Product Management Terminology and Frameworks,Evolution of Product Management,Product Mindset vs Project Mindset,Understanding Customer Needs,Customer Journey Mapping,Problem Identification Techniques,Opportunity Discovery Frameworks,Market Sizing Fundamentals,Industry Analysis Frameworks,Competitive Benchmarking,SWOT and Opportunity Analysis,Emerging Technology Trends,AI-Based Market Research Techniques,User Interviews,Surveys and Feedback Collection,Persona Development,Jobs-To-Be-Done Framework,Behavioral Analysis,Customer Pain Point Mapping,Product Vision Creation,Strategic Planning,Business Model Fundamentals,Value Proposition Design,Product Portfolio Management,Product Positioning,Product Requirement Documents (PRDs),User Stories and Acceptance Criteria,Product Backlogs,Prioritization Frameworks,Product Roadmapping,Feature Planning,UX Principles,Information Architecture,Wireframing Fundamentals,User Flows,Prototyping Concepts,Design Reviews,Agile Frameworks,Scrum Fundamentals,Sprint Planning,Product Ownership,Engineering Collaboration,Release Management,Product Metrics Frameworks,North Star Metrics,Funnel Analysis,Cohort Analysis,Retention Metrics,Experimentation Design and A/B Testing,Generative AI Applications,AI Product Lifecycle,Prompt Engineering,AI-Assisted Research,AI-Based User Analysis,Building AI Features into Products,Product Launch Planning,Growth Frameworks,Product-Led Growth,User Acquisition,Activation and Retention,Pricing and Monetization,Stakeholder Communication,Executive Presentations,Conflict Resolution,Influence Without Authority,Decision-Making Under Uncertainty,Team Leadership,"Product discovery, market research and user validation",Product strategy and PRD creation,Wireframing and analytics planning,Go-to-market strategy,"Final deliverable: strategy document, PRD, wireframes, analytics framework, GTM plan and executive presentation",,,,,,,,,,,,,,,,,,,,,,,,,,,,,,,,,,,,,,,,,,,,,,,,,,,Introduction to Design Thinking,Product Positioning Strategy,Portfolio deliverable: Market Opportunity Assessment,Research Synthesis,Portfolio deliverable: User Research Repository and Personas,Strategic Decision Frameworks,Portfolio deliverable: Product Vision and Strategy Document,Release Planning,Portfolio deliverable: End-to-End Product Requirement Document,Accessibility Considerations,Portfolio deliverable: Interactive Product Prototype,Risk and Dependency Management,Portfolio deliverable: Sprint Planning Simulation,Data-Driven Decision Making,Portfolio deliverable: Product Analytics Dashboard,Responsible AI Practices,Portfolio deliverable: AI Feature Design Blueprint,Growth Experimentation,Portfolio deliverable: Go-to-Market Strategy Plan,Product Governance,Portfolio deliverable: Executive Product Review Deck,,"A portfolio of PRDs, prototypes, analytics dashboards and a GTM plan","Readiness for Associate Product Manager, Product Analyst, Product Executive and Junior PM roles","PM interview mastery: product cases, metrics, AI product scenarios and mock interview labs",100% Live Instructor-Led Classes,Expert Trainers from Top Technology Companies,Daily Live Doubt-Solving Sessions,Real Industry Projects,25+ Assignments & Industry Case Studies,Three Globally Recognised Certifications,"Dedicated Profile Building — Portfolio, Resume & LinkedIn",Lifetime Placement Assistance,LMS Access for 2 Years,Full Access to Recordings & Notes,Flexible Weekend Learning,Advance Learning Modules,Multiple Practice Quizzes,Tech for PM & Analytics for PM Tracks,PM Interview Mastery Framework,Mock Interview Labs with Expert Feedback,AI Product Case Practice,Dedicated Virtual Classroom & Student Support,10K+ Student & Alumni Community,Hiring Preparation Support,Product Strategy,User Research,Agile,Analytics,Gen AI,Stakeholder Communication,Executive Presentations & Storytelling,Influence Without Authority,Decision-Making Under Uncertainty,Cross-Functional Team Leadership,Conflict Resolution,Real-world Product Management Projects,Product Roadmap Development,User Research & PRD Writing,Feature Launch & A/B Testing,Product Analytics & Metrics Tracking,Industry Mentorship by Senior PMs,Program Investment,"₹1,45,000",Including GST,,,,,,,,,,,,,,,,,,,,,,,,,,,,,,,,,,,Expert Trainers,,,,,,,,,,,,,,,,,,,,,,,,,,,,,,,,,,,,,,,,,,,,,,
6a68902abdd0a871ecfdd08e,programs,6a6061e97bfcf05ac32c3e0b,4,6a6061e97bfcf05ac32c3e0b,,,,,,,,,,,,,,,,,business-analytics,published,2026-07-22T06:23:37.054Z,,false,3,,,,,4,6a6069faee5ababd488de211,https://ik.imagekit.io/ojoijfoinsdnfoodsnf/careerveda/programs/Business_analytics_images-4145ed42.jpg,6a6069fa5c7cd75eb8b70388,https://ik.imagekit.io/ojoijfoinsdnfoodsnf/tr:n-ik_ml_thumbnail/careerveda/programs/Business_analytics_images-4145ed42.jpg,Post Graduate Program in Business Analytics with Generative AI,,1122,1402,,,,,,,,,Post Graduate Program in Business Analytics with Generative AI,"Build a successful career in Business Analytics by mastering in-demand analytical tools, Generative AI, and real-world business problem-solving. Learn…",,,false,2026-07-22T06:23:37.059Z,2026-07-25T09:39:44.148Z,true,6a6061e97bfcf05ac32c3e0b,6a60a17c20a2dec57e15dec5,,2026-07-28T11:19:06.830Z,0,Post Graduate Program in Business Analytics with Generative AI,Post Graduate Program in Business Analytics with Generative AI,,Become a Business Analyst with AI Skills,Analytics,"Build a successful career in Business Analytics by mastering in-demand analytical tools, Generative AI, and real-world business problem-solving. Learn through live mentor-led sessions, hands-on projects, industry case studies, and career-focused training designed to make you job-ready.","Master business analytics end to end — Excel, SQL, Power BI, Tableau, Python and applied AI — and learn to turn business questions into dashboards and decisions that stakeholders act on.",6 Months,,Live Online,"Freshers, Graduates, Experienced",,,,,,,,,"Excel, SQL, Python, Power BI and Generative AI workflows",25+ business analytics projects and case studies,"Dashboard storytelling, KPI analysis and stakeholder reporting",,"A comprehensive curriculum designed by industry experts combining Excel, SQL, Power BI, Tableau, Python and Generative AI. Master KPI frameworks, dashboard storytelling, predictive analysis and stakeholder reporting with hands-on projects.","This PG Program in Business Analytics equips you with Excel, SQL, Power BI, Tableau and Python skills, and the business judgement to turn data into decisions, through real-world projects and expert guidance.","10,000+",30+,"₹1,25,000",,"3, 6, 9 & 12 months (No Cost EMIs)",7-Day Money Back Guarantee,"July 18, 2026",Few seats left,,Industry-Aligned,Enrolling Now,100% Placement Assurance,,"Data cleaning, business metrics and exploratory analysis","SQL queries, spreadsheet modeling and dashboard creation",AI-assisted reporting and executive insight presentation,1,2,3,4,5,6,7,8,9,10,11,12,13,14,15,16,17,18,19,20,21,Introduction to Business Analytics,Excel for Business Analysis,Advanced Excel & Spreadsheet Modeling,Business Statistics Foundations,Data Cleaning & Preparation,SQL Fundamentals for Analysts,Advanced SQL & Query Optimisation,Data Modeling for Reporting,Power BI Fundamentals,Advanced Power BI & DAX,Tableau for Visual Analytics,Dashboard Design & Data Storytelling,Python for Business Analytics,Exploratory Data Analysis,Business Metrics & KPI Frameworks,Marketing & Sales Analytics,Finance & Operations Analytics,Predictive Analytics for Business,Generative AI for Analysts,Business Analytics Capstone Project,Analytics Career Readiness & Interview Prep,,,,,,,,,,,,,,,,,,,,,,What business analytics is and where it sits in a company,"Descriptive, diagnostic, predictive and prescriptive analysis",The analytics workflow from question to decision,"Roles: business analyst, data analyst, BI analyst",Tooling landscape and when to use what,Industry trends and outlook,Spreadsheet structure and clean data entry,"Core formulas: logical, text and date functions","Lookup functions: VLOOKUP, XLOOKUP, INDEX-MATCH",PivotTables and PivotCharts,Conditional formatting for exception reporting,Building a first business summary report,Dynamic arrays and modern Excel functions,Power Query for repeatable data cleaning,"Scenario analysis, Goal Seek and Solver",What-if models and sensitivity tables,Dashboard construction in Excel,Spreadsheet modeling project,Descriptive statistics and distributions,"Sampling, variance and confidence intervals",Correlation versus causation in business data,Hypothesis testing for business questions,A/B testing fundamentals,Reading and challenging statistical claims,Profiling a raw dataset before analysis,Handling missing values and duplicates,Outlier detection and treatment,"Standardising formats, types and categories",Joining and reconciling multiple sources,Documenting data quality assumptions,Relational database concepts,"SELECT, WHERE, ORDER BY and LIMIT",Aggregations with GROUP BY and HAVING,"Joins: inner, left, right and full",Subqueries and common table expressions,Writing a business reporting query set,Window functions for running and ranked metrics,Cohort and retention queries,Date and time series aggregation patterns,Query performance and indexing basics,Reusable views and reporting layers,Advanced SQL case study,Star and snowflake schema concepts,"Facts, dimensions and grain",Normalisation versus reporting-friendly models,Designing a model for a business domain,Relationships and cardinality pitfalls,Data dictionary and documentation,Connecting and transforming data sources,The Power BI data model,Core visuals and report pages,"Filters, slicers and drill-through",Publishing and sharing reports,First Power BI report build,DAX calculated columns versus measures,Filter context and row context,"Time intelligence: YoY, MTD, rolling averages",CALCULATE and context modification,Performance tuning of models and visuals,Executive dashboard project,Tableau workspace and data connections,"Dimensions, measures and calculated fields","Building charts, maps and dual axes","Dashboards, actions and interactivity",Level of detail expressions,Tableau dashboard project,Choosing the right chart for the question,Visual hierarchy and dashboard layout,"Colour, accessibility and chart integrity",Narrative structure for an analytics presentation,"Writing insight, not description",Presenting findings to stakeholders,Python essentials for analysts,pandas DataFrames and data manipulation,"Grouping, merging and reshaping data",Automating recurring reports,Plotting with matplotlib and seaborn,Python analysis notebook project,Framing an exploratory question,Univariate and bivariate exploration,Segmentation and cohort views,Identifying drivers behind a metric move,Communicating uncertainty honestly,Complete EDA case study,Defining metrics that map to business goals,Leading versus lagging indicators,North star metrics and metric trees,"Funnel, retention and unit economics metrics",Avoiding vanity and gameable metrics,Designing a KPI framework for a business,Acquisition funnel and channel analysis,Campaign performance and attribution basics,Customer lifetime value and CAC,Sales pipeline and conversion analysis,Segmentation and targeting analysis,Marketing analytics project,"Revenue, cost and margin analysis",Budget versus actual variance reporting,Forecasting demand and capacity,Inventory and supply chain metrics,Process efficiency and bottleneck analysis,Operations analytics case study,When prediction helps a business decision,Regression for forecasting and driver analysis,Classification for churn and propensity,Time series forecasting fundamentals,Evaluating and communicating model quality,Predictive analytics project,Where GenAI genuinely speeds up analysis,"Prompting for SQL, formulas and code",AI-assisted data cleaning and documentation,Summarising findings and drafting reports,Verifying AI output and avoiding false confidence,AI-assisted analytics workflow project,End-to-end project on a real business dataset,Problem framing and metric definition,"Analysis, modeling and dashboard build",Insight write-up with recommendations,Stakeholder presentation and defence,Portfolio packaging of the capstone,Analyst resume creation and optimization,SQL and case-study interview preparation,Take-home assignment and dashboard tests,Behavioral interview training,LinkedIn networking for analytics professionals,1 year Placement Support for Top Fellows,,,,,,,,,,,,,,,,,,,,,,,,Business analyst project portfolio,Interview readiness for analytics roles,Confidence with business data and dashboards,Excel & Spreadsheet Modeling,SQL for Business Reporting,Power BI & DAX Mastery,Tableau Visual Analytics,Python for Data Analysis,200+ Hrs Analytics-Focused Content,300+ Hrs Live Case Sessions,Practising Analysts as Mentors,Business Analytics Job Placement Support,Round-the-Clock Assistance,Business Analytics Curriculum Track,Skill Evaluation Tests,Learning Performance Analytics Dashboard,Professional Community Access,Self-Paced Learning Options,Global Alumni Community,Mock Interview Training,Business Analytics Certificates,Advanced LMS Platform,Live Business Case Studies,Excel,SQL,Python,Power BI,Gen AI,Stakeholder Presentation & Reporting Skills,Data Storytelling & Communication,Requirement Gathering & Questioning,Cross-Functional Collaboration,Business Acumen & Strategic Thinking,Professional Networking & Relationship Building,Real-world Business Analytics Projects,Dashboard & Reporting Build-Outs,KPI Framework Design for Live Businesses,Stakeholder Insight Presentations,A/B Test and Experiment Analysis,Industry Mentorship by Practising Analysts,Program Investment,"₹1,25,000",Including GST,,,,,,,,,,,,,,,,,,,,,,,,,,,,,,,,,,,Expert Mentor,,,,,,,,,,,,,,,,,,,,,,,,,,,,,,,,,,,,,,,,,,,,,,
6a689069bdd0a871ecfdd0c1,programs,6a6061e97bfcf05ac32c3e0b,5,6a6061e97bfcf05ac32c3e0b,,,,,,,,,,,,,,,,,business-analytics,published,2026-07-22T06:23:37.054Z,,false,3,,,,6a60a17c20a2dec57e15dec5,5,6a6069faee5ababd488de211,https://ik.imagekit.io/ojoijfoinsdnfoodsnf/careerveda/programs/Business_analytics_images-4145ed42.jpg,6a6069fa5c7cd75eb8b70388,https://ik.imagekit.io/ojoijfoinsdnfoodsnf/tr:n-ik_ml_thumbnail/careerveda/programs/Business_analytics_images-4145ed42.jpg,Post Graduate Program in Business Analytics with Generative AI,,1122,1402,,,,,,,,,Post Graduate Program in Business Analytics with Generative AI,"Build a successful career in Business Analytics by mastering in-demand analytical tools, Generative AI, and real-world business problem-solving. Learn…",,,false,2026-07-22T06:23:37.059Z,2026-07-28T11:19:06.930Z,true,6a6061e97bfcf05ac32c3e0b,6a60a17c20a2dec57e15dec5,,2026-07-28T11:20:09.450Z,0,Post Graduate Program in Business Analytics with Generative AI vishal,Post Graduate Program in Business Analytics with Generative AI vishal,,Become a Business Analyst with AI Skills,Analytics,"Build a successful career in Business Analytics by mastering in-demand analytical tools, Generative AI, and real-world business problem-solving. Learn through live mentor-led sessions, hands-on projects, industry case studies, and career-focused training designed to make you job-ready.","Master business analytics end to end — Excel, SQL, Power BI, Tableau, Python and applied AI — and learn to turn business questions into dashboards and decisions that stakeholders act on.",6 Months,,Live Online,"Freshers, Graduates, Experienced",,,,,,,,,"Excel, SQL, Python, Power BI and Generative AI workflows",25+ business analytics projects and case studies,"Dashboard storytelling, KPI analysis and stakeholder reporting",,"A comprehensive curriculum designed by industry experts combining Excel, SQL, Power BI, Tableau, Python and Generative AI. Master KPI frameworks, dashboard storytelling, predictive analysis and stakeholder reporting with hands-on projects.","This PG Program in Business Analytics equips you with Excel, SQL, Power BI, Tableau and Python skills, and the business judgement to turn data into decisions, through real-world projects and expert guidance.","10,000+",30+,"₹1,25,000",,"3, 6, 9 & 12 months (No Cost EMIs)",7-Day Money Back Guarantee,"July 18, 2026",Few seats left,,Industry-Aligned,Enrolling Now,100% Placement Assurance,,"Data cleaning, business metrics and exploratory analysis","SQL queries, spreadsheet modeling and dashboard creation",AI-assisted reporting and executive insight presentation,1,2,3,4,5,6,7,8,9,10,11,12,13,14,15,16,17,18,19,20,21,Introduction to Business Analytics,Excel for Business Analysis,Advanced Excel & Spreadsheet Modeling,Business Statistics Foundations,Data Cleaning & Preparation,SQL Fundamentals for Analysts,Advanced SQL & Query Optimisation,Data Modeling for Reporting,Power BI Fundamentals,Advanced Power BI & DAX,Tableau for Visual Analytics,Dashboard Design & Data Storytelling,Python for Business Analytics,Exploratory Data Analysis,Business Metrics & KPI Frameworks,Marketing & Sales Analytics,Finance & Operations Analytics,Predictive Analytics for Business,Generative AI for Analysts,Business Analytics Capstone Project,Analytics Career Readiness & Interview Prep,,,,,,,,,,,,,,,,,,,,,,What business analytics is and where it sits in a company,"Descriptive, diagnostic, predictive and prescriptive analysis",The analytics workflow from question to decision,"Roles: business analyst, data analyst, BI analyst",Tooling landscape and when to use what,Industry trends and outlook,Spreadsheet structure and clean data entry,"Core formulas: logical, text and date functions","Lookup functions: VLOOKUP, XLOOKUP, INDEX-MATCH",PivotTables and PivotCharts,Conditional formatting for exception reporting,Building a first business summary report,Dynamic arrays and modern Excel functions,Power Query for repeatable data cleaning,"Scenario analysis, Goal Seek and Solver",What-if models and sensitivity tables,Dashboard construction in Excel,Spreadsheet modeling project,Descriptive statistics and distributions,"Sampling, variance and confidence intervals",Correlation versus causation in business data,Hypothesis testing for business questions,A/B testing fundamentals,Reading and challenging statistical claims,Profiling a raw dataset before analysis,Handling missing values and duplicates,Outlier detection and treatment,"Standardising formats, types and categories",Joining and reconciling multiple sources,Documenting data quality assumptions,Relational database concepts,"SELECT, WHERE, ORDER BY and LIMIT",Aggregations with GROUP BY and HAVING,"Joins: inner, left, right and full",Subqueries and common table expressions,Writing a business reporting query set,Window functions for running and ranked metrics,Cohort and retention queries,Date and time series aggregation patterns,Query performance and indexing basics,Reusable views and reporting layers,Advanced SQL case study,Star and snowflake schema concepts,"Facts, dimensions and grain",Normalisation versus reporting-friendly models,Designing a model for a business domain,Relationships and cardinality pitfalls,Data dictionary and documentation,Connecting and transforming data sources,The Power BI data model,Core visuals and report pages,"Filters, slicers and drill-through",Publishing and sharing reports,First Power BI report build,DAX calculated columns versus measures,Filter context and row context,"Time intelligence: YoY, MTD, rolling averages",CALCULATE and context modification,Performance tuning of models and visuals,Executive dashboard project,Tableau workspace and data connections,"Dimensions, measures and calculated fields","Building charts, maps and dual axes","Dashboards, actions and interactivity",Level of detail expressions,Tableau dashboard project,Choosing the right chart for the question,Visual hierarchy and dashboard layout,"Colour, accessibility and chart integrity",Narrative structure for an analytics presentation,"Writing insight, not description",Presenting findings to stakeholders,Python essentials for analysts,pandas DataFrames and data manipulation,"Grouping, merging and reshaping data",Automating recurring reports,Plotting with matplotlib and seaborn,Python analysis notebook project,Framing an exploratory question,Univariate and bivariate exploration,Segmentation and cohort views,Identifying drivers behind a metric move,Communicating uncertainty honestly,Complete EDA case study,Defining metrics that map to business goals,Leading versus lagging indicators,North star metrics and metric trees,"Funnel, retention and unit economics metrics",Avoiding vanity and gameable metrics,Designing a KPI framework for a business,Acquisition funnel and channel analysis,Campaign performance and attribution basics,Customer lifetime value and CAC,Sales pipeline and conversion analysis,Segmentation and targeting analysis,Marketing analytics project,"Revenue, cost and margin analysis",Budget versus actual variance reporting,Forecasting demand and capacity,Inventory and supply chain metrics,Process efficiency and bottleneck analysis,Operations analytics case study,When prediction helps a business decision,Regression for forecasting and driver analysis,Classification for churn and propensity,Time series forecasting fundamentals,Evaluating and communicating model quality,Predictive analytics project,Where GenAI genuinely speeds up analysis,"Prompting for SQL, formulas and code",AI-assisted data cleaning and documentation,Summarising findings and drafting reports,Verifying AI output and avoiding false confidence,AI-assisted analytics workflow project,End-to-end project on a real business dataset,Problem framing and metric definition,"Analysis, modeling and dashboard build",Insight write-up with recommendations,Stakeholder presentation and defence,Portfolio packaging of the capstone,Analyst resume creation and optimization,SQL and case-study interview preparation,Take-home assignment and dashboard tests,Behavioral interview training,LinkedIn networking for analytics professionals,1 year Placement Support for Top Fellows,,,,,,,,,,,,,,,,,,,,,,,,Business analyst project portfolio,Interview readiness for analytics roles,Confidence with business data and dashboards,Excel & Spreadsheet Modeling,SQL for Business Reporting,Power BI & DAX Mastery,Tableau Visual Analytics,Python for Data Analysis,200+ Hrs Analytics-Focused Content,300+ Hrs Live Case Sessions,Practising Analysts as Mentors,Business Analytics Job Placement Support,Round-the-Clock Assistance,Business Analytics Curriculum Track,Skill Evaluation Tests,Learning Performance Analytics Dashboard,Professional Community Access,Self-Paced Learning Options,Global Alumni Community,Mock Interview Training,Business Analytics Certificates,Advanced LMS Platform,Live Business Case Studies,Excel,SQL,Python,Power BI,Gen AI,Stakeholder Presentation & Reporting Skills,Data Storytelling & Communication,Requirement Gathering & Questioning,Cross-Functional Collaboration,Business Acumen & Strategic Thinking,Professional Networking & Relationship Building,Real-world Business Analytics Projects,Dashboard & Reporting Build-Outs,KPI Framework Design for Live Businesses,Stakeholder Insight Presentations,A/B Test and Experiment Analysis,Industry Mentorship by Practising Analysts,Program Investment,"₹1,25,000",Including GST,,,,,,,,,,,,,,,,,,,,,,,,,,,,,,,,,,,Expert Mentor,,,,,,,,,,,,,,,,,,,,,,,,,,,,,,,,,,,,,,,,,,,,,,
6a69cbf594fbc84fedf29d02,faculty,6a6061e97bfcf05ac32c3e3e,6,6a6061e97bfcf05ac32c3e3e,Antriksh Kumar,,,,,,,,,,,,,,,,antriksh-kumar,published,2026-07-22T06:23:37.627Z,,false,1,,,,,6,,,,,,,,,,,,,,,,,Antriksh Kumar,Sr. Data Analyst at Capgemini,,,false,2026-07-22T06:23:37.629Z,2026-07-29T06:04:34.695Z,true,6a6061e97bfcf05ac32c3e3e,6a60a17c20a2dec57e15dec5,,2026-07-29T09:46:29.135Z,0,,,,,,,,,,,,,,,,,,,,,,,,,,,,,,,,,,,,,,,,,,,,,,,,,,,,,,,,,,,,,,,,,,,,,,,,,,,,,,,,,,,,,,,,,,,,,,,,,,,,,,,,,,,,,,,,,,,,,,,,,,,,,,,,,,,,,,,,,,,,,,,,,,,,,,,,,,,,,,,,,,,,,,,,,,,,,,,,,,,,,,,,,,,,,,,,,,,,,,,,,,,,,,,,,,,,,,,,,,,,,,,,,,,,,,,,,,,,,,,,,,,,,,,,,,,,,,,,,,,,,,,,,,,,,,,,,,,,,,,,,,,,,,,,,,,,,,,,,,,,,,,,,,,,,,,,,,,,,,,,,,,,,,,,,,,,,Analytics,Sr. Data Analyst at Capgemini,,Data Analyst with 15+ years of experience in data engineering and analytics at Capgemini.,,,,,,https://ik.imagekit.io/ojoijfoinsdnfoodsnf/careerveda/faculty/faculty2-93539455.jpg?updatedAt=1784010443180,,,Antriksh Kumar,,,,,,,,,,,,,,,,,,,,,,,,,,,,,,,,
6a69ce5094fbc84fedf29e7b,faculty,6a6061e97bfcf05ac32c3e3e,7,6a6061e97bfcf05ac32c3e3e,Antriksh Kumar,,,,,,,,,,,,,,,,antriksh-kumar,published,2026-07-22T06:23:37.627Z,,false,1,,,,6a60a17c20a2dec57e15dec5,7,,,,,,,,,,,,,,,,,Antriksh Kumar,Sr. Data Analyst at Capgemini,,,false,2026-07-22T06:23:37.629Z,2026-07-29T09:46:29.255Z,true,6a6061e97bfcf05ac32c3e3e,6a60a17c20a2dec57e15dec5,,2026-07-29T09:56:32.276Z,0,,,,,,,,,,,,,,,,,,,,,,,,,,,,,,,,,,,,,,,,,,,,,,,,,,,,,,,,,,,,,,,,,,,,,,,,,,,,,,,,,,,,,,,,,,,,,,,,,,,,,,,,,,,,,,,,,,,,,,,,,,,,,,,,,,,,,,,,,,,,,,,,,,,,,,,,,,,,,,,,,,,,,,,,,,,,,,,,,,,,,,,,,,,,,,,,,,,,,,,,,,,,,,,,,,,,,,,,,,,,,,,,,,,,,,,,,,,,,,,,,,,,,,,,,,,,,,,,,,,,,,,,,,,,,,,,,,,,,,,,,,,,,,,,,,,,,,,,,,,,,,,,,,,,,,,,,,,,,,,,,,,,,,,,,,,,,Analytics,Sr. Data Analyst at Capgemini,,Data Analyst with 15+ years of experience in data engineering and analytics at Capgemini.,,B.Tech in Computer Science,15+ years,"Data Engineering, Data Analytics, Business Intelligence",,https://ik.imagekit.io/ojoijfoinsdnfoodsnf/careerveda/faculty/faculty2-93539455.jpg?updatedAt=1784010443180,,,Antriksh Kumar,,,,,,,,,,,,,,,,,,,,Expert in data engineering,Proficient in analytics tools,Trained 2500+ students,Industry-recognized analyst,,Data Engineering,Data Analytics,Python,SQL,Power BI,,,
6a69d1d6ed57d59ed2c4343d,alumni,6a6061ea7bfcf05ac32c3e5b,6,6a6061ea7bfcf05ac32c3e5b,Shalini Kumari,,Associate Product Manager at Abbott,,,,,,,,58.33% Hike,Grew from 12 LPA to 19 LPA while strengthening product strategy and hands-on problem solving.,Grew from 12 LPA to 19 LPA while strengthening product strategy and hands-on problem solving.,,#0369a1,#0f766e,shalini-kumari,published,2026-07-22T06:23:38.138Z,,false,4,,,,,6,,https://ik.imagekit.io/ojoijfoinsdnfoodsnf/careerveda/alumni/Achiever2-3a2e0a3b.jpg,,,Shalini Kumari,,,,,,,,,,,,Shalini Kumari,Grew from 12 LPA to 19 LPA while strengthening product strategy and hands-on problem solving.,,,false,2026-07-22T06:23:38.140Z,2026-07-29T06:04:35.496Z,true,6a6061ea7bfcf05ac32c3e5b,6a60a17c20a2dec57e15dec5,,2026-07-29T10:11:34.322Z,0,,,,,,,,,,,,,,,,,,,,,,,,,,,,,,,,,,,,,,,,,,,,,,,,,,,,,,,,,,,,,,,,,,,,,,,,,,,,,,,,,,,,,,,,,,,,,,,,,,,,,,,,,,,,,,,,,,,,,,,,,,,,,,,,,,,,,,,,,,,,,,,,,,,,,,,,,,,,,,,,,,,,,,,,,,,,,,,,,,,,,,,,,,,,,,,,,,,,,,,,,,,,,,,,,,,,,,,,,,,,,,,,,,,,,,,,,,,,,,,,,,,,,,,,,,,,,,,,,,,,,,,,,,,,,,,,,,,,,,,,,,,,,,,,,,,,,,,,,,,,,,,,,,,,,,,,,,,,,,,,,,,,,,,,false,,,,,,,,,,,,,,,,,,,,,,,,,,,,,,,,,,,,,,,,,,,,,,,,,
6a69d2ebed57d59ed2c434a3,alumni,6a6061ea7bfcf05ac32c3e5e,6,6a6061ea7bfcf05ac32c3e5e,Aditya Ahlawat,,Associate Product Manager,,BlackRock,,,,,,66% Hike,Strengthened product strategy and problem-solving capabilities for a finance leadership role.,Strengthened product strategy and problem-solving capabilities for a finance leadership role.,,#312e81,#1e3a8a,aditya-ahlawat,published,2026-07-22T06:23:38.197Z,,false,5,,,,,6,,https://ik.imagekit.io/ojoijfoinsdnfoodsnf/careerveda/alumni/Achiever3-7a90ad07.jpg,,,Aditya Ahlawat,,,,,,,,,,,,Aditya Ahlawat,Strengthened product strategy and problem-solving capabilities for a finance leadership role.,,,false,2026-07-22T06:23:38.199Z,2026-07-29T06:04:35.563Z,true,6a6061ea7bfcf05ac32c3e5e,6a60a17c20a2dec57e15dec5,,2026-07-29T10:16:11.886Z,0,,,,,,,,,,,,,,,,,,,,,,,,,,,,,,,,,,,,,,,,,,,,,,,,,,,,,,,,,,,,,,,,,,,,,,,,,,,,,,,,,,,,,,,,,,,,,,,,,,,,,,,,,,,,,,,,,,,,,,,,,,,,,,,,,,,,,,,,,,,,,,,,,,,,,,,,,,,,,,,,,,,,,,,,,,,,,,,,,,,,,,,,,,,,,,,,,,,,,,,,,,,,,,,,,,,,,,,,,,,,,,,,,,,,,,,,,,,,,,,,,,,,,,,,,,,,,,,,,,,,,,,,,,,,,,,,,,,,,,,,,,,,,,,,,,,,,,,,,,,,,,,,,,,,,,,,,,,,,,,,,,,,,,,,false,,,,,,,,,,,,,,,,,,,,,,,,,,,,,,,,,,,,,,,,,,,,,,,,,
6a69d2feed57d59ed2c434b9,alumni,6a6061ea7bfcf05ac32c3e5e,7,6a6061ea7bfcf05ac32c3e5e,Aditya Ahlawat,,Associate Product Manager,,BlackRock,,,,,,66% Hike,Strengthened product strategy and problem-solving capabilities for a finance leadership role.,"""Successfully transitioned into an Associate Product Manager role at BlackRock with a salary hike from 9 LPA to 15 LPA. Demonstrated strong product thinking, business understanding, and problem-solving skills throughout the learning journey and interview process. Achieved significant career growth by securing an opportunity with a leading global organization.""",,#312e81,#1e3a8a,aditya-ahlawat,published,2026-07-22T06:23:38.197Z,,false,5,,,,6a60a17c20a2dec57e15dec5,7,,https://ik.imagekit.io/ojoijfoinsdnfoodsnf/careerveda/alumni/Achiever3-7a90ad07.jpg,,,Aditya Ahlawat,,,,,,,,,,,,Aditya Ahlawat,Strengthened product strategy and problem-solving capabilities for a finance leadership role.,,,false,2026-07-22T06:23:38.199Z,2026-07-29T10:16:11.967Z,true,6a6061ea7bfcf05ac32c3e5e,6a60a17c20a2dec57e15dec5,,2026-07-29T10:16:30.607Z,0,,,,,,,,,,,,,,,,,,,,,,,,,,,,,,,,,,,,,,,,,,,,,,,,,,,,,,,,,,,,,,,,,,,,,,,,,,,,,,,,,,,,,,,,,,,,,,,,,,,,,,,,,,,,,,,,,,,,,,,,,,,,,,,,,,,,,,,,,,,,,,,,,,,,,,,,,,,,,,,,,,,,,,,,,,,,,,,,,,,,,,,,,,,,,,,,,,,,,,,,,,,,,,,,,,,,,,,,,,,,,,,,,,,,,,,,,,,,,,,,,,,,,,,,,,,,,,,,,,,,,,,,,,,,,,,,,,,,,,,,,,,,,,,,,,,,,,,,,,,,,,,,,,,,,,,,,,,,,,,,,,,,,,,,false,,,,,,,,,,,,,,,,,,,,,,,,,,,,,,,,,,,,,,,,,,,,,,,,,
6a69d312ed57d59ed2c434cf,alumni,6a6061ea7bfcf05ac32c3e58,6,6a6061ea7bfcf05ac32c3e58,Garima Singh,,Product Manager at PepsiCo,,,,,,,,200% Hike,Transitioned into a global FMCG product role with strong leadership and product management capability.,Transitioned into a global FMCG product role with strong leadership and product management capability.,,#be185d,#7e22ce,garima-singh,published,2026-07-22T06:23:38.072Z,,false,3,,,,,6,,https://ik.imagekit.io/ojoijfoinsdnfoodsnf/careerveda/alumni/Achiever4-9d672823.jpg,,,Garima Singh,,,,,,,,,,,,Garima Singh,Transitioned into a global FMCG product role with strong leadership and product management capability.,,,false,2026-07-22T06:23:38.072Z,2026-07-29T06:04:35.422Z,true,6a6061ea7bfcf05ac32c3e58,6a60a17c20a2dec57e15dec5,,2026-07-29T10:16:50.047Z,0,,,,,,,,,,,,,,,,,,,,,,,,,,,,,,,,,,,,,,,,,,,,,,,,,,,,,,,,,,,,,,,,,,,,,,,,,,,,,,,,,,,,,,,,,,,,,,,,,,,,,,,,,,,,,,,,,,,,,,,,,,,,,,,,,,,,,,,,,,,,,,,,,,,,,,,,,,,,,,,,,,,,,,,,,,,,,,,,,,,,,,,,,,,,,,,,,,,,,,,,,,,,,,,,,,,,,,,,,,,,,,,,,,,,,,,,,,,,,,,,,,,,,,,,,,,,,,,,,,,,,,,,,,,,,,,,,,,,,,,,,,,,,,,,,,,,,,,,,,,,,,,,,,,,,,,,,,,,,,,,,,,,,,,,false,,,,,,,,,,,,,,,,,,,,,,,,,,,,,,,,,,,,,,,,,,,,,,,,,
6a69d322ed57d59ed2c434d7,alumni,6a6061ea7bfcf05ac32c3e58,7,6a6061ea7bfcf05ac32c3e58,Garima Singh,,Product Manager at PepsiCo,,,,,,,,200% Hike,Transitioned into a global FMCG product role with strong leadership and product management capability.,Transitioned into a global FMCG product role with strong leadership and product management capability.,,#be185d,#7e22ce,garima-singh,published,2026-07-22T06:23:38.072Z,,false,3,,,,6a60a17c20a2dec57e15dec5,7,,https://ik.imagekit.io/ojoijfoinsdnfoodsnf/careerveda/alumni/Achiever4-9d672823.jpg,,,Garima Singh,,,,,,,,,,,,Garima Singh,Transitioned into a global FMCG product role with strong leadership and product management capability.,,,false,2026-07-22T06:23:38.072Z,2026-07-29T10:16:50.121Z,true,6a6061ea7bfcf05ac32c3e58,6a60a17c20a2dec57e15dec5,,2026-07-29T10:17:06.458Z,0,,,,,,,,,,,,,,,,,,,,,,,,,,,,,,,,,,,,,,,,,,,,,,,,,,,,,,,,,,,,,,,,,,,,,,,,,,,,,,,,,,,,,,,,,,,,,,,,,,,,,,,,,,,,,,,,,,,,,,,,,,,,,,,,,,,,,,,,,,,,,,,,,,,,,,,,,,,,,,,,,,,,,,,,,,,,,,,,,,,,,,,,,,,,,,,,,,,,,,,,,,,,,,,,,,,,,,,,,,,,,,,,,,,,,,,,,,,,,,,,,,,,,,,,,,,,,,,,,,,,,,,,,,,,,,,,,,,,,,,,,,,,,,,,,,,,,,,,,,,,,,,,,,,,,,,,,,,,,,,,,,,,,,,,false,,,,,,,,,,,,,,,,,,,,,,,,,,,,,,,,,,,,,,,,,,,,,,,,,
6a69d46eed57d59ed2c435d7,alumni,6a6061ea7bfcf05ac32c3e5b,7,6a6061ea7bfcf05ac32c3e5b,Shalini Kumari,,Associate Product Manager at Abbott,,,,,,,,58.33% Hike,Grew from 12 LPA to 19 LPA while strengthening product strategy and hands-on problem solving.,"Successfully transitioned into an Associate Product Manager role at Abbott with a remarkable salary growth from 12 LPA to 19 LPA. Demonstrated strong analytical thinking, product strategy, and stakeholder management skills throughout the transition journey. Secured an opportunity with a globally recognized healthcare organization, marking significant professional and career growth.""",,#0369a1,#0f766e,shalini-kumari,published,2026-07-22T06:23:38.138Z,,false,4,,,,6a60a17c20a2dec57e15dec5,7,,https://ik.imagekit.io/ojoijfoinsdnfoodsnf/careerveda/alumni/Achiever2-3a2e0a3b.jpg,,,Shalini Kumari,,,,,,,,,,,,Shalini Kumari,Grew from 12 LPA to 19 LPA while strengthening product strategy and hands-on problem solving.,,,false,2026-07-22T06:23:38.140Z,2026-07-29T10:11:34.398Z,true,6a6061ea7bfcf05ac32c3e5b,6a60a17c20a2dec57e15dec5,,2026-07-29T10:22:38.952Z,0,,,,,,,,,,,,,,,,,,,,,,,,,,,,,,,,,,,,,,,,,,,,,,,,,,,,,,,,,,,,,,,,,,,,,,,,,,,,,,,,,,,,,,,,,,,,,,,,,,,,,,,,,,,,,,,,,,,,,,,,,,,,,,,,,,,,,,,,,,,,,,,,,,,,,,,,,,,,,,,,,,,,,,,,,,,,,,,,,,,,,,,,,,,,,,,,,,,,,,,,,,,,,,,,,,,,,,,,,,,,,,,,,,,,,,,,,,,,,,,,,,,,,,,,,,,,,,,,,,,,,,,,,,,,,,,,,,,,,,,,,,,,,,,,,,,,,,,,,,,,,,,,,,,,,,,,,,,,,,,,,,,,,,,,false,,,,,,,,,,,,,,,,,,,,,,,,,,,,,,,,,,,,,,,,,,,,,,,,,
6a69d49bed57d59ed2c43624,alumni,6a6061ea7bfcf05ac32c3e5b,8,6a6061ea7bfcf05ac32c3e5b,Shalini Kumari,,Associate Product Manager at Abbott,,,,,,,,58.33% Hike,Grew from 12 LPA to 19 LPA while strengthening product strategy and hands-on problem solving.,"Successfully transitioned into an Associate Product Manager role at Abbott with a remarkable salary growth from 12 LPA to 19 LPA. Demonstrated strong analytical thinking, product strategy, and stakeholder management skills throughout the transition journey. Secured an opportunity with a globally recognized healthcare organization, marking significant professional and career growth.""",,#0369a1,#0f766e,shalini-kumari,published,2026-07-22T06:23:38.138Z,,false,4,,,,6a60a17c20a2dec57e15dec5,8,,https://ik.imagekit.io/ojoijfoinsdnfoodsnf/careerveda/alumni/Achiever2-3a2e0a3b.jpg,,,Shalini Kumari,,,,,,,,,,,,Shalini Kumari,Career growth from 12 LPA to 19 LPA with an Associate Product Manager role at Abbott.,,,false,2026-07-22T06:23:38.140Z,2026-07-29T10:22:39.025Z,true,6a6061ea7bfcf05ac32c3e5b,6a60a17c20a2dec57e15dec5,,2026-07-29T10:23:23.533Z,0,,,,,,,,,,,,,,,,,,,,,,,,,,,,,,,,,,,,,,,,,,,,,,,,,,,,,,,,,,,,,,,,,,,,,,,,,,,,,,,,,,,,,,,,,,,,,,,,,,,,,,,,,,,,,,,,,,,,,,,,,,,,,,,,,,,,,,,,,,,,,,,,,,,,,,,,,,,,,,,,,,,,,,,,,,,,,,,,,,,,,,,,,,,,,,,,,,,,,,,,,,,,,,,,,,,,,,,,,,,,,,,,,,,,,,,,,,,,,,,,,,,,,,,,,,,,,,,,,,,,,,,,,,,,,,,,,,,,,,,,,,,,,,,,,,,,,,,,,,,,,,,,,,,,,,,,,,,,,,,,,,,,,,,,false,,,,,,,,,,,,,,,,,,,,,,,,,,,,,,,,,,,,,,,,,,,,,,,,,
6a69d5ad7e6a25fbca3c34ae,alumni,6a6061ea7bfcf05ac32c3e55,8,6a6061ea7bfcf05ac32c3e55,Anjali Singh,,Product Owner at Amazon,,,,,,,,220% Hike,Achieved rapid professional growth from 5 LPA to 16 LPA through product leadership and execution skills.,Achieved rapid professional growth from 5 LPA to 16 LPA through product leadership and execution skills.,,#c2410c,#b45309,anjali-singh,published,2026-07-22T06:23:38.013Z,,true,2,,,,6a60a17c20a2dec57e15dec5,8,,https://ik.imagekit.io/ojoijfoinsdnfoodsnf/careerveda/alumni/Achiever5-09021396.jpg,,,Anjali Singh,,,,,,,,,,,,Anjali Singh,Achieved rapid professional growth from 5 LPA to 16 LPA through product leadership and execution skills.,,,false,2026-07-22T06:23:38.014Z,2026-07-29T06:04:35.355Z,true,6a6061ea7bfcf05ac32c3e55,6a60a17c20a2dec57e15dec5,,2026-07-29T10:27:57.891Z,0,,,,,,,,,,,,,,,,,,,,,,,,,,,,,,,,,,,,,,,,,,,,,,,,,,,,,,,,,,,,,,,,,,,,,,,,,,,,,,,,,,,,,,,,,,,,,,,,,,,,,,,,,,,,,,,,,,,,,,,,,,,,,,,,,,,,,,,,,,,,,,,,,,,,,,,,,,,,,,,,,,,,,,,,,,,,,,,,,,,,,,,,,,,,,,,,,,,,,,,,,,,,,,,,,,,,,,,,,,,,,,,,,,,,,,,,,,,,,,,,,,,,,,,,,,,,,,,,,,,,,,,,,,,,,,,,,,,,,,,,,,,,,,,,,,,,,,,,,,,,,,,,,,,,,,,,,,,,,,,,,,,,,,,,true,,,,,,,,,,,,,,,,,,,,,,,,,,,,,,,,,,,,,,,,,,,,,,,,,
6a69d5d17e6a25fbca3c34c7,alumni,6a60624d75957d87c43cc4a1,3,6a60624d75957d87c43cc4a1,Ipsita Sen,,Business Analyst at Concentrix,,,,,,,,220% Hike,"Ipsita Sen successfully secured a Business Analyst role at Concentrix with an exceptional 220% salary hike, showcasing remarkable career growth and professional transformation. Through consistent upskilling, analytical thinking, and dedication towards learning business and product strategies, she strengthened her expertise and unlocked new career opportunities. Her journey reflects determination, continuous improvement, and the ability to achieve significant career advancement in a highly competitive industry","Ipsita Sen successfully secured a Business Analyst role at Concentrix with an exceptional 220% salary hike, showcasing remarkable career growth and professional transformation. Through consistent upskilling, analytical thinking, and dedication towards learning business and product strategies, she strengthened her expertise and unlocked new career opportunities. Her journey reflects determination, continuous improvement, and the ability to achieve significant career advancement in a highly competitive industry",,#312e81,#1e3a8a,ipsita-sen,published,2026-07-22T06:25:17.812Z,,false,6,,,,,3,,https://ik.imagekit.io/ojoijfoinsdnfoodsnf/careerveda/alumni/Achiever7-4f504cd7.jpg,,,Ipsita Sen,,,,,,,,,,,,Ipsita Sen,"Ipsita Sen successfully secured a Business Analyst role at Concentrix with an exceptional 220% salary hike, showcasing remarkable career growth and…",,,false,2026-07-22T06:25:17.816Z,2026-07-29T06:04:35.626Z,true,6a60624d75957d87c43cc4a1,6a60a17c20a2dec57e15dec5,,2026-07-29T10:28:33.068Z,0,,,,,,,,,,,,,,,,,,,,,,,,,,,,,,,,,,,,,,,,,,,,,,,,,,,,,,,,,,,,,,,,,,,,,,,,,,,,,,,,,,,,,,,,,,,,,,,,,,,,,,,,,,,,,,,,,,,,,,,,,,,,,,,,,,,,,,,,,,,,,,,,,,,,,,,,,,,,,,,,,,,,,,,,,,,,,,,,,,,,,,,,,,,,,,,,,,,,,,,,,,,,,,,,,,,,,,,,,,,,,,,,,,,,,,,,,,,,,,,,,,,,,,,,,,,,,,,,,,,,,,,,,,,,,,,,,,,,,,,,,,,,,,,,,,,,,,,,,,,,,,,,,,,,,,,,,,,,,,,,,,,,,,,,false,,,,,,,,,,,,,,,,,,,,,,,,,,,,,,,,,,,,,,,,,,,,,,,,,
6a69d5ef7e6a25fbca3c34dd,alumni,6a6061ea7bfcf05ac32c3e63,6,6a6061ea7bfcf05ac32c3e63,Vikram Singh,,Product Manager at Interactly.ai,,,,,,,,300% Hike,"Vikram Singh successfully transitioned into a Product Manager role at Interactly.ai with a remarkable 300% salary hike, demonstrating his ability to drive product strategy and lead cross-functional teams. His journey reflects a strong commitment to continuous learning and professional development.","Vikram Singh successfully transitioned into a Product Manager role at Interactly.ai with a remarkable 300% salary hike, demonstrating his ability to drive product strategy and lead cross-functional teams. His journey reflects a strong commitment to continuous learning and professional development.",,#312e81,#1e3a8a,vikram-singh,published,2026-07-22T06:23:38.290Z,,false,7,,,,,6,,https://ik.imagekit.io/ojoijfoinsdnfoodsnf/careerveda/alumni/Achiever8-1a1454dd.jpg,,,Vikram Singh,,,,,,,,,,,,Vikram Singh,"Vikram Singh successfully transitioned into a Product Manager role at Interactly.ai with a remarkable 300% salary hike, demonstrating his ability to drive…",,,false,2026-07-22T06:23:38.291Z,2026-07-29T06:04:35.696Z,true,6a6061ea7bfcf05ac32c3e63,6a60a17c20a2dec57e15dec5,,2026-07-29T10:29:03.802Z,0,,,,,,,,,,,,,,,,,,,,,,,,,,,,,,,,,,,,,,,,,,,,,,,,,,,,,,,,,,,,,,,,,,,,,,,,,,,,,,,,,,,,,,,,,,,,,,,,,,,,,,,,,,,,,,,,,,,,,,,,,,,,,,,,,,,,,,,,,,,,,,,,,,,,,,,,,,,,,,,,,,,,,,,,,,,,,,,,,,,,,,,,,,,,,,,,,,,,,,,,,,,,,,,,,,,,,,,,,,,,,,,,,,,,,,,,,,,,,,,,,,,,,,,,,,,,,,,,,,,,,,,,,,,,,,,,,,,,,,,,,,,,,,,,,,,,,,,,,,,,,,,,,,,,,,,,,,,,,,,,,,,,,,,,false,,,,,,,,,,,,,,,,,,,,,,,,,,,,,,,,,,,,,,,,,,,,,,,,,
6a69d60c7e6a25fbca3c34f4,alumni,6a6061ea7bfcf05ac32c3e66,6,6a6061ea7bfcf05ac32c3e66,Anjali Desai,,Product Manager at Zomato,,,,,,,,170% Hike,CareerVeda helped me move into Product Management. The product strategy and user research modules were true game-changers for my career.,CareerVeda helped me move into Product Management. The product strategy and user research modules were true game-changers for my career.,,#312e81,#1e3a8a,anjali-desai,published,2026-07-22T06:23:38.351Z,,false,8,,,,,6,,https://ik.imagekit.io/ojoijfoinsdnfoodsnf/careerveda/alumni/Achiever9-ac333547.jpg,,,Anjali Desai,,,,,,,,,,,,Anjali Desai,CareerVeda helped me move into Product Management. The product strategy and user research modules were true game-changers for my career.,,,false,2026-07-22T06:23:38.352Z,2026-07-29T06:04:35.761Z,true,6a6061ea7bfcf05ac32c3e66,6a60a17c20a2dec57e15dec5,,2026-07-29T10:29:32.654Z,0,,,,,,,,,,,,,,,,,,,,,,,,,,,,,,,,,,,,,,,,,,,,,,,,,,,,,,,,,,,,,,,,,,,,,,,,,,,,,,,,,,,,,,,,,,,,,,,,,,,,,,,,,,,,,,,,,,,,,,,,,,,,,,,,,,,,,,,,,,,,,,,,,,,,,,,,,,,,,,,,,,,,,,,,,,,,,,,,,,,,,,,,,,,,,,,,,,,,,,,,,,,,,,,,,,,,,,,,,,,,,,,,,,,,,,,,,,,,,,,,,,,,,,,,,,,,,,,,,,,,,,,,,,,,,,,,,,,,,,,,,,,,,,,,,,,,,,,,,,,,,,,,,,,,,,,,,,,,,,,,,,,,,,,,false,,,,,,,,,,,,,,,,,,,,,,,,,,,,,,,,,,,,,,,,,,,,,,,,,
6a69de0b7e6a25fbca3c3607,alumni,6a6061e97bfcf05ac32c3e52,9,6a6061e97bfcf05ac32c3e52,Syed Arif,,Product Manager at Razorpay,,,,,,,,118% Hike,Built strategic product thinking and secured a high-growth fintech product role.,Built strategic product thinking and secured a high-growth fintech product role.,,#2563eb,#4338ca,syed-arif,published,2026-07-22T06:23:37.953Z,,true,1,,,,6a60a17c20a2dec57e15dec5,9,,https://ik.imagekit.io/ojoijfoinsdnfoodsnf/careerveda/alumni/SYED-ARIF-b2eea077.jpg,,,Syed Arif,,,,,,,,,,,,Syed Arif,Built strategic product thinking and secured a high-growth fintech product role.,,,false,2026-07-22T06:23:37.954Z,2026-07-29T06:04:35.288Z,true,6a6061e97bfcf05ac32c3e52,6a60a17c20a2dec57e15dec5,,2026-07-29T11:03:39.083Z,0,,,,,,,,,,,,,,,,,,,,,,,,,,,,,,,,,,,,,,,,,,,,,,,,,,,,,,,,,,,,,,,,,,,,,,,,,,,,,,,,,,,,,,,,,,,,,,,,,,,,,,,,,,,,,,,,,,,,,,,,,,,,,,,,,,,,,,,,,,,,,,,,,,,,,,,,,,,,,,,,,,,,,,,,,,,,,,,,,,,,,,,,,,,,,,,,,,,,,,,,,,,,,,,,,,,,,,,,,,,,,,,,,,,,,,,,,,,,,,,,,,,,,,,,,,,,,,,,,,,,,,,,,,,,,,,,,,,,,,,,,,,,,,,,,,,,,,,,,,,,,,,,,,,,,,,,,,,,,,,,,,,,,,,,true,,,,,,,,,,,,,,,,,,,,,,,,,,,,,,,,,,,,,,,,,,,,,,,,,
6a69e0d63a658f45eefa13e6,alumni,6a6061e97bfcf05ac32c3e4f,11,6a6061e97bfcf05ac32c3e4f,Anant Shiva,,Product Development,,HighRadius,,,,,,97% Hike,Transitioned into Product Management with an industry-relevant curriculum and strong placement support.,Transitioned into Product Management with an industry-relevant curriculum and strong placement support.,,#0f766e,#164e63,anant-shiva,published,2026-07-22T06:23:37.894Z,,true,0,,,,6a60a17c20a2dec57e15dec5,11,,https://ik.imagekit.io/ojoijfoinsdnfoodsnf/careerveda/alumni/Achiever1-4e81fee0.jpg,,,Anant Shiva,,,,,,,,,,,,Anant Shiva,Transitioned into Product Management with an industry-relevant curriculum and strong placement support.,,,false,2026-07-22T06:23:37.896Z,2026-07-29T06:04:35.223Z,true,6a6061e97bfcf05ac32c3e4f,6a60a17c20a2dec57e15dec5,,2026-07-29T11:15:34.985Z,0,,,,,,,,,,,,,,,,,,,,,,,,,,,,,,,,,,,,,,,,,,,,,,,,,,,,,,,,,,,,,,,,,,,,,,,,,,,,,,,,,,,,,,,,,,,,,,,,,,,,,,,,,,,,,,,,,,,,,,,,,,,,,,,,,,,,,,,,,,,,,,,,,,,,,,,,,,,,,,,,,,,,,,,,,,,,,,,,,,,,,,,,,,,,,,,,,,,,,,,,,,,,,,,,,,,,,,,,,,,,,,,,,,,,,,,,,,,,,,,,,,,,,,,,,,,,,,,,,,,,,,,,,,,,,,,,,,,,,,,,,,,,,,,,,,,,,,,,,,,,,,,,,,,,,,,,,,,,,,,,,,,,,,,,true,,,,,,,,,,,,,,,,,,,,,,,,,,,,,,,,,,,,,,,,,,,,,,,,,
6a69e0e4a7be08af9fef0ac4,alumni,6a6061e97bfcf05ac32c3e4f,12,6a6061e97bfcf05ac32c3e4f,Anant Shiva,,Product Development,,HighRadius,,,,,,97% Hike,This program was exactly what I needed to transition into Product Management—the industry-relevant curriculum and strong placement support helped me secure a role at HighRadius. Grateful to Team CareerVeda for the exceptional support throughout my journey!,This program was exactly what I needed to transition into Product Management—the industry-relevant curriculum and strong placement support helped me secure a role at HighRadius. Grateful to Team CareerVeda for the exceptional support throughout my journey!,,#0f766e,#164e63,anant-shiva,published,2026-07-22T06:23:37.894Z,,true,0,,,,6a60a17c20a2dec57e15dec5,12,,https://ik.imagekit.io/ojoijfoinsdnfoodsnf/careerveda/alumni/Achiever1-4e81fee0.jpg,,,Anant Shiva,,,,,,,,,,,,Anant Shiva,Transitioned into Product Management with an industry-relevant curriculum and strong placement support.,,,false,2026-07-22T06:23:37.896Z,2026-07-29T11:15:35.069Z,true,6a6061e97bfcf05ac32c3e4f,6a60a17c20a2dec57e15dec5,,2026-07-29T11:15:48.735Z,0,,,,,,,,,,,,,,,,,,,,,,,,,,,,,,,,,,,,,,,,,,,,,,,,,,,,,,,,,,,,,,,,,,,,,,,,,,,,,,,,,,,,,,,,,,,,,,,,,,,,,,,,,,,,,,,,,,,,,,,,,,,,,,,,,,,,,,,,,,,,,,,,,,,,,,,,,,,,,,,,,,,,,,,,,,,,,,,,,,,,,,,,,,,,,,,,,,,,,,,,,,,,,,,,,,,,,,,,,,,,,,,,,,,,,,,,,,,,,,,,,,,,,,,,,,,,,,,,,,,,,,,,,,,,,,,,,,,,,,,,,,,,,,,,,,,,,,,,,,,,,,,,,,,,,,,,,,,,,,,,,,,,,,,,true,,,,,,,,,,,,,,,,,,,,,,,,,,,,,,,,,,,,,,,,,,,,,,,,,
6a70704368a38827a26e5ac3,faqs,6a67563a67bf0c0885b6e7ef,1,6a67563a67bf0c0885b6e7ef,,,,,,,,,,,,,,,,,will-i-get-the-100-placement,published,2026-07-27T12:59:41.440Z,,false,10,,,6a60a17c20a2dec57e15dec5,6a60a17c20a2dec57e15dec5,1,,,,,,,,,,,,,,,,,,,,,false,2026-07-27T12:59:38.916Z,2026-07-27T12:59:41.442Z,true,6a67563a67bf0c0885b6e7ef,6a706e412188a497eefd8214,,2026-08-03T10:41:07.295Z,0,,,,,General,,,,,,,,,,,,,,,,,,,,,,,,,,,,,,,,,,,,,,,,,,,,,,,,,,,,,,,,,,,,,,,,,,,,,,,,,,,,,,,,,,,,,,,,,,,,,,,,,,,,,,,,,,,,,,,,,,,,,,,,,,,,,,,,,,,,,,,,,,,,,,,,,,,,,,,,,,,,,,,,,,,,,,,,,,,,,,,,,,,,,,,,,,,,,,,,,,,,,,,,,,,,,,,,,,,,,,,,,,,,,,,,,,,,,,,,,,,,,,,,,,,,,,,,,,,,,,,,,,,,,,,,,,,,,,,,,,,,,,,,,,,,,,,,,,,,,,,,,,,,,,,,,,,,,,,will i get the 100 % placement,yes you will get the 100% if you join careerveda,,,,,,,,,,,,,,,,,,,,,,,,,,,,,,,,,,,,,,,,,,,,,,,,,,,,,,,,,,,,
6a70705068a38827a26e5acb,faqs,6a67563a67bf0c0885b6e7ef,2,6a67563a67bf0c0885b6e7ef,,,,,,,,,,,,,,,,,will-i-get-the-100-placement,published,2026-07-27T12:59:41.440Z,,false,10,,,6a60a17c20a2dec57e15dec5,6a706e412188a497eefd8214,2,,,,,,,,,,,,,,,,,,,,,false,2026-07-27T12:59:38.916Z,2026-08-03T10:41:07.808Z,true,6a67563a67bf0c0885b6e7ef,6a706e412188a497eefd8214,,2026-08-03T10:41:20.967Z,0,,,,,General,,,,,,,,,,,,,,,,,,,,,,,,,,,,,,,,,,,,,,,,,,,,,,,,,,,,,,,,,,,,,,,,,,,,,,,,,,,,,,,,,,,,,,,,,,,,,,,,,,,,,,,,,,,,,,,,,,,,,,,,,,,,,,,,,,,,,,,,,,,,,,,,,,,,,,,,,,,,,,,,,,,,,,,,,,,,,,,,,,,,,,,,,,,,,,,,,,,,,,,,,,,,,,,,,,,,,,,,,,,,,,,,,,,,,,,,,,,,,,,,,,,,,,,,,,,,,,,,,,,,,,,,,,,,,,,,,,,,,,,,,,,,,,,,,,,,,,,,,,,,,,,,,,,,,,,Will i get the 100 % Placement Through CareerVeda?,"CareerVeda provides comprehensive placement assistance, including resume building, mock interviews, career counseling, and job referrals to help learners secure employment. CareerVeda equips students with the skills, certifications, and interview preparation needed to improve their chances of getting hired.",,,,,,,,,,,,,,,,,,,,,,,,,,,,,,,,,,,,,,,,,,,,,,,,,,,,,,,,,,,,
6a70710f68a38827a26e5b06,faqs,6a6348d9a9150085085d8155,1,6a6348d9a9150085085d8155,,,,,,,,,,,,,,,,,will-ai-replace-the-humans,published,2026-07-24T11:13:29.436Z,,false,7,,,6a60a17c20a2dec57e15dec5,6a60a17c20a2dec57e15dec5,1,,,,,,,,,,,,,,,,,,,,,false,2026-07-24T11:13:29.147Z,2026-07-24T11:13:29.449Z,true,6a6348d9a9150085085d8155,6a706e412188a497eefd8214,,2026-08-03T10:44:31.176Z,0,,,,,General,,,,,,,,,,,,,,,,,,,,,,,,,,,,,,,,,,,,,,,,,,,,,,,,,,,,,,,,,,,,,,,,,,,,,,,,,,,,,,,,,,,,,,,,,,,,,,,,,,,,,,,,,,,,,,,,,,,,,,,,,,,,,,,,,,,,,,,,,,,,,,,,,,,,,,,,,,,,,,,,,,,,,,,,,,,,,,,,,,,,,,,,,,,,,,,,,,,,,,,,,,,,,,,,,,,,,,,,,,,,,,,,,,,,,,,,,,,,,,,,,,,,,,,,,,,,,,,,,,,,,,,,,,,,,,,,,,,,,,,,,,,,,,,,,,,,,,,,,,,,,,,,,,,,,,,will ai replace the humans,no ai will not,,,,,,,,,,,,,,,,,,,,,,,,,,,,,,,,,,,,,,,,,,,,,,,,,,,,,,,,,,,,
6a7071d068a38827a26e5b58,faqs,6a6061ee7bfcf05ac32c3f40,6,6a6061ee7bfcf05ac32c3f40,,,,,,,,,,,,,,,,,what-programs-does-careerveda-offer,published,2026-07-22T06:23:42.818Z,,false,0,,,,,6,,,,,,,,,,,,,,,,,,,,,false,2026-07-22T06:23:42.819Z,2026-07-29T06:04:40.655Z,true,6a6061ee7bfcf05ac32c3f40,6a706e412188a497eefd8214,,2026-08-03T10:47:44.678Z,0,,,,,General,,,,,,,,,,,,,,,,,,,,,,,,,,,,,,,,,,,,,,,,,,,,,,,,,,,,,,,,,,,,,,,,,,,,,,,,,,,,,,,,,,,,,,,,,,,,,,,,,,,,,,,,,,,,,,,,,,,,,,,,,,,,,,,,,,,,,,,,,,,,,,,,,,,,,,,,,,,,,,,,,,,,,,,,,,,,,,,,,,,,,,,,,,,,,,,,,,,,,,,,,,,,,,,,,,,,,,,,,,,,,,,,,,,,,,,,,,,,,,,,,,,,,,,,,,,,,,,,,,,,,,,,,,,,,,,,,,,,,,,,,,,,,,,,,,,,,,,,,,,,,,,,,,,,,,,What programs does CareerVeda offer?,"Programs span Investment Banking, Business Analytics, Data Analytics, Data Science with AI/ML and Agentic AI, CyberSecurity, Backend Development Engineering, and Data Engineering with Agentic & Gen AI. Each one is built around the tools and workflows employers are hiring for right now.",,,,,,,,,,,,,,,,,,,,,,,,,,,,,,,,,,,,,,,,,,,,,,,,,,,,,,,,,,,,
6a7071f068a38827a26e5b78,faqs,6a6061ee7bfcf05ac32c3f40,7,6a6061ee7bfcf05ac32c3f40,,,,,,,,,,,,,,,,,what-programs-does-careerveda-offer,published,2026-07-22T06:23:42.818Z,,false,0,,,,6a706e412188a497eefd8214,7,,,,,,,,,,,,,,,,,,,,,false,2026-07-22T06:23:42.819Z,2026-08-03T10:47:45.162Z,true,6a6061ee7bfcf05ac32c3f40,6a706e412188a497eefd8214,,2026-08-03T10:48:16.637Z,0,,,,,General,,,,,,,,,,,,,,,,,,,,,,,,,,,,,,,,,,,,,,,,,,,,,,,,,,,,,,,,,,,,,,,,,,,,,,,,,,,,,,,,,,,,,,,,,,,,,,,,,,,,,,,,,,,,,,,,,,,,,,,,,,,,,,,,,,,,,,,,,,,,,,,,,,,,,,,,,,,,,,,,,,,,,,,,,,,,,,,,,,,,,,,,,,,,,,,,,,,,,,,,,,,,,,,,,,,,,,,,,,,,,,,,,,,,,,,,,,,,,,,,,,,,,,,,,,,,,,,,,,,,,,,,,,,,,,,,,,,,,,,,,,,,,,,,,,,,,,,,,,,,,,,,,,,,,,,What programs does CareerVeda offer?,"CareerVeda offers industry-focused, future-ready programs designed to help learners build in-demand skills for today's and tomorrow's job market. Our courses include Product Management, , Business Analytics, Data Analytics, Data Science with AI & Machine Learning, Agentic AI, Generative AI, Cybersecurity, Backend Development Engineering, Investment Banking  and Data Engineering with Agentic & Gen AI.",,,,,,,,,,,,,,,,,,,,,,,,,,,,,,,,,,,,,,,,,,,,,,,,,,,,,,,,,,,,
6a7071f968a38827a26e5b85,faqs,6a6061ee7bfcf05ac32c3f40,8,6a6061ee7bfcf05ac32c3f40,,,,,,,,,,,,,,,,,what-programs-does-careerveda-offer,published,2026-07-22T06:23:42.818Z,,false,0,,,,6a706e412188a497eefd8214,8,,,,,,,,,,,,,,,,,,,,,false,2026-07-22T06:23:42.819Z,2026-08-03T10:48:17.120Z,true,6a6061ee7bfcf05ac32c3f40,6a706e412188a497eefd8214,,2026-08-03T10:48:25.715Z,0,,,,,General,,,,,,,,,,,,,,,,,,,,,,,,,,,,,,,,,,,,,,,,,,,,,,,,,,,,,,,,,,,,,,,,,,,,,,,,,,,,,,,,,,,,,,,,,,,,,,,,,,,,,,,,,,,,,,,,,,,,,,,,,,,,,,,,,,,,,,,,,,,,,,,,,,,,,,,,,,,,,,,,,,,,,,,,,,,,,,,,,,,,,,,,,,,,,,,,,,,,,,,,,,,,,,,,,,,,,,,,,,,,,,,,,,,,,,,,,,,,,,,,,,,,,,,,,,,,,,,,,,,,,,,,,,,,,,,,,,,,,,,,,,,,,,,,,,,,,,,,,,,,,,,,,,,,,,,What programs does CareerVeda offer?,"CareerVeda offers industry-focused, future-ready programs designed to help learners build in-demand skills for today's and tomorrow's job market. Our courses include Product Management , Business Analytics, Data Analytics, Data Science with AI & Machine Learning, Agentic AI, Generative AI, Cybersecurity, Backend Development Engineering, Investment Banking  and Data Engineering with Agentic & Gen AI.",,,,,,,,,,,,,,,,,,,,,,,,,,,,,,,,,,,,,,,,,,,,,,,,,,,,,,,,,,,,
6a709316bc58f329a325bfe6,programs,6a6061e87bfcf05ac32c3dff,25,6a6061e87bfcf05ac32c3dff,,,,,,,,,,,,,,,,,product-management,published,2026-07-22T06:23:36.918Z,,false,0,,,,6a60a17c20a2dec57e15dec5,25,,https://ik.imagekit.io/ojoijfoinsdnfoodsnf/careerveda/programs/product-management-6b8b2802.jpg,,,PG Program in Product Management,,,,,,,,,,,,PG Program in Product Management,"A structured, industry-focused program that prepares you to lead the end-to-end lifecycle of digital and technology-driven products. It blends business…",,,false,2026-07-22T06:23:36.938Z,2026-07-29T06:04:33.800Z,true,6a6061e87bfcf05ac32c3dff,6a708ec07c0778d2b1fdc62a,,2026-08-03T13:09:42.843Z,0,PG Program in Product Management,PG Program in Product Management,,Become a High-Impact Product Manager,Product,"A structured, industry-focused program that prepares you to lead the end-to-end lifecycle of digital and technology-driven products. It blends business strategy, user-centric design, technology fundamentals and data-driven decision-making, so you can bridge engineering, design, marketing and business teams.","Manage products from ideation to launch and scale. Master product strategy, customer discovery, market research, UX fundamentals, agile methodologies, roadmapping and stakeholder management — and learn to drive decisions with product metrics, pricing strategy and go-to-market planning, through real-world case studies and a capstone project.",6 Months,,Live Online,"Freshers, Graduates, Experienced",,,,,,,,,"Product strategy, customer discovery, market research and UX fundamentals","Agile methodologies, product roadmapping and stakeholder management","Product metrics, pricing strategy and go-to-market planning, with AI throughout",,"A structured roadmap from aspiring product manager to product leader. Twelve modules take you from product thinking and customer obsession through research, strategy, roadmaps, UX, agile delivery, analytics and AI, to growth, leadership and a full capstone — each one leaving you a portfolio deliverable you keep.","Six months of 100% live, instructor-led learning from expert trainers at top technology companies, with daily doubt-solving, real industry projects and lifetime placement assistance. No coding background needed — product management is taught from the fundamentals.","10,000+",30+,"₹1,45,000",,"3, 6, 9 & 12 months (No Cost EMIs) · Zero hidden charges",7-Day Money Back Guarantee,"July 18, 2026",Few seats left,,Industry-Aligned,AI-Powered PM,Lifetime Placement Assistance,,"Product thinking, user research and product discovery","PRDs, roadmaps, wireframing and agile execution","Product analytics, AI for product managers, growth and go-to-market",1,2,3,4,5,6,7,8,9,10,11,12,13,,,,,,,,,Preparatory Foundation,Product Thinking & Customer Obsession,Market Research & Competitive Intelligence,User Research & Product Discovery,Product Strategy & Vision Development,Product Requirements & Roadmap Management,"UX, Wireframing & Product Design",Agile Product Development,Product Analytics & Decision Science,AI for Product Managers,Product Growth & Go-to-Market Strategy,Product Leadership & Stakeholder Management,Capstone Project,,,,,,,,,,,,,,,,,,,,,,,,,,,,,,Introduction to Product Thinking,Understanding Digital Products and Platforms,Product Management Career Paths,AI Fundamentals for Product Professionals,Business and Technology Basics,Product Management Terminology and Frameworks,Evolution of Product Management,Product Mindset vs Project Mindset,Understanding Customer Needs,Customer Journey Mapping,Problem Identification Techniques,Opportunity Discovery Frameworks,Market Sizing Fundamentals,Industry Analysis Frameworks,Competitive Benchmarking,SWOT and Opportunity Analysis,Emerging Technology Trends,AI-Based Market Research Techniques,User Interviews,Surveys and Feedback Collection,Persona Development,Jobs-To-Be-Done Framework,Behavioral Analysis,Customer Pain Point Mapping,Product Vision Creation,Strategic Planning,Business Model Fundamentals,Value Proposition Design,Product Portfolio Management,Product Positioning,Product Requirement Documents (PRDs),User Stories and Acceptance Criteria,Product Backlogs,Prioritization Frameworks,Product Roadmapping,Feature Planning,UX Principles,Information Architecture,Wireframing Fundamentals,User Flows,Prototyping Concepts,Design Reviews,Agile Frameworks,Scrum Fundamentals,Sprint Planning,Product Ownership,Engineering Collaboration,Release Management,Product Metrics Frameworks,North Star Metrics,Funnel Analysis,Cohort Analysis,Retention Metrics,Experimentation Design and A/B Testing,Generative AI Applications,AI Product Lifecycle,Prompt Engineering,AI-Assisted Research,AI-Based User Analysis,Building AI Features into Products,Product Launch Planning,Growth Frameworks,Product-Led Growth,User Acquisition,Activation and Retention,Pricing and Monetization,Stakeholder Communication,Executive Presentations,Conflict Resolution,Influence Without Authority,Decision-Making Under Uncertainty,Team Leadership,"Product discovery, market research and user validation",Product strategy and PRD creation,Wireframing and analytics planning,Go-to-market strategy,"Final deliverable: strategy document, PRD, wireframes, analytics framework, GTM plan and executive presentation",,,,,,,,,,,,,,,,,,,,,,,,,,,,,,,,,,,,,,,,,,,,,,,,,,,Introduction to Design Thinking,Product Positioning Strategy,Portfolio deliverable: Market Opportunity Assessment,Research Synthesis,Portfolio deliverable: User Research Repository and Personas,Strategic Decision Frameworks,Portfolio deliverable: Product Vision and Strategy Document,Release Planning,Portfolio deliverable: End-to-End Product Requirement Document,Accessibility Considerations,Portfolio deliverable: Interactive Product Prototype,Risk and Dependency Management,Portfolio deliverable: Sprint Planning Simulation,Data-Driven Decision Making,Portfolio deliverable: Product Analytics Dashboard,Responsible AI Practices,Portfolio deliverable: AI Feature Design Blueprint,Growth Experimentation,Portfolio deliverable: Go-to-Market Strategy Plan,Product Governance,Portfolio deliverable: Executive Product Review Deck,,"A portfolio of PRDs, prototypes, analytics dashboards and a GTM plan","Readiness for Associate Product Manager, Product Analyst, Product Executive and Junior PM roles","PM interview mastery: product cases, metrics, AI product scenarios and mock interview labs",100% Live Instructor-Led Classes,Expert Trainers from Top Technology Companies,Daily Live Doubt-Solving Sessions,Real Industry Projects,25+ Assignments & Industry Case Studies,Three Globally Recognised Certifications,"Dedicated Profile Building — Portfolio, Resume & LinkedIn",Lifetime Placement Assistance,LMS Access for 2 Years,Full Access to Recordings & Notes,Flexible Weekend Learning,Advance Learning Modules,Multiple Practice Quizzes,Tech for PM & Analytics for PM Tracks,PM Interview Mastery Framework,Mock Interview Labs with Expert Feedback,AI Product Case Practice,Dedicated Virtual Classroom & Student Support,10K+ Student & Alumni Community,Hiring Preparation Support,Product Strategy,User Research,Agile,Analytics,Gen AI,Stakeholder Communication,Executive Presentations & Storytelling,Influence Without Authority,Decision-Making Under Uncertainty,Cross-Functional Team Leadership,Conflict Resolution,Real-world Product Management Projects,Product Roadmap Development,User Research & PRD Writing,Feature Launch & A/B Testing,Product Analytics & Metrics Tracking,Industry Mentorship by Senior PMs,Program Investment,"₹1,45,000",Including GST,,,,,,,,,,,,,,,,,,,,,,,,,,,,,,,,,,,Expert Trainers,,,,,,,,,,,,,,,,,,,,,,,,,,,,,,,,,,,,,,,,,,,,,,
6a709414bc58f329a325c03c,programs,6a6061e87bfcf05ac32c3dff,26,6a6061e87bfcf05ac32c3dff,,,,,,,,,,,,,,,,,product-management,published,2026-07-22T06:23:36.918Z,,false,0,,,,6a708ec07c0778d2b1fdc62a,26,,https://ik.imagekit.io/ojoijfoinsdnfoodsnf/careerveda/programs/product-management-6b8b2802.jpg,,,PG Program in Product Management,,,,,,,,,,,,PG Program in Product Management,"A structured, industry-focused program that prepares you to lead the end-to-end lifecycle of digital and technology-driven products. It blends business…",,,false,2026-07-22T06:23:36.938Z,2026-08-03T13:09:43.339Z,true,6a6061e87bfcf05ac32c3dff,6a708ec07c0778d2b1fdc62a,,2026-08-03T13:13:56.783Z,0,PG Program in Product Management,PG Program in Product Management,,Become a High-Impact Product Manager,Product,"A structured, industry-focused program that prepares you to lead the end-to-end lifecycle of digital and technology-driven products. It blends business strategy, user-centric design, technology fundamentals and data-driven decision-making, so you can bridge engineering, design, marketing and business teams.","Manage products from ideation to launch and scale. Master product strategy, customer discovery, market research, UX fundamentals, agile methodologies, roadmapping and stakeholder management — and learn to drive decisions with product metrics, pricing strategy and go-to-market planning, through real-world case studies and a capstone project.",6 Months,,Live Online,"Freshers, Graduates, Experienced",,,,,,,,,"Product strategy, customer discovery, market research and UX fundamentals","Agile methodologies, product roadmapping and stakeholder management","Product metrics, pricing strategy and go-to-market planning, with AI throughout",,"A structured roadmap from aspiring product manager to product leader. Twelve modules take you from product thinking and customer obsession through research, strategy, roadmaps, UX, agile delivery, analytics and AI, to growth, leadership and a full capstone — each one leaving you a portfolio deliverable you keep.","Six months of 100% live, instructor-led learning from expert trainers at top technology companies, with daily doubt-solving, real industry projects and lifetime placement assistance. No coding background needed — product management is taught from the fundamentals.","10,000+",30+,"₹1,45,000",,"3, 6, 9 & 12 months (No Cost EMIs) · Zero hidden charges",7-Day Money Back Guarantee,"August 7th , 2026",Few seats left,,Industry-Aligned,AI-Powered PM,Lifetime Placement Assistance,,"Product thinking, user research and product discovery","PRDs, roadmaps, wireframing and agile execution","Product analytics, AI for product managers, growth and go-to-market",1,2,3,4,5,6,7,8,9,10,11,12,13,,,,,,,,,Preparatory Foundation,Product Thinking & Customer Obsession,Market Research & Competitive Intelligence,User Research & Product Discovery,Product Strategy & Vision Development,Product Requirements & Roadmap Management,"UX, Wireframing & Product Design",Agile Product Development,Product Analytics & Decision Science,AI for Product Managers,Product Growth & Go-to-Market Strategy,Product Leadership & Stakeholder Management,Capstone Project,,,,,,,,,,,,,,,,,,,,,,,,,,,,,,Introduction to Product Thinking,Understanding Digital Products and Platforms,Product Management Career Paths,AI Fundamentals for Product Professionals,Business and Technology Basics,Product Management Terminology and Frameworks,Evolution of Product Management,Product Mindset vs Project Mindset,Understanding Customer Needs,Customer Journey Mapping,Problem Identification Techniques,Opportunity Discovery Frameworks,Market Sizing Fundamentals,Industry Analysis Frameworks,Competitive Benchmarking,SWOT and Opportunity Analysis,Emerging Technology Trends,AI-Based Market Research Techniques,User Interviews,Surveys and Feedback Collection,Persona Development,Jobs-To-Be-Done Framework,Behavioral Analysis,Customer Pain Point Mapping,Product Vision Creation,Strategic Planning,Business Model Fundamentals,Value Proposition Design,Product Portfolio Management,Product Positioning,Product Requirement Documents (PRDs),User Stories and Acceptance Criteria,Product Backlogs,Prioritization Frameworks,Product Roadmapping,Feature Planning,UX Principles,Information Architecture,Wireframing Fundamentals,User Flows,Prototyping Concepts,Design Reviews,Agile Frameworks,Scrum Fundamentals,Sprint Planning,Product Ownership,Engineering Collaboration,Release Management,Product Metrics Frameworks,North Star Metrics,Funnel Analysis,Cohort Analysis,Retention Metrics,Experimentation Design and A/B Testing,Generative AI Applications,AI Product Lifecycle,Prompt Engineering,AI-Assisted Research,AI-Based User Analysis,Building AI Features into Products,Product Launch Planning,Growth Frameworks,Product-Led Growth,User Acquisition,Activation and Retention,Pricing and Monetization,Stakeholder Communication,Executive Presentations,Conflict Resolution,Influence Without Authority,Decision-Making Under Uncertainty,Team Leadership,"Product discovery, market research and user validation",Product strategy and PRD creation,Wireframing and analytics planning,Go-to-market strategy,"Final deliverable: strategy document, PRD, wireframes, analytics framework, GTM plan and executive presentation",,,,,,,,,,,,,,,,,,,,,,,,,,,,,,,,,,,,,,,,,,,,,,,,,,,Introduction to Design Thinking,Product Positioning Strategy,Portfolio deliverable: Market Opportunity Assessment,Research Synthesis,Portfolio deliverable: User Research Repository and Personas,Strategic Decision Frameworks,Portfolio deliverable: Product Vision and Strategy Document,Release Planning,Portfolio deliverable: End-to-End Product Requirement Document,Accessibility Considerations,Portfolio deliverable: Interactive Product Prototype,Risk and Dependency Management,Portfolio deliverable: Sprint Planning Simulation,Data-Driven Decision Making,Portfolio deliverable: Product Analytics Dashboard,Responsible AI Practices,Portfolio deliverable: AI Feature Design Blueprint,Growth Experimentation,Portfolio deliverable: Go-to-Market Strategy Plan,Product Governance,Portfolio deliverable: Executive Product Review Deck,,"A portfolio of PRDs, prototypes, analytics dashboards and a GTM plan","Readiness for Associate Product Manager, Product Analyst, Product Executive and Junior PM roles","PM interview mastery: product cases, metrics, AI product scenarios and mock interview labs",100% Live Instructor-Led Classes,Expert Trainers from Top Technology Companies,Daily Live Doubt-Solving Sessions,Real Industry Projects,25+ Assignments & Industry Case Studies,Three Globally Recognised Certifications,"Dedicated Profile Building — Portfolio, Resume & LinkedIn",Lifetime Placement Assistance,LMS Access for 2 Years,Full Access to Recordings & Notes,Flexible Weekend Learning,Advance Learning Modules,Multiple Practice Quizzes,Tech for PM & Analytics for PM Tracks,PM Interview Mastery Framework,Mock Interview Labs with Expert Feedback,AI Product Case Practice,Dedicated Virtual Classroom & Student Support,10K+ Student & Alumni Community,Hiring Preparation Support,Product Strategy,User Research,Agile,Analytics,Gen AI,Stakeholder Communication,Executive Presentations & Storytelling,Influence Without Authority,Decision-Making Under Uncertainty,Cross-Functional Team Leadership,Conflict Resolution,Real-world Product Management Projects,Product Roadmap Development,User Research & PRD Writing,Feature Launch & A/B Testing,Product Analytics & Metrics Tracking,Industry Mentorship by Senior PMs,Program Investment,"₹1,45,000",Including GST,,,,,,,,,,,,,,,,,,,,,,,,,,,,,,,,,,,Expert Trainers,,,,,,,,,,,,,,,,,,,,,,,,,,,,,,,,,,,,,,,,,,,,,,
6a70947fbc58f329a325c079,programs,6a6061e97bfcf05ac32c3e0b,8,6a6061e97bfcf05ac32c3e0b,,,,,,,,,,,,,,,,,business-analytics,published,2026-07-22T06:23:37.054Z,,false,1,,,,6a60a17c20a2dec57e15dec5,8,,https://ik.imagekit.io/ojoijfoinsdnfoodsnf/careerveda/programs/Business_analytics_images-4145ed42.jpg,,,Post Graduate Program in Business Analytics with Generative AI,,,,,,,,,,,,Post Graduate Program in Business Analytics with Generative AI,"Build a successful career in Business Analytics by mastering in-demand analytical tools, Generative AI, and real-world business problem-solving. Learn…",,,false,2026-07-22T06:23:37.059Z,2026-07-29T06:04:33.950Z,true,6a6061e97bfcf05ac32c3e0b,6a706e412188a497eefd8214,,2026-08-03T13:15:43.856Z,0,Post Graduate Program in Business Analytics with Generative AI,Post Graduate Program in Business Analytics with Generative AI,,Become a Business Analyst with AI Skills,Analytics,"Build a successful career in Business Analytics by mastering in-demand analytical tools, Generative AI, and real-world business problem-solving. Learn through live mentor-led sessions, hands-on projects, industry case studies, and career-focused training designed to make you job-ready.","Master business analytics end to end — Excel, SQL, Power BI, Tableau, Python and applied AI — and learn to turn business questions into dashboards and decisions that stakeholders act on.",6 Months,,Live Online,"Freshers, Graduates, Experienced",,,,,,,,,"Excel, SQL, Python, Power BI and Generative AI workflows",25+ business analytics projects and case studies,"Dashboard storytelling, KPI analysis and stakeholder reporting",,"A comprehensive curriculum designed by industry experts combining Excel, SQL, Power BI, Tableau, Python and Generative AI. Master KPI frameworks, dashboard storytelling, predictive analysis and stakeholder reporting with hands-on projects.","This PG Program in Business Analytics equips you with Excel, SQL, Power BI, Tableau and Python skills, and the business judgement to turn data into decisions, through real-world projects and expert guidance.","10,000+",30+,"₹1,25,000",,"3, 6, 9 & 12 months (No Cost EMIs)",7-Day Money Back Guarantee,"July 18, 2026",Few seats left,,Industry-Aligned,Enrolling Now,100% Placement Assurance,,"Data cleaning, business metrics and exploratory analysis","SQL queries, spreadsheet modeling and dashboard creation",AI-assisted reporting and executive insight presentation,1,2,3,4,5,6,7,8,9,10,11,12,13,14,15,16,17,18,19,20,21,Introduction to Business Analytics,Excel for Business Analysis,Advanced Excel & Spreadsheet Modeling,Business Statistics Foundations,Data Cleaning & Preparation,SQL Fundamentals for Analysts,Advanced SQL & Query Optimisation,Data Modeling for Reporting,Power BI Fundamentals,Advanced Power BI & DAX,Tableau for Visual Analytics,Dashboard Design & Data Storytelling,Python for Business Analytics,Exploratory Data Analysis,Business Metrics & KPI Frameworks,Marketing & Sales Analytics,Finance & Operations Analytics,Predictive Analytics for Business,Generative AI for Analysts,Business Analytics Capstone Project,Analytics Career Readiness & Interview Prep,,,,,,,,,,,,,,,,,,,,,,What business analytics is and where it sits in a company,"Descriptive, diagnostic, predictive and prescriptive analysis",The analytics workflow from question to decision,"Roles: business analyst, data analyst, BI analyst",Tooling landscape and when to use what,Industry trends and outlook,Spreadsheet structure and clean data entry,"Core formulas: logical, text and date functions","Lookup functions: VLOOKUP, XLOOKUP, INDEX-MATCH",PivotTables and PivotCharts,Conditional formatting for exception reporting,Building a first business summary report,Dynamic arrays and modern Excel functions,Power Query for repeatable data cleaning,"Scenario analysis, Goal Seek and Solver",What-if models and sensitivity tables,Dashboard construction in Excel,Spreadsheet modeling project,Descriptive statistics and distributions,"Sampling, variance and confidence intervals",Correlation versus causation in business data,Hypothesis testing for business questions,A/B testing fundamentals,Reading and challenging statistical claims,Profiling a raw dataset before analysis,Handling missing values and duplicates,Outlier detection and treatment,"Standardising formats, types and categories",Joining and reconciling multiple sources,Documenting data quality assumptions,Relational database concepts,"SELECT, WHERE, ORDER BY and LIMIT",Aggregations with GROUP BY and HAVING,"Joins: inner, left, right and full",Subqueries and common table expressions,Writing a business reporting query set,Window functions for running and ranked metrics,Cohort and retention queries,Date and time series aggregation patterns,Query performance and indexing basics,Reusable views and reporting layers,Advanced SQL case study,Star and snowflake schema concepts,"Facts, dimensions and grain",Normalisation versus reporting-friendly models,Designing a model for a business domain,Relationships and cardinality pitfalls,Data dictionary and documentation,Connecting and transforming data sources,The Power BI data model,Core visuals and report pages,"Filters, slicers and drill-through",Publishing and sharing reports,First Power BI report build,DAX calculated columns versus measures,Filter context and row context,"Time intelligence: YoY, MTD, rolling averages",CALCULATE and context modification,Performance tuning of models and visuals,Executive dashboard project,Tableau workspace and data connections,"Dimensions, measures and calculated fields","Building charts, maps and dual axes","Dashboards, actions and interactivity",Level of detail expressions,Tableau dashboard project,Choosing the right chart for the question,Visual hierarchy and dashboard layout,"Colour, accessibility and chart integrity",Narrative structure for an analytics presentation,"Writing insight, not description",Presenting findings to stakeholders,Python essentials for analysts,pandas DataFrames and data manipulation,"Grouping, merging and reshaping data",Automating recurring reports,Plotting with matplotlib and seaborn,Python analysis notebook project,Framing an exploratory question,Univariate and bivariate exploration,Segmentation and cohort views,Identifying drivers behind a metric move,Communicating uncertainty honestly,Complete EDA case study,Defining metrics that map to business goals,Leading versus lagging indicators,North star metrics and metric trees,"Funnel, retention and unit economics metrics",Avoiding vanity and gameable metrics,Designing a KPI framework for a business,Acquisition funnel and channel analysis,Campaign performance and attribution basics,Customer lifetime value and CAC,Sales pipeline and conversion analysis,Segmentation and targeting analysis,Marketing analytics project,"Revenue, cost and margin analysis",Budget versus actual variance reporting,Forecasting demand and capacity,Inventory and supply chain metrics,Process efficiency and bottleneck analysis,Operations analytics case study,When prediction helps a business decision,Regression for forecasting and driver analysis,Classification for churn and propensity,Time series forecasting fundamentals,Evaluating and communicating model quality,Predictive analytics project,Where GenAI genuinely speeds up analysis,"Prompting for SQL, formulas and code",AI-assisted data cleaning and documentation,Summarising findings and drafting reports,Verifying AI output and avoiding false confidence,AI-assisted analytics workflow project,End-to-end project on a real business dataset,Problem framing and metric definition,"Analysis, modeling and dashboard build",Insight write-up with recommendations,Stakeholder presentation and defence,Portfolio packaging of the capstone,Analyst resume creation and optimization,SQL and case-study interview preparation,Take-home assignment and dashboard tests,Behavioral interview training,LinkedIn networking for analytics professionals,1 year Placement Support for Top Fellows,,,,,,,,,,,,,,,,,,,,,,,,Business analyst project portfolio,Interview readiness for analytics roles,Confidence with business data and dashboards,Excel & Spreadsheet Modeling,SQL for Business Reporting,Power BI & DAX Mastery,Tableau Visual Analytics,Python for Data Analysis,200+ Hrs Analytics-Focused Content,300+ Hrs Live Case Sessions,Practising Analysts as Mentors,Business Analytics Job Placement Support,Round-the-Clock Assistance,Business Analytics Curriculum Track,Skill Evaluation Tests,Learning Performance Analytics Dashboard,Professional Community Access,Self-Paced Learning Options,Global Alumni Community,Mock Interview Training,Business Analytics Certificates,Advanced LMS Platform,Live Business Case Studies,Excel,SQL,Python,Power BI,Gen AI,Stakeholder Presentation & Reporting Skills,Data Storytelling & Communication,Requirement Gathering & Questioning,Cross-Functional Collaboration,Business Acumen & Strategic Thinking,Professional Networking & Relationship Building,Real-world Business Analytics Projects,Dashboard & Reporting Build-Outs,KPI Framework Design for Live Businesses,Stakeholder Insight Presentations,A/B Test and Experiment Analysis,Industry Mentorship by Practising Analysts,Program Investment,"₹1,25,000",Including GST,,,,,,,,,,,,,,,,,,,,,,,,,,,,,,,,,,,Expert Mentor,,,,,,,,,,,,,,,,,,,,,,,,,,,,,,,,,,,,,,,,,,,,,,
6a70949dbc58f329a325c090,programs,6a6061e97bfcf05ac32c3e13,6,6a6061e97bfcf05ac32c3e13,,,,,,,,,,,,,,,,,data-analytics,published,2026-07-22T06:23:37.137Z,,false,2,,,,,6,,https://ik.imagekit.io/ojoijfoinsdnfoodsnf/careerveda/programs/Data_analytics-ba31dcb9.jpg,,,PG Program in Data Analytics with Generative AI,,,,,,,,,,,,PG Program in Data Analytics with Generative AI,"Master the skills to transform raw data into actionable business insights. Learn Excel, SQL, Python, Power BI, Statistics, and Generative AI through live…",,,false,2026-07-22T06:23:37.142Z,2026-07-29T06:04:34.039Z,true,6a6061e97bfcf05ac32c3e13,6a706e412188a497eefd8214,,2026-08-03T13:16:13.827Z,0,PG Program in Data Analytics with Generative AI,PG Program in Data Analytics with Generative AI,,Become a Data Analyst with AI Workflows,Data,"Master the skills to transform raw data into actionable business insights. Learn Excel, SQL, Python, Power BI, Statistics, and Generative AI through live classes, hands-on projects, and real-world case studies to become an industry-ready Data Analyst.","Learn data analysis, visualisation and reporting with the AI-assisted workflows modern analyst roles now expect, and finish with capstone projects built on real company data.",6 Months,,Live Online,"Freshers, Graduates, Experienced",,,,,,,,,"Excel, SQL, Python, Power BI and dashboard reporting","Data cleaning, visualization and business decision support",Capstone projects aligned with real analyst responsibilities,,"A comprehensive curriculum designed by industry experts combining Excel, SQL, Python, Power BI, Tableau and statistics. Master data cleaning, exploratory analysis, visualisation and reporting with hands-on projects on real datasets.","This PG Program in Data Analytics equips you with Excel, SQL, Python, Power BI and Tableau skills, and the analytical rigour to clean, question and present data, through real-world projects and expert guidance.","10,000+",30+,"₹1,35,000",,"3, 6, 9 & 12 months (No Cost EMIs)",7-Day Money Back Guarantee,"July 18, 2026",Few seats left,,Industry-Aligned,Enrolling Now,100% Placement Assurance,,"Statistics, analysis thinking and spreadsheet automation","SQL joins, Python analysis and BI dashboards",Real company case studies and capstone storytelling,1,2,3,4,5,6,7,8,9,10,11,12,13,14,15,16,17,18,19,20,21,Introduction to Data Analytics,Excel for Data Analysis,Advanced Excel & Power Query,Statistics for Analysts,Data Cleaning & Wrangling,SQL Fundamentals,Advanced SQL for Analytics,Python Foundations for Analysts,Data Analysis with pandas,Exploratory Data Analysis,Data Visualisation Principles,Power BI Fundamentals,DAX & Advanced Power BI,Tableau for Data Analysts,Dashboards & Reporting Workflows,Data Storytelling & Communication,Business Metrics & Domain Context,Predictive Analysis Foundations,AI-Assisted Analytics Workflows,Data Analytics Capstone Project,Analyst Career Readiness & Interview Prep,,,,,,,,,,,,,,,,,,,,,,What a data analyst actually does day to day,The analytics lifecycle from raw data to decision,Types of data and where it comes from,The modern analytics toolchain,Analyst career paths and specialisations,Industry trends and outlook,Structuring data for analysis,Essential formulas and functions,"Lookups: VLOOKUP, XLOOKUP, INDEX-MATCH",PivotTables for fast aggregation,Charts and conditional formatting,First analysis report in Excel,Power Query for repeatable transformations,Dynamic arrays and modern functions,Data validation and error handling,Automating recurring analysis,Interactive Excel dashboards,Advanced Excel project,Measures of centre and spread,Distributions and the normal curve,Sampling and sampling error,Confidence intervals in plain language,Hypothesis testing and p-values,Statistical reasoning case study,Profiling and auditing a raw dataset,Missing data strategies,"Duplicates, outliers and bad records","Type, format and category standardisation",Merging messy sources together,Cleaning pipeline documentation,How relational databases store data,"SELECT, filtering and sorting",Aggregation with GROUP BY and HAVING,All four join types in practice,Subqueries and CTEs,Query set for a reporting requirement,Window functions and running totals,"Ranking, percentiles and deciles",Cohort and retention analysis in SQL,Time-series aggregation patterns,Query optimisation basics,Advanced SQL analytics project,"Python syntax, types and control flow",Working in Jupyter notebooks,"Reading data from files, APIs and databases",NumPy arrays and vectorised thinking,Writing reusable analysis functions,Python fundamentals exercise set,"DataFrames, indexing and selection","Filtering, grouping and aggregating","Merging, joining and reshaping",Time series handling in pandas,Cleaning workflows in code,pandas analysis project,Framing the question before touching data,Distribution and relationship exploration,Segmenting to find the real signal,Explaining a metric movement,Common analytical traps and biases,Complete EDA case study,Matching chart type to the question,"Encoding, scale and axis integrity",Colour use and accessibility,Reducing clutter and chartjunk,Annotating charts to carry the insight,Visualisation critique and redesign exercise,Connecting and shaping data sources,Building the data model,Core visuals and page design,"Slicers, filters and drill-through",Publishing and sharing,Power BI report build,Measures versus calculated columns,Filter and row context explained,Time intelligence calculations,CALCULATE and context modification,Model and report performance,Advanced Power BI dashboard project,Tableau data connections and extracts,Calculated fields and table calculations,"Charts, maps and dual-axis visuals",Interactive dashboards and actions,Level of detail expressions,Tableau dashboard project,Designing a report for its audience,Self-serve versus curated reporting,Refresh schedules and data freshness,Report versioning and change control,Handling stakeholder change requests,End-to-end reporting workflow project,Structuring an analysis narrative,"Leading with the finding, not the method",Writing insight summaries executives read,Presenting to non-technical stakeholders,Defending an analysis under questioning,Analytics presentation project,Defining metrics that mean something,"Funnel, retention and growth metrics","Revenue, cost and margin basics","Domain context: product, marketing, operations",Metric definitions and a shared dictionary,Metric design exercise,When a model beats a simple analysis,Linear and logistic regression basics,Train/test splits and overfitting,Evaluating model results honestly,Forecasting fundamentals,Introductory predictive project,Where GenAI speeds up analyst work,"Prompting for SQL, pandas and DAX",AI-assisted cleaning and documentation,Drafting insight summaries with AI,Verifying output and avoiding hallucinated numbers,AI-assisted workflow project,End-to-end project on a real company dataset,Question framing and data acquisition,"Cleaning, analysis and visualisation",Insight write-up with recommendations,Stakeholder presentation and defence,Portfolio packaging of the capstone,Data analyst resume creation and optimization,SQL and Excel interview preparation,Take-home case and dashboard tests,Behavioral interview training,LinkedIn networking for data professionals,1 year Placement Support for Top Fellows,,,,,,,,,,,,,,,,,,,,,,,,Data analyst resume projects,Mock interviews and LinkedIn optimization,Placement preparation with hiring partner access,Excel & Advanced Spreadsheet Analysis,SQL Querying & Reporting,Python & pandas for Analysis,Power BI Dashboard Development,Tableau Visual Analytics,200+ Hrs Analytics-Focused Content,300+ Hrs Live Practical Sessions,Working Data Analysts as Mentors,Data Analytics Job Placement Support,Round-the-Clock Assistance,Data Analytics Curriculum Track,Skill Evaluation Tests,Learning Performance Analytics Dashboard,Professional Community Access,Self-Paced Learning Options,Global Alumni Community,Mock Interview Training,Data Analytics Certificates,Advanced LMS Platform,Live Data Analytics Case Studies,Excel,SQL,Python,Power BI,Tableau,Insight Presentation & Reporting Skills,Data Storytelling & Communication,Analytical Questioning & Problem Framing,Cross-Functional Collaboration,Attention to Detail & Data Integrity,Professional Networking & Relationship Building,Real-world Data Analytics Projects,End-to-End Data Cleaning & Analysis,Dashboard & Report Development,Insight Presentations to Stakeholders,Metric Investigation & Root-Cause Analysis,Industry Mentorship by Working Data Analysts,Program Investment,"₹1,35,000",Including GST,,,,,,,,,,,,,,,,,,,,,,,,,,,,,,,,,,,Career Mentor,,,,,,,,,,,,,,,,,,,,,,,,,,,,,,,,,,,,,,,,,,,,,,
6a709526bc58f329a325c0cb,programs,6a6061e97bfcf05ac32c3e30,6,6a6061e97bfcf05ac32c3e30,,,,,,,,,,,,,,,,,data-engineering,published,2026-07-22T06:23:37.406Z,,false,6,,,,,6,,https://ik.imagekit.io/ojoijfoinsdnfoodsnf/careerveda/programs/ChatGPT-Image-Jul-13-2026-04_53_32-PM-fbacfde5.jpg,,,PG Program in Data Engineering with Agentic & Gen AI,,,,,,,,,,,,PG Program in Data Engineering with Agentic & Gen AI,"Learn data pipelines, ETL, warehousing, cloud-ready workflows, and AI-powered automation for modern data teams.",,,false,2026-07-22T06:23:37.408Z,2026-07-29T06:04:34.390Z,true,6a6061e97bfcf05ac32c3e30,6a706e412188a497eefd8214,,2026-08-03T13:18:30.222Z,0,PG Program in Data Engineering with Agentic & Gen AI,PG Program in Data Engineering with Agentic & Gen AI,,Become a Data Engineer with AI Automation Skills,Data Engineering,"Learn data pipelines, ETL, warehousing, cloud-ready workflows, and AI-powered automation for modern data teams.","Learn pipelines, ETL, warehousing and orchestration for modern data teams, plus the generative and agentic AI automation now layered on top of them.",8 Months,,Live Online,"Freshers, Graduates, Experienced",,,,,,,,,"Data pipelines, ETL, SQL, Python and orchestration fundamentals","Analytics engineering, data quality and AI automation workflows",Real projects focused on scalable business data systems,,"A comprehensive curriculum designed by industry experts combining SQL, Python, ETL, Spark, Airflow, dbt, cloud warehousing and agentic AI automation. Master pipeline design, data quality, orchestration and platform operations with hands-on projects.","This PG Program in Data Engineering with Agentic & Gen AI equips you with pipeline, ETL, warehousing, orchestration and AI automation skills through production-style projects and expert guidance.","10,000+",30+,"₹1,55,000",,"3, 6, 9 & 12 months (No Cost EMIs)",7-Day Money Back Guarantee,"July 18, 2026",Few seats left,,Industry-Aligned,Enrolling Now,100% Placement Assurance,,"SQL, Python, data modeling and ETL fundamentals","Pipeline orchestration, data quality and warehousing concepts",GenAI and agentic workflows for data operations,1,2,3,4,5,6,7,8,9,10,11,12,13,14,15,16,17,18,19,20,21,Introduction to Data Engineering,SQL for Data Engineering,Python for Data Engineering,Data Modeling & Warehouse Design,ETL & ELT Fundamentals,Data Ingestion & Source Systems,Data Lakes & Lakehouse Architecture,Cloud Data Warehouses,Apache Spark & Distributed Processing,Workflow Orchestration with Airflow,Analytics Engineering with dbt,Streaming Data with Kafka,Data Quality & Testing,"Data Governance, Lineage & Security","DataOps, CI/CD & Infrastructure",Pipeline Monitoring & Reliability,Generative AI for Data Engineering,Vector Databases & Embedding Pipelines,Agentic AI for Data Operations,Data Engineering Capstone Project,Data Career Readiness & Interview Prep,,,,,,,,,,,,,,,,,,,,,,What data engineers build and own,The modern data stack explained,OLTP versus OLAP workloads,Batch versus streaming paradigms,Data engineer career paths,Industry trends and outlook,Core SQL and set-based thinking,"Joins, aggregations and subqueries",Window functions for analytical work,Query plans and execution,Indexing and performance tuning,SQL engineering exercise set,Python fundamentals for pipeline code,"File, API and database I/O",pandas for transformation work,"Writing testable, reusable modules","Logging, config and error handling",Python pipeline component project,Normalisation versus dimensional modeling,Star and snowflake schemas,"Facts, dimensions and choosing the grain",Slowly changing dimensions,Data vault concepts,Warehouse model design project,"Extract, transform and load stages",ETL versus ELT and when each wins,Idempotency and reprocessing safely,Incremental loads and change data capture,Backfills without breaking downstream,First end-to-end ETL pipeline,"Ingesting from APIs, files and databases",Handling schema drift at the source,"Rate limits, retries and backoff",Landing zones and raw layers,Ingestion metadata and lineage,Multi-source ingestion project,Object storage fundamentals,"File formats: Parquet, Avro, ORC",Partitioning and file size strategy,Delta Lake and Iceberg table formats,The medallion architecture,Lakehouse build lab,"Snowflake, BigQuery and Redshift compared",Storage and compute separation,Loading and unloading data at scale,Cost control and query efficiency,Access control and data sharing,Cloud warehouse project,Why distributed processing exists,"Spark architecture: driver, executors, tasks","RDDs, DataFrames and Spark SQL","Shuffles, partitions and skew",Performance tuning in Spark,Spark batch processing project,DAG concepts and scheduling,"Operators, sensors and hooks","Dependencies, retries and SLAs",Parameterised and dynamic DAGs,Monitoring and alerting on failures,Airflow orchestration project,"dbt models, refs and the DAG","Staging, intermediate and mart layers","Tests, sources and freshness checks","Macros, Jinja and reusable logic",Documentation and lineage graphs,dbt transformation project,"Topics, partitions, producers and consumers",Event streaming architecture,Exactly-once and delivery guarantees,Stream processing fundamentals,Batch and streaming together,Streaming pipeline project,Defining data quality dimensions,Validation with Great Expectations,Anomaly detection on pipeline metrics,Contracts between producers and consumers,Alerting on quality failures,Data quality framework project,Cataloguing and metadata management,End-to-end lineage tracking,"PII handling, masking and encryption",Access control and row-level security,Compliance and retention policy,Governance review exercise,Version control for data pipelines,CI/CD for data transformations,Containerising pipeline workloads,Infrastructure as code basics,"Environments: dev, staging, production",DataOps pipeline project,Pipeline observability and metrics,"Freshness, volume and schema monitoring",On-call and incident handling for data,Root-cause analysis of a broken pipeline,Cost monitoring and optimisation,Reliability instrumentation lab,Where GenAI genuinely helps a data team,AI-assisted SQL and pipeline code,Automated documentation and data dictionaries,Natural-language querying over the warehouse,Verifying AI output before it ships,AI-assisted data workflow project,Embeddings and vector search explained,Chunking and indexing strategies,"Vector stores: pgvector, Pinecone, Weaviate",Building a retrieval pipeline for RAG,Keeping embeddings fresh as data changes,Embedding pipeline project,What makes a data workflow agentic,Tool use and function calling over data systems,"Agents for triage, quality checks and remediation",Guardrails and human-in-the-loop approval,Evaluating and monitoring agent behaviour,Agentic data automation project,End-to-end platform build on real data,"Ingestion, modeling and transformation layers","Orchestrated, tested and monitored pipelines",AI-assisted automation layered on top,Architecture documentation and write-up,Portfolio packaging of the capstone,Data engineer resume creation and optimization,SQL and Python interview preparation,Data modeling and pipeline design interviews,Behavioral interview training,GitHub and LinkedIn portfolio for data engineers,1 year Placement Support for Top Fellows,,,,,,,,,,,,,,,,,,,,,,,,Data engineering project portfolio,Role readiness for analytics and data platform teams,Practical confidence with AI-assisted data workflows,SQL & Advanced Data Modeling,Python for Data Engineering,ETL & ELT Pipeline Development,Data Warehousing & Lakehouse Architecture,Airflow Orchestration & dbt,Spark & Distributed Processing,250+ Hrs Data Engineering Content,300+ Hrs Live Pipeline Sessions,Working Data Engineers as Mentors,Data Engineering Job Placement Support,Round-the-Clock Assistance,Data Engineering Curriculum Track,Skill Evaluation Tests,Learning Performance Analytics Dashboard,Professional Community Access,Self-Paced Learning Options,Global Alumni Community,Mock Interview Training,Data Engineering Certificates,Live Gen AI & Agentic Automation Case Studies,SQL,Python,ETL,Pipelines,Gen AI,Technical Documentation & Data Communication,Stakeholder Requirement Gathering,Debugging & Systematic Problem Solving,Cross-Functional Collaboration with Analysts & Scientists,Ownership & Pipeline Reliability Mindset,Professional Networking & Relationship Building,Real-world Data Pipeline Projects,ETL & Warehouse Build-Outs,Orchestration & Scheduling Implementation,Data Quality & Monitoring Work,Gen AI and Agentic Automation for Data Ops,Industry Mentorship by Working Data Engineers,Program Investment,"₹1,55,000",Including GST,,,,,,,,,,,,,,,,,,,,,,,,,,,,,,,,,,,Data Mentor,,,,,,,,,,,,,,,,,,,,,,,,,,,,,,,,,,,,,,,,,,,,,,
6a717696bc58f329a325e5cf,programs,6a6061e97bfcf05ac32c3e39,20,6a6061e97bfcf05ac32c3e39,,,,,,,,,,,,,,,,,cybersecurity,published,2026-07-22T06:23:37.534Z,,false,8,,,,6a60a17c20a2dec57e15dec5,20,,,,,,,,,,,,,,,,,PG Program in CyberSecurity,"Learn practical digital security foundations, network safety, risk awareness, and defensive monitoring workflows.",,,false,2026-07-22T06:23:37.537Z,2026-07-29T06:04:34.550Z,true,6a6061e97bfcf05ac32c3e39,6a708ec07c0778d2b1fdc62a,,2026-08-04T05:20:22.553Z,0,PG Program in CyberSecurity,PG Program in CyberSecurity,,Become a Defensive Security Professional,Security,"Learn practical digital security foundations, network safety, risk awareness, and defensive monitoring workflows.","Learn defensive security from the ground up — networks, Linux, web fundamentals, monitoring and incident response — through hands-on labs built around awareness, reporting and response.",6 Months,,Live Online,"Freshers, Graduates, Experienced",,,,,,,,,"Network safety, secure systems thinking and web security fundamentals","Hands-on defensive labs focused on awareness, reporting and response",Career preparation for entry-level security operations roles,,"A comprehensive curriculum designed by industry experts combining networking, Linux, security fundamentals, SOC operations, threat detection and incident response. Master defensive monitoring, risk assessment and reporting with hands-on labs.","This PG Program in CyberSecurity equips you with networking, Linux, security operations, monitoring and incident response skills through hands-on defensive labs and expert guidance.","10,000+",30+,"₹1,65,000",,"3, 6, 9 & 12 months (No Cost EMIs)",7-Day Money Back Guarantee,"July 18, 2026",Few seats left,,Industry-Aligned,Enrolling Now,100% Placement Assurance,,"Networking, Linux, security fundamentals and web basics","Risk review, safe reporting and documentation workflows","Monitoring concepts, alert review and incident response basics",1,2,3,4,5,6,7,8,9,10,11,12,13,14,15,16,17,18,19,20,21,Introduction to CyberSecurity,Networking Fundamentals,Linux Essentials for Security,Windows & Endpoint Security,Security Fundamentals & Frameworks,Cryptography Basics,Identity & Access Management,Web Application Security,Network Defence & Perimeter Security,Vulnerability Management,Threat Intelligence & the Attack Lifecycle,Logging & Log Analysis,SIEM & Security Monitoring,Security Operations Centre Workflows,Incident Response,Digital Forensics Fundamentals,Malware & Phishing Defence,Cloud Security Fundamentals,"Governance, Risk & Compliance",CyberSecurity Capstone Project,Security Career Readiness & Interview Prep,,,,,,,,,,,,,,,,,,,,,,The security landscape and why attacks succeed,"Confidentiality, integrity and availability","Threats, vulnerabilities and risk","Blue team, red team and purple team roles",Security career paths and certifications,Industry trends and outlook,The OSI and TCP/IP models,"IP addressing, subnetting and routing","TCP, UDP and common protocols","DNS, DHCP and HTTP in practice",Packet analysis with Wireshark,Network traffic analysis lab,The Linux filesystem and shell,"Users, groups and permissions","Processes, services and systemd",Package management and updates,Shell scripting for security tasks,Linux administration lab,Windows architecture and the registry,Active Directory fundamentals,Windows event logs and auditing,Endpoint protection and EDR concepts,Endpoint hardening baselines,Endpoint hardening lab,Defence in depth and least privilege,The CIA triad applied to real systems,NIST Cybersecurity Framework,ISO 27001 and CIS Controls overview,The MITRE ATT&CK matrix,Framework mapping exercise,Symmetric and asymmetric encryption,"Hashing, salting and integrity checks",TLS and certificate chains,Public key infrastructure,Key management practices,Encryption implementation lab,Authentication versus authorisation,Multi-factor authentication,"Single sign-on, OAuth and SAML",Role-based and least-privilege access,Privileged access management,Access review exercise,How web applications work end to end,The OWASP Top 10 explained,"Injection, XSS and broken access control",Secure session and cookie handling,Input validation and output encoding,Secure code review lab,Firewall rules and network segmentation,IDS and IPS concepts,VPNs and secure remote access,Zero trust network principles,Wireless network security,Network defence configuration lab,The vulnerability management lifecycle,Scanning and asset discovery,CVSS scoring and prioritisation,Patch management workflows,Reporting findings to system owners,Vulnerability assessment report project,The cyber kill chain,Common attacker tactics and techniques,Indicators of compromise,Threat intelligence sources and feeds,Mapping observed activity to ATT&CK,Threat analysis exercise,What to log and what to keep,Log sources across the estate,Parsing and normalising log data,Baselining normal behaviour,Spotting anomalies in log volume,Log analysis lab,SIEM architecture and data flow,Writing detection rules and correlation logic,Building monitoring dashboards,Alert triage and tuning out noise,Reducing false positives,SIEM detection build lab,SOC tiers and escalation paths,The alert triage process,"Ticketing, tracking and handover",Runbooks and standard operating procedures,Shift discipline and documentation,Simulated SOC shift exercise,The incident response lifecycle,"Detection, containment and eradication",Recovery and return to service,Communication during an incident,Post-incident review and lessons learned,Incident response tabletop exercise,Evidence handling and chain of custody,Disk and memory acquisition basics,Timeline reconstruction,Artefact analysis on Windows and Linux,Forensic reporting standards,Forensic investigation lab,Malware categories and behaviour,Safe analysis in an isolated sandbox,Phishing campaign anatomy,"Email authentication: SPF, DKIM, DMARC",User awareness and reporting culture,Phishing response lab,The shared responsibility model,Identity and access management in the cloud,Common cloud misconfigurations,"Storage, network and workload security",Cloud logging and monitoring,Cloud security review lab,Security policy and standards,Risk assessment and risk registers,Audit preparation and evidence,Data protection and privacy obligations,Business continuity and disaster recovery,Risk assessment project,End-to-end defensive security project,Assessing and hardening a target environment,Building detection and monitoring coverage,Responding to a simulated incident,Full written incident and risk report,Portfolio packaging of the capstone,Security analyst resume creation and optimization,Technical security interview preparation,Scenario and incident-handling tests,Behavioral interview training,LinkedIn networking for security professionals,1 year Placement Support for Top Fellows,,,,,,,,,,,,,,,,,,,,,,,,Security fundamentals portfolio and report samples,Clear roadmap for entry-level defensive security tracks,Practical understanding of safe digital risk management,Networking & Protocol Fundamentals,Linux & Systems Hardening,Security Operations Centre Workflows,Threat Detection & Log Monitoring,Incident Response & Reporting,200+ Hrs Security-Focused Content,300+ Hrs Live Lab Sessions,Practising Security Analysts as Mentors,CyberSecurity Job Placement Support,Round-the-Clock Assistance,CyberSecurity Curriculum Track,Skill Evaluation Tests,Learning Performance Analytics Dashboard,Professional Community Access,Self-Paced Learning Options,Global Alumni Community,Mock Interview Training,CyberSecurity Certificates,Advanced LMS Platform,Live Incident Response Case Studies,Linux,Networking,Web Safety,Monitoring,Reports,Incident Communication Under Pressure,Clear Security Reporting & Documentation,Risk Explanation for Non-Technical Stakeholders,Cross-Team Coordination During Incidents,Analytical Thinking & Investigative Discipline,Professional Networking & Relationship Building,Real-world Defensive Security Projects,SOC Monitoring & Alert Triage,Vulnerability Assessment & Reporting,Incident Response Simulations,Security Hardening & Configuration Reviews,Industry Mentorship by Practising Security Analysts,Program Investment,"₹1,65,000",Including GST,,,,,,,,,,,,,,,,,,,,,,,,,,,,,,,,,,,Security Mentor,,,,,,,,,,,,,,,,,,,,,,,,,,,,,,,,,,,,,,,,,,,,,,
6a7176d9bc58f329a325e608,programs,6a6061e97bfcf05ac32c3e35,7,6a6061e97bfcf05ac32c3e35,,,,,,,,,,,,,,,,,backend-engineering,published,2026-07-22T06:23:37.469Z,,false,7,,,,6a60a17c20a2dec57e15dec5,7,,,,,,,,,,,,,,,,,PG Program in Backend Development Engineering,"Master server-side development, databases, APIs, authentication, deployment workflows, and scalable backend architecture.",,,false,2026-07-22T06:23:37.473Z,2026-07-29T06:04:34.470Z,true,6a6061e97bfcf05ac32c3e35,6a708ec07c0778d2b1fdc62a,,2026-08-04T05:21:29.982Z,0,PG Program in Backend Development Engineering,PG Program in Backend Development Engineering,,Become a Backend Development Engineer,Engineering,"Master server-side development, databases, APIs, authentication, deployment workflows, and scalable backend architecture.","Master server-side engineering — REST APIs, databases, authentication, deployment and scalable architecture — on production-style projects that stand up in a developer portfolio.",6 Months,,Live Online,"Freshers, Graduates, Experienced",,,,,,,,,"Node.js, Express APIs, databases, authentication and deployment",Backend architecture with clean routing and secure data handling,Production-style projects for developer portfolios,,"A comprehensive curriculum designed by industry experts combining JavaScript, Node.js, Express, SQL and NoSQL databases, authentication, testing, Docker and cloud deployment. Master API design, system architecture and production readiness with hands-on projects.","This PG Program in Backend Development Engineering equips you with API design, database, authentication, testing and deployment skills through production-style projects and expert guidance.","10,000+",30+,"₹1,70,000",,"3, 6, 9 & 12 months (No Cost EMIs)",7-Day Money Back Guarantee,"July 18, 2026",Few seats left,,Industry-Aligned,Enrolling Now,100% Placement Assurance,,JavaScript backend foundations and REST API design,"Database modeling, authentication and authorization","Deployment, environment variables and production readiness",1,2,3,4,5,6,7,8,9,10,11,12,13,14,15,16,17,18,19,20,21,Introduction to Backend Engineering,JavaScript & TypeScript Foundations,Node.js Fundamentals,Building APIs with Express,REST API Design,SQL Databases,NoSQL & MongoDB,ORMs & Data Access Layers,Authentication & Authorization,API Security,Testing Backend Systems,Caching & Performance,Asynchronous Processing & Queues,Real-Time Backends,Microservices & System Architecture,Docker & Containerisation,Cloud Deployment & DevOps,Observability & Production Operations,Scalability & System Design,Backend Engineering Capstone Project,Engineering Career Readiness & Interview Prep,,,,,,,,,,,,,,,,,,,,,,What backend engineers own in a product,Client-server architecture explained,How a request travels end to end,Backend languages and runtimes compared,Career paths in backend and platform teams,Industry trends and outlook,Modern JavaScript syntax and semantics,"Closures, scope and the event loop","Promises, async/await and error handling",Modules and package management with npm,"TypeScript types, interfaces and generics",Language foundations exercise set,The Node runtime and event loop in practice,"Core modules: fs, path, http, events",Streams and buffers,Environment configuration and secrets,Debugging and profiling Node applications,First Node service build,"Routing, controllers and middleware",Request parsing and response shaping,Centralised error handling,Project structure that scales,Logging and request tracing,REST API build project,Resource modeling and URL design,HTTP methods and status codes used correctly,"Pagination, filtering and sorting",Versioning strategies,OpenAPI documentation,API design review exercise,Relational modeling and normalisation,PostgreSQL setup and core SQL,"Joins, aggregations and subqueries",Indexes and query performance,Transactions and ACID guarantees,Relational database project,Document databases versus relational,MongoDB schema design patterns,CRUD operations and the aggregation pipeline,Indexing in MongoDB,Embedding versus referencing,MongoDB-backed service project,ORM concepts and trade-offs,"Prisma, Sequelize and Mongoose in practice",Migrations and schema evolution,Repository pattern and data access separation,Seeding and test data management,Data layer refactor exercise,Password hashing done properly,Session-based versus token-based auth,"JWT issuance, refresh and revocation",OAuth 2.0 and third-party login,Role and permission based access control,Complete auth system project,The OWASP API Security Top 10,Input validation and injection prevention,Rate limiting and abuse protection,"CORS, CSRF and secure headers",Secrets management and key rotation,API hardening lab,Unit testing with Jest,Integration testing against a real database,API contract testing with Supertest,"Mocking, stubbing and fixtures","Coverage, flakiness and test discipline",Test suite build project,Where latency actually comes from,Redis fundamentals and data types,Cache strategies and invalidation,Database query optimisation,Load testing and benchmarking,Performance tuning exercise,When to move work out of the request path,Message queues and job workers,BullMQ and RabbitMQ concepts,"Retries, dead letter queues and idempotency",Scheduled and recurring jobs,Background processing project,WebSockets versus polling,Socket.IO event architecture,Server-sent events and streaming,Scaling real-time connections,"Presence, rooms and broadcast patterns",Real-time feature project,Monolith versus microservices trade-offs,Service boundaries and communication,API gateways and service discovery,Event-driven architecture basics,Distributed system failure modes,Architecture design exercise,"Images, containers and layers",Writing an efficient Dockerfile,Docker Compose for local environments,Container networking and volumes,Container security basics,Containerised application project,"Deploying to AWS, Render or Railway",Environment configuration across stages,CI/CD pipelines with GitHub Actions,Zero-downtime deploys and rollbacks,Infrastructure basics for backend engineers,Full deployment pipeline project,Structured logging that helps at 3am,"Metrics, dashboards and alerting",Distributed tracing fundamentals,Health checks and graceful shutdown,Incident response for backend services,Observability instrumentation lab,Horizontal versus vertical scaling,Load balancing strategies,Database replication and sharding,"Consistency, availability and partition trade-offs",Designing systems at interview whiteboard level,System design case study,End-to-end production-style backend build,"Requirements, data model and API contract",Implementation with tests and security,Containerised deployment to the cloud,Documentation and architecture write-up,Portfolio packaging of the capstone,Developer resume creation and optimization,Data structures and algorithms preparation,System design interview training,Behavioral interview training,GitHub and LinkedIn portfolio for engineers,1 year Placement Support for Top Fellows,,,,,,,,,,,,,,,,,,,,,,,,Backend API project portfolio,Interview preparation for backend developer roles,Confidence with real deployment and database workflows,REST & API Design Mastery,Node.js & Express Development,SQL & NoSQL Database Modeling,Authentication & Authorization,Docker & Cloud Deployment,200+ Hrs Engineering-Focused Content,300+ Hrs Live Coding Sessions,Working Backend Engineers as Mentors,Backend Engineering Job Placement Support,Round-the-Clock Assistance,Backend Engineering Curriculum Track,Skill Evaluation Tests,Learning Performance Analytics Dashboard,Professional Community Access,Self-Paced Learning Options,Global Alumni Community,Mock Interview Training,Backend Engineering Certificates,Advanced LMS Platform,Live System Design Case Studies,Node.js,Express,MongoDB,SQL,Auth,Technical Documentation & API Communication,Code Review & Constructive Feedback,Debugging & Systematic Problem Solving,Cross-Functional Collaboration with Product & Frontend,Ownership & On-Call Responsibility,Professional Networking & Relationship Building,Real-world Backend Engineering Projects,Production-Style API Development,Database Design & Optimisation Work,Code Review & Pull Request Workflows,Deployment & Release Participation,Industry Mentorship by Working Backend Engineers,Program Investment,"₹1,70,000",Including GST,,,,,,,,,,,,,,,,,,,,,,,,,,,,,,,,,,,Engineering Mentor,,,,,,,,,,,,,,,,,,,,,,,,,,,,,,,,,,,,,,,,,,,,,,
6a718f78bc58f329a325ebae,programs,6a6061e97bfcf05ac32c3e0b,9,6a6061e97bfcf05ac32c3e0b,,,,,,,,,,,,,,,,,business-analytics,published,2026-07-22T06:23:37.054Z,,false,1,,,,6a706e412188a497eefd8214,9,,https://ik.imagekit.io/ojoijfoinsdnfoodsnf/careerveda/programs/Business_analytics_images-4145ed42.jpg,,,Post Graduate Program in Business Analytics with Generative AI,,,,,,,,,,,,Post Graduate Program in Business Analytics with Generative AI,"Build a successful career in Business Analytics by mastering in-demand analytical tools, Generative AI, and real-world business problem-solving. Learn…",,,false,2026-07-22T06:23:37.059Z,2026-08-03T13:15:44.358Z,true,6a6061e97bfcf05ac32c3e0b,6a708ec07c0778d2b1fdc62a,,2026-08-04T07:06:32.697Z,0,Post Graduate Program in Business Analytics with Generative AI,Post Graduate Program in Business Analytics with Generative AI,,Become a Business Analyst with AI Skills,Analytics,"Build a successful career in Business Analytics by mastering in-demand analytical tools, Generative AI, and real-world business problem-solving. Learn through live mentor-led sessions, hands-on projects, industry case studies, and career-focused training designed to make you job-ready.","Master business analytics end to end — Excel, SQL, Power BI, Tableau, Python and applied AI — and learn to turn business questions into dashboards and decisions that stakeholders act on.",6 Months,,Live Online,"Freshers, Graduates, Experienced",,,,,,,,,"Excel, SQL, Python, Power BI and Generative AI workflows",25+ business analytics projects and case studies,"Dashboard storytelling, KPI analysis and stakeholder reporting",,"A comprehensive curriculum designed by industry experts combining Excel, SQL, Power BI, Tableau, Python and Generative AI. Master KPI frameworks, dashboard storytelling, predictive analysis and stakeholder reporting with hands-on projects.","This PG Program in Business Analytics equips you with Excel, SQL, Power BI, Tableau and Python skills, and the business judgement to turn data into decisions, through real-world projects and expert guidance.","10,000+",30+,"₹1,25,000",,"3, 6, 9 & 12 months (No Cost EMIs)",7-Day Money Back Guarantee,"August 7th, 2026",Few seats left,,Industry-Aligned,Enrolling Now,100% Placement Assurance,,"Data cleaning, business metrics and exploratory analysis","SQL queries, spreadsheet modeling and dashboard creation",AI-assisted reporting and executive insight presentation,1,2,3,4,5,6,7,8,9,10,11,12,13,14,15,16,17,18,19,20,21,Introduction to Business Analytics,Excel for Business Analysis,Advanced Excel & Spreadsheet Modeling,Business Statistics Foundations,Data Cleaning & Preparation,SQL Fundamentals for Analysts,Advanced SQL & Query Optimisation,Data Modeling for Reporting,Power BI Fundamentals,Advanced Power BI & DAX,Tableau for Visual Analytics,Dashboard Design & Data Storytelling,Python for Business Analytics,Exploratory Data Analysis,Business Metrics & KPI Frameworks,Marketing & Sales Analytics,Finance & Operations Analytics,Predictive Analytics for Business,Generative AI for Analysts,Business Analytics Capstone Project,Analytics Career Readiness & Interview Prep,,,,,,,,,,,,,,,,,,,,,,What business analytics is and where it sits in a company,"Descriptive, diagnostic, predictive and prescriptive analysis",The analytics workflow from question to decision,"Roles: business analyst, data analyst, BI analyst",Tooling landscape and when to use what,Industry trends and outlook,Spreadsheet structure and clean data entry,"Core formulas: logical, text and date functions","Lookup functions: VLOOKUP, XLOOKUP, INDEX-MATCH",PivotTables and PivotCharts,Conditional formatting for exception reporting,Building a first business summary report,Dynamic arrays and modern Excel functions,Power Query for repeatable data cleaning,"Scenario analysis, Goal Seek and Solver",What-if models and sensitivity tables,Dashboard construction in Excel,Spreadsheet modeling project,Descriptive statistics and distributions,"Sampling, variance and confidence intervals",Correlation versus causation in business data,Hypothesis testing for business questions,A/B testing fundamentals,Reading and challenging statistical claims,Profiling a raw dataset before analysis,Handling missing values and duplicates,Outlier detection and treatment,"Standardising formats, types and categories",Joining and reconciling multiple sources,Documenting data quality assumptions,Relational database concepts,"SELECT, WHERE, ORDER BY and LIMIT",Aggregations with GROUP BY and HAVING,"Joins: inner, left, right and full",Subqueries and common table expressions,Writing a business reporting query set,Window functions for running and ranked metrics,Cohort and retention queries,Date and time series aggregation patterns,Query performance and indexing basics,Reusable views and reporting layers,Advanced SQL case study,Star and snowflake schema concepts,"Facts, dimensions and grain",Normalisation versus reporting-friendly models,Designing a model for a business domain,Relationships and cardinality pitfalls,Data dictionary and documentation,Connecting and transforming data sources,The Power BI data model,Core visuals and report pages,"Filters, slicers and drill-through",Publishing and sharing reports,First Power BI report build,DAX calculated columns versus measures,Filter context and row context,"Time intelligence: YoY, MTD, rolling averages",CALCULATE and context modification,Performance tuning of models and visuals,Executive dashboard project,Tableau workspace and data connections,"Dimensions, measures and calculated fields","Building charts, maps and dual axes","Dashboards, actions and interactivity",Level of detail expressions,Tableau dashboard project,Choosing the right chart for the question,Visual hierarchy and dashboard layout,"Colour, accessibility and chart integrity",Narrative structure for an analytics presentation,"Writing insight, not description",Presenting findings to stakeholders,Python essentials for analysts,pandas DataFrames and data manipulation,"Grouping, merging and reshaping data",Automating recurring reports,Plotting with matplotlib and seaborn,Python analysis notebook project,Framing an exploratory question,Univariate and bivariate exploration,Segmentation and cohort views,Identifying drivers behind a metric move,Communicating uncertainty honestly,Complete EDA case study,Defining metrics that map to business goals,Leading versus lagging indicators,North star metrics and metric trees,"Funnel, retention and unit economics metrics",Avoiding vanity and gameable metrics,Designing a KPI framework for a business,Acquisition funnel and channel analysis,Campaign performance and attribution basics,Customer lifetime value and CAC,Sales pipeline and conversion analysis,Segmentation and targeting analysis,Marketing analytics project,"Revenue, cost and margin analysis",Budget versus actual variance reporting,Forecasting demand and capacity,Inventory and supply chain metrics,Process efficiency and bottleneck analysis,Operations analytics case study,When prediction helps a business decision,Regression for forecasting and driver analysis,Classification for churn and propensity,Time series forecasting fundamentals,Evaluating and communicating model quality,Predictive analytics project,Where GenAI genuinely speeds up analysis,"Prompting for SQL, formulas and code",AI-assisted data cleaning and documentation,Summarising findings and drafting reports,Verifying AI output and avoiding false confidence,AI-assisted analytics workflow project,End-to-end project on a real business dataset,Problem framing and metric definition,"Analysis, modeling and dashboard build",Insight write-up with recommendations,Stakeholder presentation and defence,Portfolio packaging of the capstone,Analyst resume creation and optimization,SQL and case-study interview preparation,Take-home assignment and dashboard tests,Behavioral interview training,LinkedIn networking for analytics professionals,1 year Placement Support for Top Fellows,,,,,,,,,,,,,,,,,,,,,,,,Business analyst project portfolio,Interview readiness for analytics roles,Confidence with business data and dashboards,Excel & Spreadsheet Modeling,SQL for Business Reporting,Power BI & DAX Mastery,Tableau Visual Analytics,Python for Data Analysis,200+ Hrs Analytics-Focused Content,300+ Hrs Live Case Sessions,Practising Analysts as Mentors,Business Analytics Job Placement Support,Round-the-Clock Assistance,Business Analytics Curriculum Track,Skill Evaluation Tests,Learning Performance Analytics Dashboard,Professional Community Access,Self-Paced Learning Options,Global Alumni Community,Mock Interview Training,Business Analytics Certificates,Advanced LMS Platform,Live Business Case Studies,Excel,SQL,Python,Power BI,Gen AI,Stakeholder Presentation & Reporting Skills,Data Storytelling & Communication,Requirement Gathering & Questioning,Cross-Functional Collaboration,Business Acumen & Strategic Thinking,Professional Networking & Relationship Building,Real-world Business Analytics Projects,Dashboard & Reporting Build-Outs,KPI Framework Design for Live Businesses,Stakeholder Insight Presentations,A/B Test and Experiment Analysis,Industry Mentorship by Practising Analysts,Program Investment,"₹1,25,000",Including GST,,,,,,,,,,,,,,,,,,,,,,,,,,,,,,,,,,,Expert Mentor,,,,,,,,,,,,,,,,,,,,,,,,,,,,,,,,,,,,,,,,,,,,,,
6a7191036c4fb6fb7a241ded,alumni,6a6061ea7bfcf05ac32c3e55,9,6a6061ea7bfcf05ac32c3e55,Anjali Singh,,Product Owner at Amazon,,,,,,,,220% Hike,Achieved rapid professional growth from 5 LPA to 16 LPA through product leadership and execution skills.,"Demonstrated rapid professional growth as a Product Owner by leading successful product initiatives, improving delivery processes, and achieving a 220% salary increase from 5 LPA to 16 LPA",,#c2410c,#b45309,anjali-singh,published,2026-07-22T06:23:38.013Z,,true,2,,,,6a60a17c20a2dec57e15dec5,9,,https://ik.imagekit.io/ojoijfoinsdnfoodsnf/careerveda/alumni/Achiever5-09021396.jpg,,,Anjali Singh,,,,,,,,,,,,Anjali Singh,Achieved rapid professional growth from 5 LPA to 16 LPA through product leadership and execution skills.,,,false,2026-07-22T06:23:38.014Z,2026-07-29T10:27:57.961Z,true,6a6061ea7bfcf05ac32c3e55,6a60a17c20a2dec57e15dec5,,2026-08-04T07:13:07.474Z,0,,,,,,,,,,,,,,,,,,,,,,,,,,,,,,,,,,,,,,,,,,,,,,,,,,,,,,,,,,,,,,,,,,,,,,,,,,,,,,,,,,,,,,,,,,,,,,,,,,,,,,,,,,,,,,,,,,,,,,,,,,,,,,,,,,,,,,,,,,,,,,,,,,,,,,,,,,,,,,,,,,,,,,,,,,,,,,,,,,,,,,,,,,,,,,,,,,,,,,,,,,,,,,,,,,,,,,,,,,,,,,,,,,,,,,,,,,,,,,,,,,,,,,,,,,,,,,,,,,,,,,,,,,,,,,,,,,,,,,,,,,,,,,,,,,,,,,,,,,,,,,,,,,,,,,,,,,,,,,,,,,,,,,,,true,,,,,,,,,,,,,,,,,,,,,,,,,,,,,,,,,,,,,,,,,,,,,,,,,
6a719226bc58f329a325ed65,alumni,6a6061e97bfcf05ac32c3e52,10,6a6061e97bfcf05ac32c3e52,Syed Arif,,Product Manager at Razorpay,,,,,,,,118% Hike,Built strategic product thinking and secured a high-growth fintech product role.,"Syed Arif successfully transitioned into a Product Manager role at Razorpay with an outstanding 118% salary hike, demonstrating exceptional professional growth and career advancement. Through continuous learning, strategic product thinking, and strong problem-solving abilities, he enhanced his expertise in product management and secured an opportunity with one of India's leading fintech Companies. His journey reflects dedication, innovation, and the ability to achieve remarkable careertransformation.",,#2563eb,#4338ca,syed-arif,published,2026-07-22T06:23:37.953Z,,true,1,,,,6a60a17c20a2dec57e15dec5,10,,https://ik.imagekit.io/ojoijfoinsdnfoodsnf/careerveda/alumni/SYED-ARIF-b2eea077.jpg,,,Syed Arif,,,,,,,,,,,,Syed Arif,Built strategic product thinking and secured a high-growth fintech product role.,,,false,2026-07-22T06:23:37.954Z,2026-07-29T11:03:39.225Z,true,6a6061e97bfcf05ac32c3e52,6a708ec07c0778d2b1fdc62a,,2026-08-04T07:17:58.006Z,0,,,,,,,,,,,,,,,,,,,,,,,,,,,,,,,,,,,,,,,,,,,,,,,,,,,,,,,,,,,,,,,,,,,,,,,,,,,,,,,,,,,,,,,,,,,,,,,,,,,,,,,,,,,,,,,,,,,,,,,,,,,,,,,,,,,,,,,,,,,,,,,,,,,,,,,,,,,,,,,,,,,,,,,,,,,,,,,,,,,,,,,,,,,,,,,,,,,,,,,,,,,,,,,,,,,,,,,,,,,,,,,,,,,,,,,,,,,,,,,,,,,,,,,,,,,,,,,,,,,,,,,,,,,,,,,,,,,,,,,,,,,,,,,,,,,,,,,,,,,,,,,,,,,,,,,,,,,,,,,,,,,,,,,,true,,,,,,,,,,,,,,,,,,,,,,,,,,,,,,,,,,,,,,,,,,,,,,,,,
6a71e25fd649ae2d555f9793,alumni,6a6061e97bfcf05ac32c3e52,12,6a6061e97bfcf05ac32c3e52,Syed Arif,,Product Manager at Razorpay,,,,,,,,118% Hike,Built strategic product thinking and secured a high-growth fintech product role.,Built strategic product thinking and secured a high-growth fintech product role.,,#2563eb,#4338ca,syed-arif,published,2026-07-22T06:23:37.953Z,,true,1,,,,6a708ec07c0778d2b1fdc62a,12,,https://ik.imagekit.io/ojoijfoinsdnfoodsnf/careerveda/alumni/SYED-ARIF-b2eea077.jpg,,,Syed Arif,,,,,,,,,,,,Syed Arif,Built strategic product thinking and secured a high-growth fintech product role.,,,false,2026-07-22T06:23:37.954Z,2026-08-04T08:18:37.325Z,true,6a6061e97bfcf05ac32c3e52,6a60a17c20a2dec57e15dec5,,2026-08-04T13:00:15.659Z,0,,,,,,,,,,,,,,,,,,,,,,,,,,,,,,,,,,,,,,,,,,,,,,,,,,,,,,,,,,,,,,,,,,,,,,,,,,,,,,,,,,,,,,,,,,,,,,,,,,,,,,,,,,,,,,,,,,,,,,,,,,,,,,,,,,,,,,,,,,,,,,,,,,,,,,,,,,,,,,,,,,,,,,,,,,,,,,,,,,,,,,,,,,,,,,,,,,,,,,,,,,,,,,,,,,,,,,,,,,,,,,,,,,,,,,,,,,,,,,,,,,,,,,,,,,,,,,,,,,,,,,,,,,,,,,,,,,,,,,,,,,,,,,,,,,,,,,,,,,,,,,,,,,,,,,,,,,,,,,,,,,,,,,,,true,,,,,,,,,,,,,,,,,,,,,,,,,,,,,,,,,,,,,,,,,,,,,,,,,
6a71e274714c9463432bacfd,alumni,6a6061e97bfcf05ac32c3e52,13,6a6061e97bfcf05ac32c3e52,Syed Arif,,Product Manager at Razorpay,,,,,,,,118% Hike,Built strategic product thinking and secured a high-growth fintech product role.,"My journey into Product Management started with a simple curiosity—how are products built, and what makes them valuable to users?As I explored the field, I became passionate about understanding customer problems and building meaningful solutions. The Product Management Program at CareerVeda helped me strengthen my skills in product strategy, customer-centric thinking, and practical problem-solving.",,#2563eb,#4338ca,syed-arif,published,2026-07-22T06:23:37.953Z,,true,1,,,,6a60a17c20a2dec57e15dec5,13,,https://ik.imagekit.io/ojoijfoinsdnfoodsnf/careerveda/alumni/SYED-ARIF-b2eea077.jpg,,,Syed Arif,,,,,,,,,,,,Syed Arif,Built strategic product thinking and secured a high-growth fintech product role.,,,false,2026-07-22T06:23:37.954Z,2026-08-04T13:00:15.753Z,true,6a6061e97bfcf05ac32c3e52,6a60a17c20a2dec57e15dec5,,2026-08-04T13:00:36.741Z,0,,,,,,,,,,,,,,,,,,,,,,,,,,,,,,,,,,,,,,,,,,,,,,,,,,,,,,,,,,,,,,,,,,,,,,,,,,,,,,,,,,,,,,,,,,,,,,,,,,,,,,,,,,,,,,,,,,,,,,,,,,,,,,,,,,,,,,,,,,,,,,,,,,,,,,,,,,,,,,,,,,,,,,,,,,,,,,,,,,,,,,,,,,,,,,,,,,,,,,,,,,,,,,,,,,,,,,,,,,,,,,,,,,,,,,,,,,,,,,,,,,,,,,,,,,,,,,,,,,,,,,,,,,,,,,,,,,,,,,,,,,,,,,,,,,,,,,,,,,,,,,,,,,,,,,,,,,,,,,,,,,,,,,,,true,,,,,,,,,,,,,,,,,,,,,,,,,,,,,,,,,,,,,,,,,,,,,,,,,
6a71e32d714c9463432bad3d,alumni,6a6061ea7bfcf05ac32c3e55,11,6a6061ea7bfcf05ac32c3e55,Anjali Singh,,Product Owner at Amazon,,,,,,,,220% Hike,Achieved rapid professional growth from 5 LPA to 16 LPA through product leadership and execution skills.,Achieved rapid professional growth from 5 LPA to 16 LPA through product leadership and execution skills.,,#c2410c,#b45309,anjali-singh,published,2026-07-22T06:23:38.013Z,,true,2,,,,6a60a17c20a2dec57e15dec5,11,,https://ik.imagekit.io/ojoijfoinsdnfoodsnf/careerveda/alumni/Achiever5-09021396.jpg,,,Anjali Singh,,,,,,,,,,,,Anjali Singh,Achieved rapid professional growth from 5 LPA to 16 LPA through product leadership and execution skills.,,,false,2026-07-22T06:23:38.014Z,2026-08-04T08:18:37.383Z,true,6a6061ea7bfcf05ac32c3e55,6a60a17c20a2dec57e15dec5,,2026-08-04T13:03:41.926Z,0,,,,,,,,,,,,,,,,,,,,,,,,,,,,,,,,,,,,,,,,,,,,,,,,,,,,,,,,,,,,,,,,,,,,,,,,,,,,,,,,,,,,,,,,,,,,,,,,,,,,,,,,,,,,,,,,,,,,,,,,,,,,,,,,,,,,,,,,,,,,,,,,,,,,,,,,,,,,,,,,,,,,,,,,,,,,,,,,,,,,,,,,,,,,,,,,,,,,,,,,,,,,,,,,,,,,,,,,,,,,,,,,,,,,,,,,,,,,,,,,,,,,,,,,,,,,,,,,,,,,,,,,,,,,,,,,,,,,,,,,,,,,,,,,,,,,,,,,,,,,,,,,,,,,,,,,,,,,,,,,,,,,,,,,true,,,,,,,,,,,,,,,,,,,,,,,,,,,,,,,,,,,,,,,,,,,,,,,,,
6a71e441714c9463432badd6,alumni,6a6061e97bfcf05ac32c3e52,14,6a6061e97bfcf05ac32c3e52,Syed Arif,,Product Manager at Razorpay,,,,,,,,118% Hike,Built strategic product thinking and secured a high-growth fintech product role.,"My journey into Product Management started with a simple curiosity—how are products built, and what makes them valuable to users? As I explored the field, I became passionate about understanding customer problems and building meaningful solutions. The Product Management Program at CareerVeda helped me strengthen my skills in product strategy, customer-centric thinking, and practical problem-solving.",,#2563eb,#4338ca,syed-arif,published,2026-07-22T06:23:37.953Z,,true,1,,,,6a60a17c20a2dec57e15dec5,14,,https://ik.imagekit.io/ojoijfoinsdnfoodsnf/careerveda/alumni/SYED-ARIF-b2eea077.jpg,,,Syed Arif,,,,,,,,,,,,Syed Arif,Built strategic product thinking and secured a high-growth fintech product role.,,,false,2026-07-22T06:23:37.954Z,2026-08-04T13:00:36.883Z,true,6a6061e97bfcf05ac32c3e52,6a60a17c20a2dec57e15dec5,,2026-08-04T13:08:17.886Z,0,,,,,,,,,,,,,,,,,,,,,,,,,,,,,,,,,,,,,,,,,,,,,,,,,,,,,,,,,,,,,,,,,,,,,,,,,,,,,,,,,,,,,,,,,,,,,,,,,,,,,,,,,,,,,,,,,,,,,,,,,,,,,,,,,,,,,,,,,,,,,,,,,,,,,,,,,,,,,,,,,,,,,,,,,,,,,,,,,,,,,,,,,,,,,,,,,,,,,,,,,,,,,,,,,,,,,,,,,,,,,,,,,,,,,,,,,,,,,,,,,,,,,,,,,,,,,,,,,,,,,,,,,,,,,,,,,,,,,,,,,,,,,,,,,,,,,,,,,,,,,,,,,,,,,,,,,,,,,,,,,,,,,,,,true,,,,,,,,,,,,,,,,,,,,,,,,,,,,,,,,,,,,,,,,,,,,,,,,,
6a71e462714c9463432bae00,alumni,6a6061ea7bfcf05ac32c3e55,12,6a6061ea7bfcf05ac32c3e55,Anjali Singh,,Product Owner at Amazon,,,,,,,,220% Hike,Achieved rapid professional growth from 5 LPA to 16 LPA through product leadership and execution skills.,"My journey into Product Management began with a growing interest in understanding customer needs, solving business problems, and building products that create real value. My experience as a Business Analyst at GoKwik gave me valuable exposure to data, business strategy, and customer-focused decision-making. As I explored Product Management further, the Product Management Program at CareerVeda helped me strengthen my understanding of product development, market research, Agile practices, and product strategy. Today, I’m working as an Associate Product Manager at Amazon, where I continue to learn, take on new challenges, and grow every day.",,#c2410c,#b45309,anjali-singh,published,2026-07-22T06:23:38.013Z,,true,2,,,,6a60a17c20a2dec57e15dec5,12,,https://ik.imagekit.io/ojoijfoinsdnfoodsnf/careerveda/alumni/Achiever5-09021396.jpg,,,Anjali Singh,,,,,,,,,,,,Anjali Singh,Achieved rapid professional growth from 5 LPA to 16 LPA through product leadership and execution skills.,,,false,2026-07-22T06:23:38.014Z,2026-08-04T13:03:41.998Z,true,6a6061ea7bfcf05ac32c3e55,6a60a17c20a2dec57e15dec5,,2026-08-04T13:08:50.112Z,0,,,,,,,,,,,,,,,,,,,,,,,,,,,,,,,,,,,,,,,,,,,,,,,,,,,,,,,,,,,,,,,,,,,,,,,,,,,,,,,,,,,,,,,,,,,,,,,,,,,,,,,,,,,,,,,,,,,,,,,,,,,,,,,,,,,,,,,,,,,,,,,,,,,,,,,,,,,,,,,,,,,,,,,,,,,,,,,,,,,,,,,,,,,,,,,,,,,,,,,,,,,,,,,,,,,,,,,,,,,,,,,,,,,,,,,,,,,,,,,,,,,,,,,,,,,,,,,,,,,,,,,,,,,,,,,,,,,,,,,,,,,,,,,,,,,,,,,,,,,,,,,,,,,,,,,,,,,,,,,,,,,,,,,,true,,,,,,,,,,,,,,,,,,,,,,,,,,,,,,,,,,,,,,,,,,,,,,,,,
6a72ed462402e4ed9dae50ea,faculty,6a6061e97bfcf05ac32c3e3e,9,6a6061e97bfcf05ac32c3e3e,Antriksh Kumar,,,,,,,,,,,,,,,,antriksh-kumar,published,2026-07-22T06:23:37.627Z,,false,1,,,,6a60a17c20a2dec57e15dec5,9,,,,,,,,,,,,,,,,,Antriksh Kumar,Sr. Data Analyst at Capgemini,,,false,2026-07-22T06:23:37.629Z,2026-08-04T08:18:36.792Z,true,6a6061e97bfcf05ac32c3e3e,6a708ec07c0778d2b1fdc62a,,2026-08-05T07:59:02.569Z,0,,,,,,,,,,,,,,,,,,,,,,,,,,,,,,,,,,,,,,,,,,,,,,,,,,,,,,,,,,,,,,,,,,,,,,,,,,,,,,,,,,,,,,,,,,,,,,,,,,,,,,,,,,,,,,,,,,,,,,,,,,,,,,,,,,,,,,,,,,,,,,,,,,,,,,,,,,,,,,,,,,,,,,,,,,,,,,,,,,,,,,,,,,,,,,,,,,,,,,,,,,,,,,,,,,,,,,,,,,,,,,,,,,,,,,,,,,,,,,,,,,,,,,,,,,,,,,,,,,,,,,,,,,,,,,,,,,,,,,,,,,,,,,,,,,,,,,,,,,,,,,,,,,,,,,,,,,,,,,,,,,,,,,,,,,,,,Analytics,Sr. Data Analyst at Capgemini,,Data Analyst with 15+ years of experience in data engineering and analytics at Capgemini.,,,,,,https://ik.imagekit.io/ojoijfoinsdnfoodsnf/careerveda/faculty/faculty2-93539455.jpg?updatedAt=1784010443180,,,Antriksh Kumar,,,,,,,,,,,,,,,,,,,,,,,,,,,,,,,,
6a72ed652402e4ed9dae50fd,faculty,6a6061e97bfcf05ac32c3e3e,10,6a6061e97bfcf05ac32c3e3e,Antriksh Kumar,,,,,,,,,,,,,,,,antriksh-kumar,published,2026-07-22T06:23:37.627Z,,false,1,,,,6a708ec07c0778d2b1fdc62a,10,,,,,,,,,,,,,,,,,Antriksh Kumar,Sr. Data Analyst at Capgemini,,,false,2026-07-22T06:23:37.629Z,2026-08-05T07:59:03.053Z,true,6a6061e97bfcf05ac32c3e3e,6a708ec07c0778d2b1fdc62a,,2026-08-05T07:59:33.322Z,0,,,,,,"Antriksh Kumar is a Senior Data Analyst with over 15 years of experience in data engineering and analytics. He specializes in SQL, AWS, ETL pipelines, and data modeling, helping organizations build scalable data solutions and derive actionable business insights.",,,,,,,,,,,,,,,,,,,,,,,,,,,,,,,,,,,,,,,,,,,,,,,,,,,,,,,,,,,,,,,,,,,,,,,,,,,,,,,,,,,,,,,,,,,,,,,,,,,,,,,,,,,,,,,,,,,,,,,,,,,,,,,,,,,,,,,,,,,,,,,,,,,,,,,,,,,,,,,,,,,,,,,,,,,,,,,,,,,,,,,,,,,,,,,,,,,,,,,,,,,,,,,,,,,,,,,,,,,,,,,,,,,,,,,,,,,,,,,,,,,,,,,,,,,,,,,,,,,,,,,,,,,,,,,,,,,,,,,,,,,,,,,,,,,,,,,,,,,,,,,,,,,,,,,,,,,,,,,,,,,,,,,Analytics,Sr. Data Analyst at Capgemini,,Data Analyst with 15+ years of experience in data engineering and analytics at Capgemini.,,B.Tech,15+ Years,Data AnalyticsData EngineeringSQLAWSETL PipelinesData Modeling,,https://ik.imagekit.io/ojoijfoinsdnfoodsnf/careerveda/faculty/faculty2-93539455.jpg?updatedAt=1784010443180,,,Antriksh Kumar,,,,,,,,,,,,,,,,,,,,15+ years of experience in data engineering and analytics,Senior Data Analyst at Capgemini,Expertise in designing and managing ETL pipelines,Strong background in cloud-based data solutions using AWS,Experienced in data modeling and database optimization,SQL,AWS,ETL Pipeline Development,Data Modeling,Data Analytics,Database Management,Data Warehousing,Business Intelligence & Reporting
6a72edce2402e4ed9dae5118,faculty,6a6061e97bfcf05ac32c3e3e,11,6a6061e97bfcf05ac32c3e3e,Antriksh Kumar,,,,,,,,,,,,,,,,antriksh-kumar,published,2026-07-22T06:23:37.627Z,,false,1,,,,6a708ec07c0778d2b1fdc62a,11,,,,,,,,,,,,,,,,,Antriksh Kumar,Sr. Data Analyst at Capgemini,,,false,2026-07-22T06:23:37.629Z,2026-08-05T07:59:33.814Z,true,6a6061e97bfcf05ac32c3e3e,6a708ec07c0778d2b1fdc62a,,2026-08-05T08:01:18.655Z,0,,,,,,"Antriksh Kumar is a Senior Data Analyst with over 15 years of experience in data engineering and analytics. He specializes in SQL, AWS, ETL pipelines, and data modeling, helping organizations build scalable data solutions and derive actionable business insights.",,,,,,,,,,,,,,,,,,,,,,,,,,,,,,,,,,,,,,,,,,,,,,,,,,,,,,,,,,,,,,,,,,,,,,,,,,,,,,,,,,,,,,,,,,,,,,,,,,,,,,,,,,,,,,,,,,,,,,,,,,,,,,,,,,,,,,,,,,,,,,,,,,,,,,,,,,,,,,,,,,,,,,,,,,,,,,,,,,,,,,,,,,,,,,,,,,,,,,,,,,,,,,,,,,,,,,,,,,,,,,,,,,,,,,,,,,,,,,,,,,,,,,,,,,,,,,,,,,,,,,,,,,,,,,,,,,,,,,,,,,,,,,,,,,,,,,,,,,,,,,,,,,,,,,,,,,,,,,,,,,,,,,,Analytics,Sr. Data Analyst at Capgemini,,Data Analyst with 15+ years of experience in data engineering and analytics at Capgemini.,,B.Tech,15+ Years,Data Analytics Data Engineering SQL AWS ETL Pipelines Data Modeling,,https://ik.imagekit.io/ojoijfoinsdnfoodsnf/careerveda/faculty/faculty2-93539455.jpg?updatedAt=1784010443180,,,Antriksh Kumar,,,,,,,,,,,,,,,,,,,,15+ years of experience in data engineering and analytics,Senior Data Analyst at Capgemini,Expertise in designing and managing ETL pipelines,Strong background in cloud-based data solutions using AWS,Experienced in data modeling and database optimization,SQL,AWS,ETL Pipeline Development,Data Modeling,Data Analytics,Database Management,Data Warehousing,Business Intelligence & Reporting
6a72ee492402e4ed9dae5156,faculty,6a6061e97bfcf05ac32c3e3e,12,6a6061e97bfcf05ac32c3e3e,Antriksh Kumar,,,,,,,,,,,,,,,,antriksh-kumar,published,2026-07-22T06:23:37.627Z,,false,1,,,,6a708ec07c0778d2b1fdc62a,12,,,,,,,,,,,,,,,,,Antriksh Kumar,Sr. Data Analyst at Capgemini,,,false,2026-07-22T06:23:37.629Z,2026-08-05T08:01:19.145Z,true,6a6061e97bfcf05ac32c3e3e,6a708ec07c0778d2b1fdc62a,,2026-08-05T08:03:21.266Z,0,,,,,,"Antriksh Kumar is a Senior Data Analyst with over 15 years of experience in data engineering and analytics. He specializes in SQL, AWS, ETL pipelines, and data modeling, helping organizations build scalable data solutions and derive actionable business insights.",,,,,,,,,,,,,,,,,,,,,,,,,,,,,,,,,,,,,,,,,,,,,,,,,,,,,,,,,,,,,,,,,,,,,,,,,,,,,,,,,,,,,,,,,,,,,,,,,,,,,,,,,,,,,,,,,,,,,,,,,,,,,,,,,,,,,,,,,,,,,,,,,,,,,,,,,,,,,,,,,,,,,,,,,,,,,,,,,,,,,,,,,,,,,,,,,,,,,,,,,,,,,,,,,,,,,,,,,,,,,,,,,,,,,,,,,,,,,,,,,,,,,,,,,,,,,,,,,,,,,,,,,,,,,,,,,,,,,,,,,,,,,,,,,,,,,,,,,,,,,,,,,,,,,,,,,,,,,,,,,,,,,,,Analytics,Sr. Data Analyst at Capgemini,,Data Analyst with 15+ years of experience in data engineering and analytics at Capgemini.,,B.Tech,15+ Years,Data Analytics  Data Engineering SQL AWS ETL Pipelines Data Modeling,,https://ik.imagekit.io/ojoijfoinsdnfoodsnf/careerveda/faculty/faculty2-93539455.jpg?updatedAt=1784010443180,,,Antriksh Kumar,,,,,,,,,,,,,,,,,,,,15+ years of experience in data engineering and analytics,Senior Data Analyst at Capgemini,Expertise in designing and managing ETL pipelines,Strong background in cloud-based data solutions using AWS,Experienced in data modeling and database optimization,SQL,AWS,ETL Pipeline Development,Data Modeling,Data Analytics,Database Management,Data Warehousing,Business Intelligence & Reporting
6a74179d2402e4ed9dae80c1,programs,6a6061e97bfcf05ac32c3e35,9,6a6061e97bfcf05ac32c3e35,,,,,,,,,,,,,,,,,backend-engineering,published,2026-07-22T06:23:37.469Z,,false,7,,,,6a708ec07c0778d2b1fdc62a,9,,,,,,,,,,,,,,,,,PG Program in Backend Development Engineering,"Master server-side development, databases, APIs, authentication, deployment workflows, and scalable backend architecture.",,,false,2026-07-22T06:23:37.473Z,2026-08-04T08:18:36.600Z,true,6a6061e97bfcf05ac32c3e35,6a708ec07c0778d2b1fdc62a,,2026-08-06T05:11:57.800Z,0,PG Program in Backend Development Engineering,PG Program in Backend Development Engineering,,Become a Backend Development Engineer,Engineering,"Master server-side development, databases, APIs, authentication, deployment workflows, and scalable backend architecture.","Master server-side engineering — REST APIs, databases, authentication, deployment and scalable architecture — on production-style projects that stand up in a developer portfolio.",6 Months,,Live Online,"Freshers, Graduates, Experienced",,,,,,,,,"Node.js, Express APIs, databases, authentication and deployment",Backend architecture with clean routing and secure data handling,Production-style projects for developer portfolios,,"A comprehensive curriculum designed by industry experts combining JavaScript, Node.js, Express, SQL and NoSQL databases, authentication, testing, Docker and cloud deployment. Master API design, system architecture and production readiness with hands-on projects.","This PG Program in Backend Development Engineering equips you with API design, database, authentication, testing and deployment skills through production-style projects and expert guidance.","10,000+",30+,"₹1,70,000",,"3, 6, 9 & 12 months (No Cost EMIs)",7-Day Money Back Guarantee,"July 18, 2026",Few seats left,,Industry-Aligned,Enrolling Now,100% Placement Assurance,,JavaScript backend foundations and REST API design,"Database modeling, authentication and authorization","Deployment, environment variables and production readiness",1,2,3,4,5,6,7,8,9,10,11,12,13,14,15,16,17,18,19,20,21,Introduction to Backend Engineering,JavaScript & TypeScript Foundations,Node.js Fundamentals,Building APIs with Express,REST API Design,SQL Databases,NoSQL & MongoDB,ORMs & Data Access Layers,Authentication & Authorization,API Security,Testing Backend Systems,Caching & Performance,Asynchronous Processing & Queues,Real-Time Backends,Microservices & System Architecture,Docker & Containerisation,Cloud Deployment & DevOps,Observability & Production Operations,Scalability & System Design,Backend Engineering Capstone Project,Engineering Career Readiness & Interview Prep,,,,,,,,,,,,,,,,,,,,,,What backend engineers own in a product,Client-server architecture explained,How a request travels end to end,Backend languages and runtimes compared,Career paths in backend and platform teams,Industry trends and outlook,Modern JavaScript syntax and semantics,"Closures, scope and the event loop","Promises, async/await and error handling",Modules and package management with npm,"TypeScript types, interfaces and generics",Language foundations exercise set,The Node runtime and event loop in practice,"Core modules: fs, path, http, events",Streams and buffers,Environment configuration and secrets,Debugging and profiling Node applications,First Node service build,"Routing, controllers and middleware",Request parsing and response shaping,Centralised error handling,Project structure that scales,Logging and request tracing,REST API build project,Resource modeling and URL design,HTTP methods and status codes used correctly,"Pagination, filtering and sorting",Versioning strategies,OpenAPI documentation,API design review exercise,Relational modeling and normalisation,PostgreSQL setup and core SQL,"Joins, aggregations and subqueries",Indexes and query performance,Transactions and ACID guarantees,Relational database project,Document databases versus relational,MongoDB schema design patterns,CRUD operations and the aggregation pipeline,Indexing in MongoDB,Embedding versus referencing,MongoDB-backed service project,ORM concepts and trade-offs,"Prisma, Sequelize and Mongoose in practice",Migrations and schema evolution,Repository pattern and data access separation,Seeding and test data management,Data layer refactor exercise,Password hashing done properly,Session-based versus token-based auth,"JWT issuance, refresh and revocation",OAuth 2.0 and third-party login,Role and permission based access control,Complete auth system project,The OWASP API Security Top 10,Input validation and injection prevention,Rate limiting and abuse protection,"CORS, CSRF and secure headers",Secrets management and key rotation,API hardening lab,Unit testing with Jest,Integration testing against a real database,API contract testing with Supertest,"Mocking, stubbing and fixtures","Coverage, flakiness and test discipline",Test suite build project,Where latency actually comes from,Redis fundamentals and data types,Cache strategies and invalidation,Database query optimisation,Load testing and benchmarking,Performance tuning exercise,When to move work out of the request path,Message queues and job workers,BullMQ and RabbitMQ concepts,"Retries, dead letter queues and idempotency",Scheduled and recurring jobs,Background processing project,WebSockets versus polling,Socket.IO event architecture,Server-sent events and streaming,Scaling real-time connections,"Presence, rooms and broadcast patterns",Real-time feature project,Monolith versus microservices trade-offs,Service boundaries and communication,API gateways and service discovery,Event-driven architecture basics,Distributed system failure modes,Architecture design exercise,"Images, containers and layers",Writing an efficient Dockerfile,Docker Compose for local environments,Container networking and volumes,Container security basics,Containerised application project,"Deploying to AWS, Render or Railway",Environment configuration across stages,CI/CD pipelines with GitHub Actions,Zero-downtime deploys and rollbacks,Infrastructure basics for backend engineers,Full deployment pipeline project,Structured logging that helps at 3am,"Metrics, dashboards and alerting",Distributed tracing fundamentals,Health checks and graceful shutdown,Incident response for backend services,Observability instrumentation lab,Horizontal versus vertical scaling,Load balancing strategies,Database replication and sharding,"Consistency, availability and partition trade-offs",Designing systems at interview whiteboard level,System design case study,End-to-end production-style backend build,"Requirements, data model and API contract",Implementation with tests and security,Containerised deployment to the cloud,Documentation and architecture write-up,Portfolio packaging of the capstone,Developer resume creation and optimization,Data structures and algorithms preparation,System design interview training,Behavioral interview training,GitHub and LinkedIn portfolio for engineers,1 year Placement Support for Top Fellows,,,,,,,,,,,,,,,,,,,,,,,,Backend API project portfolio,Interview preparation for backend developer roles,Confidence with real deployment and database workflows,REST & API Design Mastery,Node.js & Express Development,SQL & NoSQL Database Modeling,Authentication & Authorization,Docker & Cloud Deployment,200+ Hrs Engineering-Focused Content,300+ Hrs Live Coding Sessions,Working Backend Engineers as Mentors,Backend Engineering Job Placement Support,Round-the-Clock Assistance,Backend Engineering Curriculum Track,Skill Evaluation Tests,Learning Performance Analytics Dashboard,Professional Community Access,Self-Paced Learning Options,Global Alumni Community,Mock Interview Training,Backend Engineering Certificates,Advanced LMS Platform,Live System Design Case Studies,Node.js,Express,MongoDB,SQL,Auth,Technical Documentation & API Communication,Code Review & Constructive Feedback,Debugging & Systematic Problem Solving,Cross-Functional Collaboration with Product & Frontend,Ownership & On-Call Responsibility,Professional Networking & Relationship Building,Real-world Backend Engineering Projects,Production-Style API Development,Database Design & Optimisation Work,Code Review & Pull Request Workflows,Deployment & Release Participation,Industry Mentorship by Working Backend Engineers,Program Investment,"₹1,70,000",Including GST,,,,,,,,,,,,,,,,,,,,,,,,,,,,,,,,,,,Engineering Mentor,,,,,,,,,,,,,,,,,,,,,,,,,,,,,,,,,,,,,,,,,,,,,,
6a7417ae2402e4ed9dae80d1,programs,6a6061e97bfcf05ac32c3e39,22,6a6061e97bfcf05ac32c3e39,,,,,,,,,,,,,,,,,cybersecurity,published,2026-07-22T06:23:37.534Z,,false,8,,,,6a708ec07c0778d2b1fdc62a,22,,,,,,,,,,,,,,,,,PG Program in CyberSecurity,"Learn practical digital security foundations, network safety, risk awareness, and defensive monitoring workflows.",,,false,2026-07-22T06:23:37.537Z,2026-08-04T08:18:36.663Z,true,6a6061e97bfcf05ac32c3e39,6a708ec07c0778d2b1fdc62a,,2026-08-06T05:12:14.373Z,0,PG Program in CyberSecurity,PG Program in CyberSecurity,,Become a Defensive Security Professional,Security,"Learn practical digital security foundations, network safety, risk awareness, and defensive monitoring workflows.","Learn defensive security from the ground up — networks, Linux, web fundamentals, monitoring and incident response — through hands-on labs built around awareness, reporting and response.",6 Months,,Live Online,"Freshers, Graduates, Experienced",,,,,,,,,"Network safety, secure systems thinking and web security fundamentals","Hands-on defensive labs focused on awareness, reporting and response",Career preparation for entry-level security operations roles,,"A comprehensive curriculum designed by industry experts combining networking, Linux, security fundamentals, SOC operations, threat detection and incident response. Master defensive monitoring, risk assessment and reporting with hands-on labs.","This PG Program in CyberSecurity equips you with networking, Linux, security operations, monitoring and incident response skills through hands-on defensive labs and expert guidance.","10,000+",30+,"₹1,65,000",,"3, 6, 9 & 12 months (No Cost EMIs)",7-Day Money Back Guarantee,"July 18, 2026",Few seats left,,Industry-Aligned,Enrolling Now,100% Placement Assurance,,"Networking, Linux, security fundamentals and web basics","Risk review, safe reporting and documentation workflows","Monitoring concepts, alert review and incident response basics",1,2,3,4,5,6,7,8,9,10,11,12,13,14,15,16,17,18,19,20,21,Introduction to CyberSecurity,Networking Fundamentals,Linux Essentials for Security,Windows & Endpoint Security,Security Fundamentals & Frameworks,Cryptography Basics,Identity & Access Management,Web Application Security,Network Defence & Perimeter Security,Vulnerability Management,Threat Intelligence & the Attack Lifecycle,Logging & Log Analysis,SIEM & Security Monitoring,Security Operations Centre Workflows,Incident Response,Digital Forensics Fundamentals,Malware & Phishing Defence,Cloud Security Fundamentals,"Governance, Risk & Compliance",CyberSecurity Capstone Project,Security Career Readiness & Interview Prep,,,,,,,,,,,,,,,,,,,,,,The security landscape and why attacks succeed,"Confidentiality, integrity and availability","Threats, vulnerabilities and risk","Blue team, red team and purple team roles",Security career paths and certifications,Industry trends and outlook,The OSI and TCP/IP models,"IP addressing, subnetting and routing","TCP, UDP and common protocols","DNS, DHCP and HTTP in practice",Packet analysis with Wireshark,Network traffic analysis lab,The Linux filesystem and shell,"Users, groups and permissions","Processes, services and systemd",Package management and updates,Shell scripting for security tasks,Linux administration lab,Windows architecture and the registry,Active Directory fundamentals,Windows event logs and auditing,Endpoint protection and EDR concepts,Endpoint hardening baselines,Endpoint hardening lab,Defence in depth and least privilege,The CIA triad applied to real systems,NIST Cybersecurity Framework,ISO 27001 and CIS Controls overview,The MITRE ATT&CK matrix,Framework mapping exercise,Symmetric and asymmetric encryption,"Hashing, salting and integrity checks",TLS and certificate chains,Public key infrastructure,Key management practices,Encryption implementation lab,Authentication versus authorisation,Multi-factor authentication,"Single sign-on, OAuth and SAML",Role-based and least-privilege access,Privileged access management,Access review exercise,How web applications work end to end,The OWASP Top 10 explained,"Injection, XSS and broken access control",Secure session and cookie handling,Input validation and output encoding,Secure code review lab,Firewall rules and network segmentation,IDS and IPS concepts,VPNs and secure remote access,Zero trust network principles,Wireless network security,Network defence configuration lab,The vulnerability management lifecycle,Scanning and asset discovery,CVSS scoring and prioritisation,Patch management workflows,Reporting findings to system owners,Vulnerability assessment report project,The cyber kill chain,Common attacker tactics and techniques,Indicators of compromise,Threat intelligence sources and feeds,Mapping observed activity to ATT&CK,Threat analysis exercise,What to log and what to keep,Log sources across the estate,Parsing and normalising log data,Baselining normal behaviour,Spotting anomalies in log volume,Log analysis lab,SIEM architecture and data flow,Writing detection rules and correlation logic,Building monitoring dashboards,Alert triage and tuning out noise,Reducing false positives,SIEM detection build lab,SOC tiers and escalation paths,The alert triage process,"Ticketing, tracking and handover",Runbooks and standard operating procedures,Shift discipline and documentation,Simulated SOC shift exercise,The incident response lifecycle,"Detection, containment and eradication",Recovery and return to service,Communication during an incident,Post-incident review and lessons learned,Incident response tabletop exercise,Evidence handling and chain of custody,Disk and memory acquisition basics,Timeline reconstruction,Artefact analysis on Windows and Linux,Forensic reporting standards,Forensic investigation lab,Malware categories and behaviour,Safe analysis in an isolated sandbox,Phishing campaign anatomy,"Email authentication: SPF, DKIM, DMARC",User awareness and reporting culture,Phishing response lab,The shared responsibility model,Identity and access management in the cloud,Common cloud misconfigurations,"Storage, network and workload security",Cloud logging and monitoring,Cloud security review lab,Security policy and standards,Risk assessment and risk registers,Audit preparation and evidence,Data protection and privacy obligations,Business continuity and disaster recovery,Risk assessment project,End-to-end defensive security project,Assessing and hardening a target environment,Building detection and monitoring coverage,Responding to a simulated incident,Full written incident and risk report,Portfolio packaging of the capstone,Security analyst resume creation and optimization,Technical security interview preparation,Scenario and incident-handling tests,Behavioral interview training,LinkedIn networking for security professionals,1 year Placement Support for Top Fellows,,,,,,,,,,,,,,,,,,,,,,,,Security fundamentals portfolio and report samples,Clear roadmap for entry-level defensive security tracks,Practical understanding of safe digital risk management,Networking & Protocol Fundamentals,Linux & Systems Hardening,Security Operations Centre Workflows,Threat Detection & Log Monitoring,Incident Response & Reporting,200+ Hrs Security-Focused Content,300+ Hrs Live Lab Sessions,Practising Security Analysts as Mentors,CyberSecurity Job Placement Support,Round-the-Clock Assistance,CyberSecurity Curriculum Track,Skill Evaluation Tests,Learning Performance Analytics Dashboard,Professional Community Access,Self-Paced Learning Options,Global Alumni Community,Mock Interview Training,CyberSecurity Certificates,Advanced LMS Platform,Live Incident Response Case Studies,Linux,Networking,Web Safety,Monitoring,Reports,Incident Communication Under Pressure,Clear Security Reporting & Documentation,Risk Explanation for Non-Technical Stakeholders,Cross-Team Coordination During Incidents,Analytical Thinking & Investigative Discipline,Professional Networking & Relationship Building,Real-world Defensive Security Projects,SOC Monitoring & Alert Triage,Vulnerability Assessment & Reporting,Incident Response Simulations,Security Hardening & Configuration Reviews,Industry Mentorship by Practising Security Analysts,Program Investment,"₹1,65,000",Including GST,,,,,,,,,,,,,,,,,,,,,,,,,,,,,,,,,,,Security Mentor,,,,,,,,,,,,,,,,,,,,,,,,,,,,,,,,,,,,,,,,,,,,,,
6a7442732402e4ed9dae8a01,alumni,6a6061ea7bfcf05ac32c3e58,9,6a6061ea7bfcf05ac32c3e58,Garima Singh,,Product Manager at PepsiCo,,,,,,,,200% Hike,Transitioned into a global FMCG product role with strong leadership and product management capability.,Transitioned into a global FMCG product role with strong leadership and product management capability.,,#be185d,#7e22ce,garima-singh,published,2026-07-22T06:23:38.072Z,,false,3,,,,6a60a17c20a2dec57e15dec5,9,,https://ik.imagekit.io/ojoijfoinsdnfoodsnf/careerveda/alumni/Achiever4-9d672823.jpg,,,Garima Singh,,,,,,,,,,,,Garima Singh,Transitioned into a global FMCG product role with strong leadership and product management capability.,,,false,2026-07-22T06:23:38.072Z,2026-08-04T08:18:37.441Z,true,6a6061ea7bfcf05ac32c3e58,6a708ec07c0778d2b1fdc62a,,2026-08-06T08:14:43.975Z,0,,,,,,,,,,,,,,,,,,,,,,,,,,,,,,,,,,,,,,,,,,,,,,,,,,,,,,,,,,,,,,,,,,,,,,,,,,,,,,,,,,,,,,,,,,,,,,,,,,,,,,,,,,,,,,,,,,,,,,,,,,,,,,,,,,,,,,,,,,,,,,,,,,,,,,,,,,,,,,,,,,,,,,,,,,,,,,,,,,,,,,,,,,,,,,,,,,,,,,,,,,,,,,,,,,,,,,,,,,,,,,,,,,,,,,,,,,,,,,,,,,,,,,,,,,,,,,,,,,,,,,,,,,,,,,,,,,,,,,,,,,,,,,,,,,,,,,,,,,,,,,,,,,,,,,,,,,,,,,,,,,,,,,,,false,,,,,,,,,,,,,,,,,,,,,,,,,,,,,,,,,,,,,,,,,,,,,,,,,
6a7462ea2402e4ed9dae911b,alumni,6a6061ea7bfcf05ac32c3e5e,9,6a6061ea7bfcf05ac32c3e5e,Aditya Ahlawat,,Associate Product Manager,,BlackRock,,,,,,66% Hike,Strengthened product strategy and problem-solving capabilities for a finance leadership role.,Strengthened product strategy and problem-solving capabilities for a finance leadership role.,,#312e81,#1e3a8a,aditya-ahlawat,published,2026-07-22T06:23:38.197Z,,false,5,,,,6a60a17c20a2dec57e15dec5,9,,https://ik.imagekit.io/ojoijfoinsdnfoodsnf/careerveda/alumni/Achiever3-7a90ad07.jpg,,,Aditya Ahlawat,,,,,,,,,,,,Aditya Ahlawat,Strengthened product strategy and problem-solving capabilities for a finance leadership role.,,,false,2026-07-22T06:23:38.199Z,2026-08-04T08:18:37.566Z,true,6a6061ea7bfcf05ac32c3e5e,6a708ec07c0778d2b1fdc62a,,2026-08-06T10:33:14.897Z,0,,,,,,,,,,,,,,,,,,,,,,,,,,,,,,,,,,,,,,,,,,,,,,,,,,,,,,,,,,,,,,,,,,,,,,,,,,,,,,,,,,,,,,,,,,,,,,,,,,,,,,,,,,,,,,,,,,,,,,,,,,,,,,,,,,,,,,,,,,,,,,,,,,,,,,,,,,,,,,,,,,,,,,,,,,,,,,,,,,,,,,,,,,,,,,,,,,,,,,,,,,,,,,,,,,,,,,,,,,,,,,,,,,,,,,,,,,,,,,,,,,,,,,,,,,,,,,,,,,,,,,,,,,,,,,,,,,,,,,,,,,,,,,,,,,,,,,,,,,,,,,,,,,,,,,,,,,,,,,,,,,,,,,,,false,,,,,,,,,,,,,,,,,,,,,,,,,,,,,,,,,,,,,,,,,,,,,,,,,
6a76ba2d2402e4ed9daef0e3,programs,6a6061e87bfcf05ac32c3dff,28,6a6061e87bfcf05ac32c3dff,,,,,,,,,,,,,,,,,product-management,published,2026-07-22T06:23:36.918Z,,false,0,,,,6a708ec07c0778d2b1fdc62a,28,,https://ik.imagekit.io/ojoijfoinsdnfoodsnf/careerveda/programs/product-management-6b8b2802.jpg,,,PG Program in Product Management,,,,,,,,,,,,PG Program in Product Management,"A structured, industry-focused program that prepares you to lead the end-to-end lifecycle of digital and technology-driven products. It blends business…",,,false,2026-07-22T06:23:36.938Z,2026-08-04T08:18:35.769Z,true,6a6061e87bfcf05ac32c3dff,6a706e412188a497eefd8214,,2026-08-08T05:10:05.957Z,0,PG Program in Product Management,PG Program in Product Management,,Become a High-Impact Product Manager,Product,"A structured, industry-focused program that prepares you to lead the end-to-end lifecycle of digital and technology-driven products. It blends business strategy, user-centric design, technology fundamentals and data-driven decision-making, so you can bridge engineering, design, marketing and business teams.","Manage products from ideation to launch and scale. Master product strategy, customer discovery, market research, UX fundamentals, agile methodologies, roadmapping and stakeholder management — and learn to drive decisions with product metrics, pricing strategy and go-to-market planning, through real-world case studies and a capstone project.",6 Months,,Live Online,"Freshers, Graduates, Experienced",,,,,,,,,"Product strategy, customer discovery, market research and UX fundamentals","Agile methodologies, product roadmapping and stakeholder management","Product metrics, pricing strategy and go-to-market planning, with AI throughout",,"A structured roadmap from aspiring product manager to product leader. Twelve modules take you from product thinking and customer obsession through research, strategy, roadmaps, UX, agile delivery, analytics and AI, to growth, leadership and a full capstone — each one leaving you a portfolio deliverable you keep.","Six months of 100% live, instructor-led learning from expert trainers at top technology companies, with daily doubt-solving, real industry projects and lifetime placement assistance. No coding background needed — product management is taught from the fundamentals.","10,000+",30+,"₹1,45,000",,"3, 6, 9 & 12 months (No Cost EMIs) · Zero hidden charges",7-Day Money Back Guarantee,"July 18, 2026",Few seats left,,Industry-Aligned,AI-Powered PM,Lifetime Placement Assistance,,"Product thinking, user research and product discovery","PRDs, roadmaps, wireframing and agile execution","Product analytics, AI for product managers, growth and go-to-market",1,2,3,4,5,6,7,8,9,10,11,12,13,,,,,,,,,Preparatory Foundation,Product Thinking & Customer Obsession,Market Research & Competitive Intelligence,User Research & Product Discovery,Product Strategy & Vision Development,Product Requirements & Roadmap Management,"UX, Wireframing & Product Design",Agile Product Development,Product Analytics & Decision Science,AI for Product Managers,Product Growth & Go-to-Market Strategy,Product Leadership & Stakeholder Management,Capstone Project,,,,,,,,,,,,,,,,,,,,,,,,,,,,,,Introduction to Product Thinking,Understanding Digital Products and Platforms,Product Management Career Paths,AI Fundamentals for Product Professionals,Business and Technology Basics,Product Management Terminology and Frameworks,Evolution of Product Management,Product Mindset vs Project Mindset,Understanding Customer Needs,Customer Journey Mapping,Problem Identification Techniques,Opportunity Discovery Frameworks,Market Sizing Fundamentals,Industry Analysis Frameworks,Competitive Benchmarking,SWOT and Opportunity Analysis,Emerging Technology Trends,AI-Based Market Research Techniques,User Interviews,Surveys and Feedback Collection,Persona Development,Jobs-To-Be-Done Framework,Behavioral Analysis,Customer Pain Point Mapping,Product Vision Creation,Strategic Planning,Business Model Fundamentals,Value Proposition Design,Product Portfolio Management,Product Positioning,Product Requirement Documents (PRDs),User Stories and Acceptance Criteria,Product Backlogs,Prioritization Frameworks,Product Roadmapping,Feature Planning,UX Principles,Information Architecture,Wireframing Fundamentals,User Flows,Prototyping Concepts,Design Reviews,Agile Frameworks,Scrum Fundamentals,Sprint Planning,Product Ownership,Engineering Collaboration,Release Management,Product Metrics Frameworks,North Star Metrics,Funnel Analysis,Cohort Analysis,Retention Metrics,Experimentation Design and A/B Testing,Generative AI Applications,AI Product Lifecycle,Prompt Engineering,AI-Assisted Research,AI-Based User Analysis,Building AI Features into Products,Product Launch Planning,Growth Frameworks,Product-Led Growth,User Acquisition,Activation and Retention,Pricing and Monetization,Stakeholder Communication,Executive Presentations,Conflict Resolution,Influence Without Authority,Decision-Making Under Uncertainty,Team Leadership,"Product discovery, market research and user validation",Product strategy and PRD creation,Wireframing and analytics planning,Go-to-market strategy,"Final deliverable: strategy document, PRD, wireframes, analytics framework, GTM plan and executive presentation",,,,,,,,,,,,,,,,,,,,,,,,,,,,,,,,,,,,,,,,,,,,,,,,,,,Introduction to Design Thinking,Product Positioning Strategy,Portfolio deliverable: Market Opportunity Assessment,Research Synthesis,Portfolio deliverable: User Research Repository and Personas,Strategic Decision Frameworks,Portfolio deliverable: Product Vision and Strategy Document,Release Planning,Portfolio deliverable: End-to-End Product Requirement Document,Accessibility Considerations,Portfolio deliverable: Interactive Product Prototype,Risk and Dependency Management,Portfolio deliverable: Sprint Planning Simulation,Data-Driven Decision Making,Portfolio deliverable: Product Analytics Dashboard,Responsible AI Practices,Portfolio deliverable: AI Feature Design Blueprint,Growth Experimentation,Portfolio deliverable: Go-to-Market Strategy Plan,Product Governance,Portfolio deliverable: Executive Product Review Deck,,"A portfolio of PRDs, prototypes, analytics dashboards and a GTM plan","Readiness for Associate Product Manager, Product Analyst, Product Executive and Junior PM roles","PM interview mastery: product cases, metrics, AI product scenarios and mock interview labs",100% Live Instructor-Led Classes,Expert Trainers from Top Technology Companies,Daily Live Doubt-Solving Sessions,Real Industry Projects,25+ Assignments & Industry Case Studies,Three Globally Recognised Certifications,"Dedicated Profile Building — Portfolio, Resume & LinkedIn",Lifetime Placement Assistance,LMS Access for 2 Years,Full Access to Recordings & Notes,Flexible Weekend Learning,Advance Learning Modules,Multiple Practice Quizzes,Tech for PM & Analytics for PM Tracks,PM Interview Mastery Framework,Mock Interview Labs with Expert Feedback,AI Product Case Practice,Dedicated Virtual Classroom & Student Support,10K+ Student & Alumni Community,Hiring Preparation Support,Product Strategy,User Research,Agile,Analytics,Gen AI,Stakeholder Communication,Executive Presentations & Storytelling,Influence Without Authority,Decision-Making Under Uncertainty,Cross-Functional Team Leadership,Conflict Resolution,Real-world Product Management Projects,Product Roadmap Development,User Research & PRD Writing,Feature Launch & A/B Testing,Product Analytics & Metrics Tracking,Industry Mentorship by Senior PMs,Program Investment,"₹1,45,000",Including GST,,,,,,,,,,,,,,,,,,,,,,,,,,,,,,,,,,,Expert Trainers,,,,,,,,,,,,,,,,,,,,,,,,,,,,,,,,,,,,,,,,,,,,,,
6a76ba572402e4ed9daef100,programs,6a6061e97bfcf05ac32c3e0b,11,6a6061e97bfcf05ac32c3e0b,,,,,,,,,,,,,,,,,business-analytics,published,2026-07-22T06:23:37.054Z,,false,1,,,,6a708ec07c0778d2b1fdc62a,11,,https://ik.imagekit.io/ojoijfoinsdnfoodsnf/careerveda/programs/Business_analytics_images-4145ed42.jpg,,,PG Program in Business Analytics with Generative AI,,,,,,,,,,,,PG Program in Business Analytics with Generative AI,"Build a successful career in Business Analytics by mastering in-demand analytical tools, Generative AI, and real-world business problem-solving. Learn…",,,false,2026-07-22T06:23:37.059Z,2026-08-04T08:18:35.972Z,true,6a6061e97bfcf05ac32c3e0b,6a706e412188a497eefd8214,,2026-08-08T05:10:47.652Z,0,PG Program in Business Analytics with Generative AI,PG Program in Business Analytics with Generative AI,,Become a Business Analyst with AI Skills,Analytics,"Build a successful career in Business Analytics by mastering in-demand analytical tools, Generative AI, and real-world business problem-solving. Learn through live mentor-led sessions, hands-on projects, industry case studies, and career-focused training designed to make you job-ready.","Master business analytics end to end — Excel, SQL, Power BI, Tableau, Python and applied AI — and learn to turn business questions into dashboards and decisions that stakeholders act on.",6 Months,,Live Online,"Freshers, Graduates, Experienced",,,,,,,,,"Excel, SQL, Python, Power BI and Generative AI workflows",25+ business analytics projects and case studies,"Dashboard storytelling, KPI analysis and stakeholder reporting",,"A comprehensive curriculum designed by industry experts combining Excel, SQL, Power BI, Tableau, Python and Generative AI. Master KPI frameworks, dashboard storytelling, predictive analysis and stakeholder reporting with hands-on projects.","This PG Program in Business Analytics equips you with Excel, SQL, Power BI, Tableau and Python skills, and the business judgement to turn data into decisions, through real-world projects and expert guidance.","10,000+",30+,"₹1,25,000",,"3, 6, 9 & 12 months (No Cost EMIs)",7-Day Money Back Guarantee,"July 18, 2026",Few seats left,,Industry-Aligned,Enrolling Now,100% Placement Assurance,,"Data cleaning, business metrics and exploratory analysis","SQL queries, spreadsheet modeling and dashboard creation",AI-assisted reporting and executive insight presentation,1,2,3,4,5,6,7,8,9,10,11,12,13,14,15,16,17,18,19,20,21,Introduction to Business Analytics,Excel for Business Analysis,Advanced Excel & Spreadsheet Modeling,Business Statistics Foundations,Data Cleaning & Preparation,SQL Fundamentals for Analysts,Advanced SQL & Query Optimisation,Data Modeling for Reporting,Power BI Fundamentals,Advanced Power BI & DAX,Tableau for Visual Analytics,Dashboard Design & Data Storytelling,Python for Business Analytics,Exploratory Data Analysis,Business Metrics & KPI Frameworks,Marketing & Sales Analytics,Finance & Operations Analytics,Predictive Analytics for Business,Generative AI for Analysts,Business Analytics Capstone Project,Analytics Career Readiness & Interview Prep,,,,,,,,,,,,,,,,,,,,,,What business analytics is and where it sits in a company,"Descriptive, diagnostic, predictive and prescriptive analysis",The analytics workflow from question to decision,"Roles: business analyst, data analyst, BI analyst",Tooling landscape and when to use what,Industry trends and outlook,Spreadsheet structure and clean data entry,"Core formulas: logical, text and date functions","Lookup functions: VLOOKUP, XLOOKUP, INDEX-MATCH",PivotTables and PivotCharts,Conditional formatting for exception reporting,Building a first business summary report,Dynamic arrays and modern Excel functions,Power Query for repeatable data cleaning,"Scenario analysis, Goal Seek and Solver",What-if models and sensitivity tables,Dashboard construction in Excel,Spreadsheet modeling project,Descriptive statistics and distributions,"Sampling, variance and confidence intervals",Correlation versus causation in business data,Hypothesis testing for business questions,A/B testing fundamentals,Reading and challenging statistical claims,Profiling a raw dataset before analysis,Handling missing values and duplicates,Outlier detection and treatment,"Standardising formats, types and categories",Joining and reconciling multiple sources,Documenting data quality assumptions,Relational database concepts,"SELECT, WHERE, ORDER BY and LIMIT",Aggregations with GROUP BY and HAVING,"Joins: inner, left, right and full",Subqueries and common table expressions,Writing a business reporting query set,Window functions for running and ranked metrics,Cohort and retention queries,Date and time series aggregation patterns,Query performance and indexing basics,Reusable views and reporting layers,Advanced SQL case study,Star and snowflake schema concepts,"Facts, dimensions and grain",Normalisation versus reporting-friendly models,Designing a model for a business domain,Relationships and cardinality pitfalls,Data dictionary and documentation,Connecting and transforming data sources,The Power BI data model,Core visuals and report pages,"Filters, slicers and drill-through",Publishing and sharing reports,First Power BI report build,DAX calculated columns versus measures,Filter context and row context,"Time intelligence: YoY, MTD, rolling averages",CALCULATE and context modification,Performance tuning of models and visuals,Executive dashboard project,Tableau workspace and data connections,"Dimensions, measures and calculated fields","Building charts, maps and dual axes","Dashboards, actions and interactivity",Level of detail expressions,Tableau dashboard project,Choosing the right chart for the question,Visual hierarchy and dashboard layout,"Colour, accessibility and chart integrity",Narrative structure for an analytics presentation,"Writing insight, not description",Presenting findings to stakeholders,Python essentials for analysts,pandas DataFrames and data manipulation,"Grouping, merging and reshaping data",Automating recurring reports,Plotting with matplotlib and seaborn,Python analysis notebook project,Framing an exploratory question,Univariate and bivariate exploration,Segmentation and cohort views,Identifying drivers behind a metric move,Communicating uncertainty honestly,Complete EDA case study,Defining metrics that map to business goals,Leading versus lagging indicators,North star metrics and metric trees,"Funnel, retention and unit economics metrics",Avoiding vanity and gameable metrics,Designing a KPI framework for a business,Acquisition funnel and channel analysis,Campaign performance and attribution basics,Customer lifetime value and CAC,Sales pipeline and conversion analysis,Segmentation and targeting analysis,Marketing analytics project,"Revenue, cost and margin analysis",Budget versus actual variance reporting,Forecasting demand and capacity,Inventory and supply chain metrics,Process efficiency and bottleneck analysis,Operations analytics case study,When prediction helps a business decision,Regression for forecasting and driver analysis,Classification for churn and propensity,Time series forecasting fundamentals,Evaluating and communicating model quality,Predictive analytics project,Where GenAI genuinely speeds up analysis,"Prompting for SQL, formulas and code",AI-assisted data cleaning and documentation,Summarising findings and drafting reports,Verifying AI output and avoiding false confidence,AI-assisted analytics workflow project,End-to-end project on a real business dataset,Problem framing and metric definition,"Analysis, modeling and dashboard build",Insight write-up with recommendations,Stakeholder presentation and defence,Portfolio packaging of the capstone,Analyst resume creation and optimization,SQL and case-study interview preparation,Take-home assignment and dashboard tests,Behavioral interview training,LinkedIn networking for analytics professionals,1 year Placement Support for Top Fellows,,,,,,,,,,,,,,,,,,,,,,,,Business analyst project portfolio,Interview readiness for analytics roles,Confidence with business data and dashboards,Excel & Spreadsheet Modeling,SQL for Business Reporting,Power BI & DAX Mastery,Tableau Visual Analytics,Python for Data Analysis,200+ Hrs Analytics-Focused Content,300+ Hrs Live Case Sessions,Practising Analysts as Mentors,Business Analytics Job Placement Support,Round-the-Clock Assistance,Business Analytics Curriculum Track,Skill Evaluation Tests,Learning Performance Analytics Dashboard,Professional Community Access,Self-Paced Learning Options,Global Alumni Community,Mock Interview Training,Business Analytics Certificates,Advanced LMS Platform,Live Business Case Studies,Excel,SQL,Python,Power BI,Gen AI,Stakeholder Presentation & Reporting Skills,Data Storytelling & Communication,Requirement Gathering & Questioning,Cross-Functional Collaboration,Business Acumen & Strategic Thinking,Professional Networking & Relationship Building,Real-world Business Analytics Projects,Dashboard & Reporting Build-Outs,KPI Framework Design for Live Businesses,Stakeholder Insight Presentations,A/B Test and Experiment Analysis,Industry Mentorship by Practising Analysts,Program Investment,"₹1,25,000",Including GST,,,,,,,,,,,,,,,,,,,,,,,,,,,,,,,,,,,Expert Mentor,,,,,,,,,,,,,,,,,,,,,,,,,,,,,,,,,,,,,,,,,,,,,,
6a76ba862402e4ed9daef122,programs,6a6061e97bfcf05ac32c3e13,8,6a6061e97bfcf05ac32c3e13,,,,,,,,,,,,,,,,,data-analytics,published,2026-07-22T06:23:37.137Z,,false,2,,,,6a706e412188a497eefd8214,8,,https://ik.imagekit.io/ojoijfoinsdnfoodsnf/careerveda/programs/Data_analytics-ba31dcb9.jpg,,,PG Program in Data Analytics with Generative AI,,,,,,,,,,,,PG Program in Data Analytics with Generative AI,"Master the skills to transform raw data into actionable business insights. Learn Excel, SQL, Python, Power BI, Statistics, and Generative AI through live…",,,false,2026-07-22T06:23:37.142Z,2026-08-04T08:18:36.240Z,true,6a6061e97bfcf05ac32c3e13,6a706e412188a497eefd8214,,2026-08-08T05:11:34.390Z,0,PG Program in Data Analytics with Generative AI,PG Program in Data Analytics with Generative AI,,Become a Data Analyst with AI Workflows,Data,"Master the skills to transform raw data into actionable business insights. Learn Excel, SQL, Python, Power BI, Statistics, and Generative AI through live classes, hands-on projects, and real-world case studies to become an industry-ready Data Analyst.","Learn data analysis, visualisation and reporting with the AI-assisted workflows modern analyst roles now expect, and finish with capstone projects built on real company data.",6 Months,,Live Online,"Freshers, Graduates, Experienced",,,,,,,,,"Excel, SQL, Python, Power BI and dashboard reporting","Data cleaning, visualization and business decision support",Capstone projects aligned with real analyst responsibilities,,"A comprehensive curriculum designed by industry experts combining Excel, SQL, Python, Power BI, Tableau and statistics. Master data cleaning, exploratory analysis, visualisation and reporting with hands-on projects on real datasets.","This PG Program in Data Analytics equips you with Excel, SQL, Python, Power BI and Tableau skills, and the analytical rigour to clean, question and present data, through real-world projects and expert guidance.","10,000+",30+,"₹1,35,000",,"3, 6, 9 & 12 months (No Cost EMIs)",7-Day Money Back Guarantee,"July 18, 2026",Few seats left,,Industry-Aligned,Enrolling Now,100% Placement Assurance,,"Statistics, analysis thinking and spreadsheet automation","SQL joins, Python analysis and BI dashboards",Real company case studies and capstone storytelling,1,2,3,4,5,6,7,8,9,10,11,12,13,14,15,16,17,18,19,20,21,Introduction to Data Analytics,Excel for Data Analysis,Advanced Excel & Power Query,Statistics for Analysts,Data Cleaning & Wrangling,SQL Fundamentals,Advanced SQL for Analytics,Python Foundations for Analysts,Data Analysis with pandas,Exploratory Data Analysis,Data Visualisation Principles,Power BI Fundamentals,DAX & Advanced Power BI,Tableau for Data Analysts,Dashboards & Reporting Workflows,Data Storytelling & Communication,Business Metrics & Domain Context,Predictive Analysis Foundations,AI-Assisted Analytics Workflows,Data Analytics Capstone Project,Analyst Career Readiness & Interview Prep,,,,,,,,,,,,,,,,,,,,,,What a data analyst actually does day to day,The analytics lifecycle from raw data to decision,Types of data and where it comes from,The modern analytics toolchain,Analyst career paths and specialisations,Industry trends and outlook,Structuring data for analysis,Essential formulas and functions,"Lookups: VLOOKUP, XLOOKUP, INDEX-MATCH",PivotTables for fast aggregation,Charts and conditional formatting,First analysis report in Excel,Power Query for repeatable transformations,Dynamic arrays and modern functions,Data validation and error handling,Automating recurring analysis,Interactive Excel dashboards,Advanced Excel project,Measures of centre and spread,Distributions and the normal curve,Sampling and sampling error,Confidence intervals in plain language,Hypothesis testing and p-values,Statistical reasoning case study,Profiling and auditing a raw dataset,Missing data strategies,"Duplicates, outliers and bad records","Type, format and category standardisation",Merging messy sources together,Cleaning pipeline documentation,How relational databases store data,"SELECT, filtering and sorting",Aggregation with GROUP BY and HAVING,All four join types in practice,Subqueries and CTEs,Query set for a reporting requirement,Window functions and running totals,"Ranking, percentiles and deciles",Cohort and retention analysis in SQL,Time-series aggregation patterns,Query optimisation basics,Advanced SQL analytics project,"Python syntax, types and control flow",Working in Jupyter notebooks,"Reading data from files, APIs and databases",NumPy arrays and vectorised thinking,Writing reusable analysis functions,Python fundamentals exercise set,"DataFrames, indexing and selection","Filtering, grouping and aggregating","Merging, joining and reshaping",Time series handling in pandas,Cleaning workflows in code,pandas analysis project,Framing the question before touching data,Distribution and relationship exploration,Segmenting to find the real signal,Explaining a metric movement,Common analytical traps and biases,Complete EDA case study,Matching chart type to the question,"Encoding, scale and axis integrity",Colour use and accessibility,Reducing clutter and chartjunk,Annotating charts to carry the insight,Visualisation critique and redesign exercise,Connecting and shaping data sources,Building the data model,Core visuals and page design,"Slicers, filters and drill-through",Publishing and sharing,Power BI report build,Measures versus calculated columns,Filter and row context explained,Time intelligence calculations,CALCULATE and context modification,Model and report performance,Advanced Power BI dashboard project,Tableau data connections and extracts,Calculated fields and table calculations,"Charts, maps and dual-axis visuals",Interactive dashboards and actions,Level of detail expressions,Tableau dashboard project,Designing a report for its audience,Self-serve versus curated reporting,Refresh schedules and data freshness,Report versioning and change control,Handling stakeholder change requests,End-to-end reporting workflow project,Structuring an analysis narrative,"Leading with the finding, not the method",Writing insight summaries executives read,Presenting to non-technical stakeholders,Defending an analysis under questioning,Analytics presentation project,Defining metrics that mean something,"Funnel, retention and growth metrics","Revenue, cost and margin basics","Domain context: product, marketing, operations",Metric definitions and a shared dictionary,Metric design exercise,When a model beats a simple analysis,Linear and logistic regression basics,Train/test splits and overfitting,Evaluating model results honestly,Forecasting fundamentals,Introductory predictive project,Where GenAI speeds up analyst work,"Prompting for SQL, pandas and DAX",AI-assisted cleaning and documentation,Drafting insight summaries with AI,Verifying output and avoiding hallucinated numbers,AI-assisted workflow project,End-to-end project on a real company dataset,Question framing and data acquisition,"Cleaning, analysis and visualisation",Insight write-up with recommendations,Stakeholder presentation and defence,Portfolio packaging of the capstone,Data analyst resume creation and optimization,SQL and Excel interview preparation,Take-home case and dashboard tests,Behavioral interview training,LinkedIn networking for data professionals,1 year Placement Support for Top Fellows,,,,,,,,,,,,,,,,,,,,,,,,Data analyst resume projects,Mock interviews and LinkedIn optimization,Placement preparation with hiring partner access,Excel & Advanced Spreadsheet Analysis,SQL Querying & Reporting,Python & pandas for Analysis,Power BI Dashboard Development,Tableau Visual Analytics,200+ Hrs Analytics-Focused Content,300+ Hrs Live Practical Sessions,Working Data Analysts as Mentors,Data Analytics Job Placement Support,Round-the-Clock Assistance,Data Analytics Curriculum Track,Skill Evaluation Tests,Learning Performance Analytics Dashboard,Professional Community Access,Self-Paced Learning Options,Global Alumni Community,Mock Interview Training,Data Analytics Certificates,Advanced LMS Platform,Live Data Analytics Case Studies,Excel,SQL,Python,Power BI,Tableau,Insight Presentation & Reporting Skills,Data Storytelling & Communication,Analytical Questioning & Problem Framing,Cross-Functional Collaboration,Attention to Detail & Data Integrity,Professional Networking & Relationship Building,Real-world Data Analytics Projects,End-to-End Data Cleaning & Analysis,Dashboard & Report Development,Insight Presentations to Stakeholders,Metric Investigation & Root-Cause Analysis,Industry Mentorship by Working Data Analysts,Program Investment,"₹1,35,000",Including GST,,,,,,,,,,,,,,,,,,,,,,,,,,,,,,,,,,,Career Mentor,,,,,,,,,,,,,,,,,,,,,,,,,,,,,,,,,,,,,,,,,,,,,,
6a76bab72402e4ed9daef147,programs,6a6061e97bfcf05ac32c3e1d,7,6a6061e97bfcf05ac32c3e1d,,,,,,,,,,,,,,,,,investment-banking,published,2026-07-22T06:23:37.208Z,,false,3,,,,,7,,https://ik.imagekit.io/ojoijfoinsdnfoodsnf/careerveda/programs/investing-banking-images-59ab0040.jpg,,,PG Program in Investment Banking,,,,,,,,,,,,PG Program in Investment Banking,"Master the world of Investment Banking with comprehensive training in financial modeling, M&A analysis, equity research, and deal execution. Learn from…",,,false,2026-07-22T06:23:37.213Z,2026-08-04T08:18:36.335Z,true,6a6061e97bfcf05ac32c3e1d,6a706e412188a497eefd8214,,2026-08-08T05:12:23.907Z,0,PG Program in Investment Banking,PG Program in Investment Banking,,Master Financial Modeling & Valuation,Finance,"Master the world of Investment Banking with comprehensive training in financial modeling, M&A analysis, equity research, and deal execution. Learn from industry experts and build the skills needed to excel in top investment banks and financial institutions.","Master the world of Investment Banking with comprehensive training in financial modeling, M&A analysis, equity research, and deal execution. Learn from industry experts and build the skills needed to excel in top investment banks and financial institutions.",6 Months,,Live Online,"Freshers, Graduates, Experienced",,,,,,,,,"Financial modeling, valuation, M&A, IPO and equity research","Build deal-ready reports, pitch books and finance dashboards",Placement support for analyst and finance associate roles,,"A comprehensive curriculum designed by industry experts combining Financial Modeling, Valuation, M&A Analysis, Equity Research, and Investment Banking Operations. Master deal structuring, LBO modeling, financial analysis, and Excel financial tools with hands-on projects.","This PG Program in Investment Banking equips you with comprehensive financial modeling, M&A analysis, equity research, and deal execution skills through real-world projects and expert guidance.","10,000+",30+,"₹1,55,000",,"3, 6, 9 & 12 months (No Cost EMIs)",7-Day Money Back Guarantee,"July 18, 2026",Few seats left,,Industry-Aligned,Enrolling Now,100% Placement Assurance,,Excel financial modeling and business valuation,Comparable company analysis and DCF workflows,"M&A, IPO, capital markets and pitch deck projects",1,2,3,4,5,6,7,8,9,10,11,12,13,14,15,16,17,18,19,20,21,Introduction to Investment Banking,Accounting & Financial Statements,Corporate Finance Basics,M&A Fundamentals,Deal Structuring & Negotiation,M&A Modeling Project,Equity Research Fundamentals,Company Analysis & Forecasting,Equity Research Report Writing,Advanced Excel for Investment Banking,Financial Software & Platforms,Leveraged Buyout (LBO) Modeling,Special Situations & Restructuring,Debt Capital Markets,Credit Analysis & Risk Assessment,Technology & Healthcare Sectors,Financial Services & Consumer Sectors,Energy & Industrials Sectors,Real Estate & Emerging Sectors,Investment Banking Capstone Project,IB Career Readiness & Interview Prep,,,,,,,,,,,,,,,,,,,,,,What is Investment Banking and its role in finance,"Investment banking divisions: M&A, ECM, DCM",Career paths in investment banking,Understanding financial markets and instruments,Overview of the deal lifecycle,Industry trends and outlook,Accounting principles and concepts,Income Statement analysis,Balance Sheet fundamentals,Cash Flow Statement deep dive,Key financial ratios and metrics,Financial statement analysis project,Time value of money,Present and future value calculations,Cost of capital (WACC),Capital structure fundamentals,Introduction to valuation concepts,Risk and return analysis,Overview of M&A transactions,"Types of M&A deals: Mergers, Acquisitions, Consolidations",Strategic vs financial buyers,M&A deal process and stages,Synergy analysis and value creation,Accretion/dilution analysis,Deal structure options: Stock vs Cash,Purchase price allocation,Earnouts and contingent considerations,Due diligence process,Term sheets and LOI preparation,Negotiation strategies in M&A,Building merger models,Accretion/dilution analysis in Excel,Pro forma financials creation,Synergy modeling and integration,Complete M&A case study project,M&A presentation to stakeholders,Introduction to equity research,Buy-side vs Sell-side research,Industry and sector analysis,Company analysis frameworks,Business model evaluation,Competitive landscape assessment,Financial statement analysis deep dive,Revenue and earnings forecasting,Margin analysis and profitability,Management quality assessment,Corporate governance evaluation,Risk factor identification,Research report structure and format,Investment thesis development,Price target calculation,Buy/Sell/Hold recommendations,Writing executive summaries,Complete equity research report project,Advanced Excel formulas and functions,Complex financial modeling techniques,Macros and VBA for automation,Data tables and sensitivity analysis,Excel shortcuts for IB professionals,Financial statement linking in Excel,Bloomberg Terminal fundamentals,FactSet for financial analysis,Capital IQ navigation and usage,Pitchbook for deal research,Thomson Reuters Eikon overview,Financial software project,Introduction to LBO transactions,LBO deal structure and mechanics,Sources and uses of funds,Debt financing structures,Returns analysis: IRR and MOIC,Building LBO models from scratch,Distressed M&A and restructuring,Bankruptcy and liquidation analysis,Recapitalization strategies,Spin-offs and carve-outs,Activist investing scenarios,Special situations case study project,Introduction to debt capital markets,Bond types and structures,Corporate bond issuance process,High yield vs investment grade debt,Debt syndication and underwriting,Credit ratings and agencies,Credit analysis frameworks,Leverage ratios and coverage ratios,Default risk assessment,Credit modeling techniques,Bond valuation and pricing,Credit analysis project,Technology sector analysis and trends,SaaS business models and metrics,Healthcare and biotech valuation,Pharmaceutical deal structures,Sector-specific valuation multiples,,Banking and financial services analysis,Insurance company valuation,Consumer retail and e-commerce,CPG (Consumer Packaged Goods) sector,Brand valuation techniques,,Energy sector fundamentals,Oil & gas valuation methods,Renewable energy investments,Industrial and manufacturing analysis,Infrastructure and utilities sectors,,Real estate investment banking,REIT analysis and valuation,Telecommunications sector,Media and entertainment industry,Emerging sectors and new industries,,Comprehensive IB deal project,Full M&A or LBO transaction modeling,Pitchbook preparation and design,Financial analysis and valuation,Deal presentation to stakeholders,Mentor reviews and feedback sessions,Investment banking portfolio building,IB resume creation and optimization,Technical interview preparation,Case study and modeling tests,Behavioral interview training,LinkedIn networking for IB professionals,,,,,,,,,,,,,,,,,,,,,,,1 year Placement Support for Top Fellows,Portfolio-ready finance case studies,Interview preparation for investment banking roles,Career roadmap for analyst and associate positions,Financial Modeling & Valuation,M&A Analysis & Deal Structuring,Advanced Excel & Financial Tools,Equity Research & Company Analysis,"Bloomberg, FactSet & Capital IQ Mastery",200+ Hrs IB-Focused Content,300+ Hrs Live Deal Sessions,Investment Bankers as Mentors,Investment Banking Job Placement Support,Round-the-Clock Assistance,Investment Banking Curriculum Track,Skill Evaluation Tests,Learning Performance Analytics Dashboard,Professional Community Access,Self-Paced Learning Options,Global Alumni Community,Mock Interview Training,Investment Banking Certificates,Advanced LMS Platform,Live Investment Banking Case Studies,Excel,PowerPoint,Valuation,Pitch Decks,,Client Presentation & Pitching Skills,Financial Storytelling & Communication,Deal Negotiation & Persuasion,Stakeholder & Client Management,Financial Acumen & Strategic Thinking,Professional Networking & Relationship Building,Real-world Investment Banking Deals,M&A Deal Execution & Analysis,Financial Modeling & Valuation Projects,Pitchbook Creation & Client Presentations,Equity Research Report Writing,Industry Mentorship by Investment Bankers,Program Investment,"₹1,55,000",Including GST,,,,,,,,,,,,,,,,,,,,,,,,,,,,,,,,,,,1:1 Mentorship,,,,,,,,,,,,,,,,,,,,,,,,,,,,,,,,,,,,,,,,,,,,,,
6a76baeb2402e4ed9daef16c,programs,6a6061e97bfcf05ac32c3e23,9,6a6061e97bfcf05ac32c3e23,,,,,,,,,,,,,,,,,data-science-ai,published,2026-07-22T06:23:37.274Z,,false,4,,,,6a60a17c20a2dec57e15dec5,9,,https://ik.imagekit.io/ojoijfoinsdnfoodsnf/careerveda/programs/data-c3b60741.jpg,,,PG Program in Data Science with Generative AI,,,,,,,,,,,,PG Program in Data Science with Generative AI,"Master Data Science and Generative AI to become a complete AI professional. Learn data analysis, machine learning, deep learning, and cutting-edge…",,,false,2026-07-22T06:23:37.279Z,2026-08-04T08:18:36.399Z,true,6a6061e97bfcf05ac32c3e23,6a706e412188a497eefd8214,,2026-08-08T05:13:15.913Z,0,PG Program in Data Science with Generative AI,PG Program in Data Science with Generative AI,,"Build AI, ML and Agentic AI Skills",AI & Data Science,"Master Data Science and Generative AI to become a complete AI professional. Learn data analysis, machine learning, deep learning, and cutting-edge generative AI models to solve real-world business problems.","Build machine learning, deep learning, NLP and generative AI skills on deployment-focused projects, and go beyond models into the agentic AI workflows teams are actually shipping.",12 Months,,Live Online,"Freshers, Graduates, Experienced",,,,,,,,,"Machine learning, deep learning, NLP and computer vision","LLM projects, AI agents and applied generative AI workflows",Real-world capstones with deployment and portfolio support,,"A comprehensive curriculum designed by industry experts combining Python, statistics, machine learning, deep learning, NLP, generative AI and agentic systems. Master model building, evaluation, deployment and MLOps with hands-on projects.","This PG Program in Data Science, AI/ML with Agentic AI equips you with machine learning, deep learning, NLP, generative AI and agent-building skills through deployment-focused projects and expert guidance.","10,000+",30+,"₹1,55,000",,"3, 6, 9 & 12 months (No Cost EMIs)",7-Day Money Back Guarantee,"July 18, 2026",Few seats left,,Industry-Aligned,Enrolling Now,100% Placement Assurance,,"Python, statistics, ML foundations and model evaluation","NLP, deep learning, computer vision and GenAI systems","Agentic AI workflows, RAG basics and AI product projects",1,2,3,4,5,6,7,8,9,10,11,12,13,14,15,16,17,18,19,20,21,Introduction to Data Science & AI,Python for Data Science,Statistics & Probability,Data Wrangling & Feature Engineering,Exploratory Data Analysis & Visualisation,Supervised Learning: Regression,Supervised Learning: Classification,Ensemble Methods & Model Tuning,Unsupervised Learning,Time Series Analysis & Forecasting,Deep Learning Foundations,Computer Vision,Natural Language Processing,Large Language Models,Generative AI Applications,Agentic AI Systems,SQL & Big Data for Data Science,Model Deployment & MLOps,Responsible AI & Model Governance,Data Science & AI Capstone Project,AI Career Readiness & Interview Prep,,,,,,,,,,,,,,,,,,,,,,What data scientists and AI engineers do,The data science lifecycle end to end,Where ML helps and where it does not,The modern AI/ML toolchain,"Career paths: analyst, scientist, ML engineer",Industry trends and outlook,"Python syntax, data structures and control flow",NumPy and vectorised computation,pandas for data manipulation,Working in Jupyter notebooks,"Reading data from files, APIs and databases",Python foundations project,Descriptive statistics and distributions,Probability rules and Bayes' theorem,Sampling and the central limit theorem,Confidence intervals and hypothesis testing,A/B testing and experiment design,Statistical inference case study,"Cleaning, imputation and outlier handling",Encoding categorical variables,"Scaling, normalisation and transformations",Feature creation from raw signals,Feature selection and dimensionality reduction,Feature engineering project,Structured exploration of a new dataset,matplotlib and seaborn for analysis,"Correlation, distribution and relationship plots",Detecting leakage and data problems early,Communicating exploratory findings,Complete EDA case study,Linear and polynomial regression,"Regularisation: Ridge, Lasso and ElasticNet","Assumptions, residuals and diagnostics",Regression evaluation metrics,Interpreting coefficients responsibly,Regression modeling project,Logistic regression and decision boundaries,Decision trees and k-nearest neighbours,"Precision, recall, F1 and ROC-AUC",Class imbalance strategies,Threshold selection for business cost,Classification modeling project,"Bagging, boosting and stacking",Random Forest in depth,"XGBoost, LightGBM and CatBoost",Cross-validation strategies,Hyperparameter search methods,Ensemble model competition project,k-means and hierarchical clustering,DBSCAN and density-based methods,PCA and dimensionality reduction,Anomaly and outlier detection,Evaluating clusters without labels,Customer segmentation project,"Trend, seasonality and stationarity",ARIMA and SARIMA models,Prophet and modern forecasting tools,Backtesting a forecast properly,Forecast error metrics,Demand forecasting project,"Neurons, layers and activation functions",Forward pass and backpropagation,Loss functions and optimisers,"Training, validation and regularisation",PyTorch and TensorFlow essentials,First neural network project,Convolutional neural networks explained,Image classification architectures,Transfer learning with pretrained models,Object detection fundamentals,Data augmentation strategies,Computer vision project,Text preprocessing and tokenisation,Embeddings and vector representations,Sequence models and attention,The transformer architecture,Text classification and named entity recognition,NLP project,How LLMs are trained and how they behave,Prompt engineering and structured output,"Context windows, tokens and cost",Fine-tuning versus prompting versus RAG,Evaluating LLM output quality,LLM application project,"Text, image and multimodal generation",Embeddings and vector databases,Retrieval-augmented generation end to end,"Chunking, indexing and retrieval quality","Guardrails, safety and hallucination control",RAG application project,What makes a system agentic,Tool use and function calling,"Planning, memory and multi-step reasoning",Multi-agent orchestration patterns,Evaluating and debugging agent behaviour,Agentic AI build project,SQL for analytical workloads,Window functions and analytical queries,Working with large datasets,Distributed processing concepts with Spark,Data access patterns for ML pipelines,Big data analysis exercise,Packaging a model as an API,FastAPI and containerisation with Docker,Experiment tracking and model registries,CI/CD for machine learning,Monitoring drift and model decay,Model deployment project,Bias and fairness in models and data,Explainability with SHAP and LIME,"Privacy, consent and data protection","Model risk, misuse and failure modes",Documentation and model cards,Responsible AI review exercise,End-to-end project on a real-world problem,Problem framing and dataset selection,"Modeling, evaluation and iteration",Deployment of the finished model or agent,Technical write-up and presentation,Portfolio packaging of the capstone,Data science resume creation and optimization,ML theory and coding interview preparation,Take-home modeling and case tests,Behavioral interview training,LinkedIn and GitHub portfolio for AI roles,1 year Placement Support for Top Fellows,,,,,,,,,,,,,,,,,,,,,,,,AI and data science capstone portfolio,Role preparation for data scientist and AI engineer tracks,Practical confidence with modern AI tools and workflows,Python & Statistical Foundations,Machine Learning Model Development,Deep Learning & Neural Networks,NLP & Large Language Models,Agentic AI & RAG Systems,300+ Hrs AI/ML-Focused Content,400+ Hrs Live Project Sessions,Practising AI Engineers as Mentors,Data Science & AI Job Placement Support,Round-the-Clock Assistance,Data Science & AI Curriculum Track,Skill Evaluation Tests,Learning Performance Analytics Dashboard,Professional Community Access,Self-Paced Learning Options,Global Alumni Community,Mock Interview Training,Data Science & AI Certificates,Advanced LMS Platform,Live AI Deployment Case Studies,Python,ML,NLP,LLMs,Agentic AI,Technical Presentation & Demo Skills,Explaining Models to Non-Technical Stakeholders,Problem Framing & Scientific Thinking,Cross-Functional Collaboration,Research Reading & Continuous Learning,Professional Networking & Relationship Building,Real-world Machine Learning Projects,Model Development & Evaluation Cycles,LLM and RAG Application Builds,Agentic AI Workflow Implementation,Model Deployment & Monitoring,Industry Mentorship by Practising AI Engineers,Program Investment,"₹1,55,000",Including GST,,,,,,,,,,,,,,,,,,,,,,,,,,,,,,,,,,,AI Mentor,,,,,,,,,,,,,,,,,,,,,,,,,,,,,,,,,,,,,,,,,,,,,,
6a76bb1d2402e4ed9daef189,programs,6a6061e97bfcf05ac32c3e2a,7,6a6061e97bfcf05ac32c3e2a,,,,,,,,,,,,,,,,,gen-ai,published,2026-07-22T06:23:37.339Z,,false,5,,,,,7,,https://ik.imagekit.io/ojoijfoinsdnfoodsnf/careerveda/programs/ChatGPT-Image-Jul-13-2026-04_53_32-PM-fbacfde5.jpg,,,PG Program in GEN AI,,,,,,,,,,,,PG Program in GEN AI,"Master Generative AI and transform your career with cutting-edge skills. Learn to build intelligent applications using the latest AI models, LLMs, and…",,,false,2026-07-22T06:23:37.344Z,2026-08-04T08:18:36.461Z,true,6a6061e97bfcf05ac32c3e2a,6a706e412188a497eefd8214,,2026-08-08T05:14:05.938Z,0,PG Program in GEN AI,PG Program in GEN AI,,Become a Generative AI Engineer,AI,"Master Generative AI and transform your career with cutting-edge skills. Learn to build intelligent applications using the latest AI models, LLMs, and automation technologies.","Master Generative AI and transform your career with cutting-edge skills. Learn to build intelligent applications using the latest AI models, LLMs, and automation technologies, through hands-on projects and a capstone application.",6 Months,,Live Online,"Freshers, Graduates, Experienced",,,,,,,,,"LLMs, prompt engineering and RAG application development","Embeddings, vector databases and agentic AI workflows",Hands-on projects with deployment and portfolio support,,"A comprehensive curriculum designed by AI experts to make you job-ready. Master Generative AI, Large Language Models, prompt engineering, and AI application development with hands-on projects.",Our PG Program in GEN AI equips you with cutting-edge AI skills through hands-on projects and expert guidance.,"10,000+",30+,"₹1,40,000",,"3, 6, 9 & 12 months (No Cost EMIs)",7-Day Money Back Guarantee,"July 11, 2026",Few seats left,,Industry-Aligned,Enrolling Now,100% Placement Assurance,,"Python, NLP, transformers and LLM foundations","Prompt engineering, RAG and model fine-tuning","Agentic AI, multimodal generation and deployment",1,2,3,4,5,6,7,8,9,10,11,12,13,14,15,16,,,,,,Introduction to Generative AI,Python Foundations for Gen AI,Deep Learning Essentials,Natural Language Processing Foundations,Transformers & Large Language Models,Prompt Engineering,Building with LLM APIs,Embeddings & Vector Databases,Retrieval-Augmented Generation (RAG),Fine-Tuning & Model Customisation,"Image, Audio & Multimodal Generation",Agentic AI & Automation,"LLMOps, Deployment & Evaluation",Responsible & Safe Gen AI,End-to-End GenAI Application,AI Career Readiness & Interview Prep,,,,,,,,,,,,,,,,,,,,,,,,,,,What generative AI is and how it differs from traditional ML,"The model landscape: text, image, audio, video and code",Foundation models and how they are trained,"Capabilities, limitations and failure modes",Gen AI roles and career paths,Industry trends and outlook,Python essentials for AI development,Working in notebooks and virtual environments,NumPy and pandas for data handling,Calling model APIs from Python,"Keys, environment variables and configuration",Python foundations exercise set,"Neurons, layers and activation functions",Forward pass and backpropagation,Loss functions and optimisers,"Training, validation and overfitting",PyTorch essentials,First neural network project,Text preprocessing and tokenisation,Word embeddings and vector representations,Sequence models and attention,Text classification and sentiment analysis,Named entity recognition,NLP foundations project,The transformer architecture explained,Self-attention and positional encoding,How LLMs are pretrained and aligned,"Tokens, context windows and cost",Open versus closed models compared,LLM exploration exercise,Anatomy of an effective prompt,"Zero-shot, few-shot and chain-of-thought",Structured output and formatting control,"System, developer and user roles",Prompt evaluation and iteration,Prompt engineering project,"Calling OpenAI, Anthropic and open models","Streaming, temperature and sampling controls",Function and tool calling,"Rate limits, retries and error handling",Cost tracking and token budgeting,LLM-powered application component,Embeddings and semantic search explained,Chunking and indexing strategies,"Vector stores: pgvector, Pinecone, Chroma",Similarity metrics and retrieval quality,Keeping embeddings fresh as data changes,Embedding pipeline project,Why RAG and when it beats fine-tuning,End-to-end RAG architecture,"Retrieval, re-ranking and context assembly","Grounding, citations and reducing hallucination",Evaluating RAG answer quality,RAG application project,When to fine-tune versus prompt or RAG,Instruction tuning and dataset preparation,Parameter-efficient fine-tuning with LoRA and PEFT,"Training, evaluation and iteration",Deploying a customised model,Fine-tuning project,Diffusion models and image generation,Prompting and controlling image models,Speech-to-text and text-to-speech,Multimodal models with vision inputs,Responsible use of generated media,Multimodal generation project,What makes a system agentic,"Tool use, function calling and planning",Memory and multi-step reasoning,Multi-agent orchestration patterns,Guardrails and human-in-the-loop,Agentic AI build project,Packaging a Gen AI app as an API,FastAPI and containerisation with Docker,Prompt and output evaluation frameworks,"Monitoring, logging and cost control","Safety, guardrails and content filtering",Deployment project,"Bias, fairness and harmful output","Hallucination, grounding and verification","Privacy, consent and data protection",Prompt injection and security risks,"Governance, documentation and model cards",Responsible AI review exercise,Problem Definition,Data Collection & Preparation,Model Development,Deployment & Presentation,End-to-End GenAI Application Demo,Portfolio packaging of the capstone,Gen AI resume creation and optimization,LLM and system design interview preparation,Take-home build and case tests,Behavioral interview training,GitHub and LinkedIn portfolio for AI roles,1 year Placement Support for Top Fellows,,,,,,,,,,,,,,,,,,,,,,,,,,,,,,,,,,,,,,,,,,,,,,,,,,,,,,"A portfolio of Gen AI applications, RAG systems and agents","Readiness for AI Engineer, LLM Developer and Gen AI Specialist roles",Practical confidence with modern Gen AI tools and workflows,Doubt Resolution,AI Hackathons & Challenges,Career Guidance & Mentorship,Expert-Led Masterclasses,Best Learning Resources,200+ Hrs On-Demand Content,300+ Hrs Interactive Sessions,Seasoned Industry Professionals,End-to-End Job Support,Round-the-Clock Assistance,Customized Curriculum Track,Skill Evaluation Tests,Real-Time Performance Analytics,Professional Community Access,Self-Paced Learning Options,Global Alumni Community,Mock Interview Training,Industry-Recognized Certificates,Advanced LMS Platform,,Python,LLMs,Prompt Engineering,RAG,Agentic AI,Technical Communication Skills,AI Project Presentation,Collaborative Development,Problem Solving & Critical Thinking,Agile Methodologies,AI Ethics & Responsible AI Practice,Real-world AI Project Implementation,LLM Application Development,AI Model Optimization,AI Research & Development,Industry Mentorship Program,Production Deployment Experience,Program Investment,"₹1,40,000",Including GST,,,,,,,,,,,,,,,,,,,,,,,,,,,,,,,,,,,AI Mentor,,,,,,,,,,,,,,,,,,,,,,,,,,,,,,,,,,,,,,,,,,,,,,
6a76bb432402e4ed9daef1a9,programs,6a6061e97bfcf05ac32c3e30,8,6a6061e97bfcf05ac32c3e30,,,,,,,,,,,,,,,,,data-engineering,published,2026-07-22T06:23:37.406Z,,false,6,,,,6a706e412188a497eefd8214,8,,https://ik.imagekit.io/ojoijfoinsdnfoodsnf/careerveda/programs/ChatGPT-Image-Jul-13-2026-04_53_32-PM-fbacfde5.jpg,,,PG Program in Data Engineering with Agentic & Gen AI,,,,,,,,,,,,PG Program in Data Engineering with Agentic & Gen AI,"Learn data pipelines, ETL, warehousing, cloud-ready workflows, and AI-powered automation for modern data teams.",,,false,2026-07-22T06:23:37.408Z,2026-08-04T08:18:36.526Z,true,6a6061e97bfcf05ac32c3e30,6a706e412188a497eefd8214,,2026-08-08T05:14:43.625Z,0,PG Program in Data Engineering with Agentic & Gen AI,PG Program in Data Engineering with Agentic & Gen AI,,Become a Data Engineer with AI Automation Skills,Data Engineering,"Learn data pipelines, ETL, warehousing, cloud-ready workflows, and AI-powered automation for modern data teams.","Learn pipelines, ETL, warehousing and orchestration for modern data teams, plus the generative and agentic AI automation now layered on top of them.",8 Months,,Live Online,"Freshers, Graduates, Experienced",,,,,,,,,"Data pipelines, ETL, SQL, Python and orchestration fundamentals","Analytics engineering, data quality and AI automation workflows",Real projects focused on scalable business data systems,,"A comprehensive curriculum designed by industry experts combining SQL, Python, ETL, Spark, Airflow, dbt, cloud warehousing and agentic AI automation. Master pipeline design, data quality, orchestration and platform operations with hands-on projects.","This PG Program in Data Engineering with Agentic & Gen AI equips you with pipeline, ETL, warehousing, orchestration and AI automation skills through production-style projects and expert guidance.","10,000+",30+,"₹1,55,000",,"3, 6, 9 & 12 months (No Cost EMIs)",7-Day Money Back Guarantee,"July 18, 2026",Few seats left,,Industry-Aligned,Enrolling Now,100% Placement Assurance,,"SQL, Python, data modeling and ETL fundamentals","Pipeline orchestration, data quality and warehousing concepts",GenAI and agentic workflows for data operations,1,2,3,4,5,6,7,8,9,10,11,12,13,14,15,16,17,18,19,20,21,Introduction to Data Engineering,SQL for Data Engineering,Python for Data Engineering,Data Modeling & Warehouse Design,ETL & ELT Fundamentals,Data Ingestion & Source Systems,Data Lakes & Lakehouse Architecture,Cloud Data Warehouses,Apache Spark & Distributed Processing,Workflow Orchestration with Airflow,Analytics Engineering with dbt,Streaming Data with Kafka,Data Quality & Testing,"Data Governance, Lineage & Security","DataOps, CI/CD & Infrastructure",Pipeline Monitoring & Reliability,Generative AI for Data Engineering,Vector Databases & Embedding Pipelines,Agentic AI for Data Operations,Data Engineering Capstone Project,Data Career Readiness & Interview Prep,,,,,,,,,,,,,,,,,,,,,,What data engineers build and own,The modern data stack explained,OLTP versus OLAP workloads,Batch versus streaming paradigms,Data engineer career paths,Industry trends and outlook,Core SQL and set-based thinking,"Joins, aggregations and subqueries",Window functions for analytical work,Query plans and execution,Indexing and performance tuning,SQL engineering exercise set,Python fundamentals for pipeline code,"File, API and database I/O",pandas for transformation work,"Writing testable, reusable modules","Logging, config and error handling",Python pipeline component project,Normalisation versus dimensional modeling,Star and snowflake schemas,"Facts, dimensions and choosing the grain",Slowly changing dimensions,Data vault concepts,Warehouse model design project,"Extract, transform and load stages",ETL versus ELT and when each wins,Idempotency and reprocessing safely,Incremental loads and change data capture,Backfills without breaking downstream,First end-to-end ETL pipeline,"Ingesting from APIs, files and databases",Handling schema drift at the source,"Rate limits, retries and backoff",Landing zones and raw layers,Ingestion metadata and lineage,Multi-source ingestion project,Object storage fundamentals,"File formats: Parquet, Avro, ORC",Partitioning and file size strategy,Delta Lake and Iceberg table formats,The medallion architecture,Lakehouse build lab,"Snowflake, BigQuery and Redshift compared",Storage and compute separation,Loading and unloading data at scale,Cost control and query efficiency,Access control and data sharing,Cloud warehouse project,Why distributed processing exists,"Spark architecture: driver, executors, tasks","RDDs, DataFrames and Spark SQL","Shuffles, partitions and skew",Performance tuning in Spark,Spark batch processing project,DAG concepts and scheduling,"Operators, sensors and hooks","Dependencies, retries and SLAs",Parameterised and dynamic DAGs,Monitoring and alerting on failures,Airflow orchestration project,"dbt models, refs and the DAG","Staging, intermediate and mart layers","Tests, sources and freshness checks","Macros, Jinja and reusable logic",Documentation and lineage graphs,dbt transformation project,"Topics, partitions, producers and consumers",Event streaming architecture,Exactly-once and delivery guarantees,Stream processing fundamentals,Batch and streaming together,Streaming pipeline project,Defining data quality dimensions,Validation with Great Expectations,Anomaly detection on pipeline metrics,Contracts between producers and consumers,Alerting on quality failures,Data quality framework project,Cataloguing and metadata management,End-to-end lineage tracking,"PII handling, masking and encryption",Access control and row-level security,Compliance and retention policy,Governance review exercise,Version control for data pipelines,CI/CD for data transformations,Containerising pipeline workloads,Infrastructure as code basics,"Environments: dev, staging, production",DataOps pipeline project,Pipeline observability and metrics,"Freshness, volume and schema monitoring",On-call and incident handling for data,Root-cause analysis of a broken pipeline,Cost monitoring and optimisation,Reliability instrumentation lab,Where GenAI genuinely helps a data team,AI-assisted SQL and pipeline code,Automated documentation and data dictionaries,Natural-language querying over the warehouse,Verifying AI output before it ships,AI-assisted data workflow project,Embeddings and vector search explained,Chunking and indexing strategies,"Vector stores: pgvector, Pinecone, Weaviate",Building a retrieval pipeline for RAG,Keeping embeddings fresh as data changes,Embedding pipeline project,What makes a data workflow agentic,Tool use and function calling over data systems,"Agents for triage, quality checks and remediation",Guardrails and human-in-the-loop approval,Evaluating and monitoring agent behaviour,Agentic data automation project,End-to-end platform build on real data,"Ingestion, modeling and transformation layers","Orchestrated, tested and monitored pipelines",AI-assisted automation layered on top,Architecture documentation and write-up,Portfolio packaging of the capstone,Data engineer resume creation and optimization,SQL and Python interview preparation,Data modeling and pipeline design interviews,Behavioral interview training,GitHub and LinkedIn portfolio for data engineers,1 year Placement Support for Top Fellows,,,,,,,,,,,,,,,,,,,,,,,,Data engineering project portfolio,Role readiness for analytics and data platform teams,Practical confidence with AI-assisted data workflows,SQL & Advanced Data Modeling,Python for Data Engineering,ETL & ELT Pipeline Development,Data Warehousing & Lakehouse Architecture,Airflow Orchestration & dbt,Spark & Distributed Processing,250+ Hrs Data Engineering Content,300+ Hrs Live Pipeline Sessions,Working Data Engineers as Mentors,Data Engineering Job Placement Support,Round-the-Clock Assistance,Data Engineering Curriculum Track,Skill Evaluation Tests,Learning Performance Analytics Dashboard,Professional Community Access,Self-Paced Learning Options,Global Alumni Community,Mock Interview Training,Data Engineering Certificates,Live Gen AI & Agentic Automation Case Studies,SQL,Python,ETL,Pipelines,Gen AI,Technical Documentation & Data Communication,Stakeholder Requirement Gathering,Debugging & Systematic Problem Solving,Cross-Functional Collaboration with Analysts & Scientists,Ownership & Pipeline Reliability Mindset,Professional Networking & Relationship Building,Real-world Data Pipeline Projects,ETL & Warehouse Build-Outs,Orchestration & Scheduling Implementation,Data Quality & Monitoring Work,Gen AI and Agentic Automation for Data Ops,Industry Mentorship by Working Data Engineers,Program Investment,"₹1,55,000",Including GST,,,,,,,,,,,,,,,,,,,,,,,,,,,,,,,,,,,Data Mentor,,,,,,,,,,,,,,,,,,,,,,,,,,,,,,,,,,,,,,,,,,,,,,
6a76bb662402e4ed9daef1b1,programs,6a6061e97bfcf05ac32c3e30,9,6a6061e97bfcf05ac32c3e30,,,,,,,,,,,,,,,,,data-engineering,published,2026-07-22T06:23:37.406Z,,false,6,,,,6a706e412188a497eefd8214,9,,https://ik.imagekit.io/ojoijfoinsdnfoodsnf/careerveda/programs/ChatGPT-Image-Jul-13-2026-04_53_32-PM-fbacfde5.jpg,,,PG Program in Data Engineering with Agentic & Gen AI,,,,,,,,,,,,PG Program in Data Engineering with Agentic & Gen AI,"Learn data pipelines, ETL, warehousing, cloud-ready workflows, and AI-powered automation for modern data teams.",,,false,2026-07-22T06:23:37.408Z,2026-08-08T05:14:44.108Z,true,6a6061e97bfcf05ac32c3e30,6a706e412188a497eefd8214,,2026-08-08T05:15:18.885Z,0,PG Program in Data Engineering with Agentic & Gen AI,PG Program in Data Engineering with Agentic & Gen AI,,Become a Data Engineer with AI Automation Skills,Data Engineering,"Learn data pipelines, ETL, warehousing, cloud-ready workflows, and AI-powered automation for modern data teams.","Learn pipelines, ETL, warehousing and orchestration for modern data teams, plus the generative and agentic AI automation now layered on top of them.",8 Months,,Live Online,"Freshers, Graduates, Experienced",,,,,,,,,"Data pipelines, ETL, SQL, Python and orchestration fundamentals","Analytics engineering, data quality and AI automation workflows",Real projects focused on scalable business data systems,,"A comprehensive curriculum designed by industry experts combining SQL, Python, ETL, Spark, Airflow, dbt, cloud warehousing and agentic AI automation. Master pipeline design, data quality, orchestration and platform operations with hands-on projects.","This PG Program in Data Engineering with Agentic & Gen AI equips you with pipeline, ETL, warehousing, orchestration and AI automation skills through production-style projects and expert guidance.","10,000+",30+,"₹1,55,000",,"3, 6, 9 & 12 months (No Cost EMIs)",7-Day Money Back Guarantee,"August 8, 2026",Few seats left,,Industry-Aligned,Enrolling Now,100% Placement Assurance,,"SQL, Python, data modeling and ETL fundamentals","Pipeline orchestration, data quality and warehousing concepts",GenAI and agentic workflows for data operations,1,2,3,4,5,6,7,8,9,10,11,12,13,14,15,16,17,18,19,20,21,Introduction to Data Engineering,SQL for Data Engineering,Python for Data Engineering,Data Modeling & Warehouse Design,ETL & ELT Fundamentals,Data Ingestion & Source Systems,Data Lakes & Lakehouse Architecture,Cloud Data Warehouses,Apache Spark & Distributed Processing,Workflow Orchestration with Airflow,Analytics Engineering with dbt,Streaming Data with Kafka,Data Quality & Testing,"Data Governance, Lineage & Security","DataOps, CI/CD & Infrastructure",Pipeline Monitoring & Reliability,Generative AI for Data Engineering,Vector Databases & Embedding Pipelines,Agentic AI for Data Operations,Data Engineering Capstone Project,Data Career Readiness & Interview Prep,,,,,,,,,,,,,,,,,,,,,,What data engineers build and own,The modern data stack explained,OLTP versus OLAP workloads,Batch versus streaming paradigms,Data engineer career paths,Industry trends and outlook,Core SQL and set-based thinking,"Joins, aggregations and subqueries",Window functions for analytical work,Query plans and execution,Indexing and performance tuning,SQL engineering exercise set,Python fundamentals for pipeline code,"File, API and database I/O",pandas for transformation work,"Writing testable, reusable modules","Logging, config and error handling",Python pipeline component project,Normalisation versus dimensional modeling,Star and snowflake schemas,"Facts, dimensions and choosing the grain",Slowly changing dimensions,Data vault concepts,Warehouse model design project,"Extract, transform and load stages",ETL versus ELT and when each wins,Idempotency and reprocessing safely,Incremental loads and change data capture,Backfills without breaking downstream,First end-to-end ETL pipeline,"Ingesting from APIs, files and databases",Handling schema drift at the source,"Rate limits, retries and backoff",Landing zones and raw layers,Ingestion metadata and lineage,Multi-source ingestion project,Object storage fundamentals,"File formats: Parquet, Avro, ORC",Partitioning and file size strategy,Delta Lake and Iceberg table formats,The medallion architecture,Lakehouse build lab,"Snowflake, BigQuery and Redshift compared",Storage and compute separation,Loading and unloading data at scale,Cost control and query efficiency,Access control and data sharing,Cloud warehouse project,Why distributed processing exists,"Spark architecture: driver, executors, tasks","RDDs, DataFrames and Spark SQL","Shuffles, partitions and skew",Performance tuning in Spark,Spark batch processing project,DAG concepts and scheduling,"Operators, sensors and hooks","Dependencies, retries and SLAs",Parameterised and dynamic DAGs,Monitoring and alerting on failures,Airflow orchestration project,"dbt models, refs and the DAG","Staging, intermediate and mart layers","Tests, sources and freshness checks","Macros, Jinja and reusable logic",Documentation and lineage graphs,dbt transformation project,"Topics, partitions, producers and consumers",Event streaming architecture,Exactly-once and delivery guarantees,Stream processing fundamentals,Batch and streaming together,Streaming pipeline project,Defining data quality dimensions,Validation with Great Expectations,Anomaly detection on pipeline metrics,Contracts between producers and consumers,Alerting on quality failures,Data quality framework project,Cataloguing and metadata management,End-to-end lineage tracking,"PII handling, masking and encryption",Access control and row-level security,Compliance and retention policy,Governance review exercise,Version control for data pipelines,CI/CD for data transformations,Containerising pipeline workloads,Infrastructure as code basics,"Environments: dev, staging, production",DataOps pipeline project,Pipeline observability and metrics,"Freshness, volume and schema monitoring",On-call and incident handling for data,Root-cause analysis of a broken pipeline,Cost monitoring and optimisation,Reliability instrumentation lab,Where GenAI genuinely helps a data team,AI-assisted SQL and pipeline code,Automated documentation and data dictionaries,Natural-language querying over the warehouse,Verifying AI output before it ships,AI-assisted data workflow project,Embeddings and vector search explained,Chunking and indexing strategies,"Vector stores: pgvector, Pinecone, Weaviate",Building a retrieval pipeline for RAG,Keeping embeddings fresh as data changes,Embedding pipeline project,What makes a data workflow agentic,Tool use and function calling over data systems,"Agents for triage, quality checks and remediation",Guardrails and human-in-the-loop approval,Evaluating and monitoring agent behaviour,Agentic data automation project,End-to-end platform build on real data,"Ingestion, modeling and transformation layers","Orchestrated, tested and monitored pipelines",AI-assisted automation layered on top,Architecture documentation and write-up,Portfolio packaging of the capstone,Data engineer resume creation and optimization,SQL and Python interview preparation,Data modeling and pipeline design interviews,Behavioral interview training,GitHub and LinkedIn portfolio for data engineers,1 year Placement Support for Top Fellows,,,,,,,,,,,,,,,,,,,,,,,,Data engineering project portfolio,Role readiness for analytics and data platform teams,Practical confidence with AI-assisted data workflows,SQL & Advanced Data Modeling,Python for Data Engineering,ETL & ELT Pipeline Development,Data Warehousing & Lakehouse Architecture,Airflow Orchestration & dbt,Spark & Distributed Processing,250+ Hrs Data Engineering Content,300+ Hrs Live Pipeline Sessions,Working Data Engineers as Mentors,Data Engineering Job Placement Support,Round-the-Clock Assistance,Data Engineering Curriculum Track,Skill Evaluation Tests,Learning Performance Analytics Dashboard,Professional Community Access,Self-Paced Learning Options,Global Alumni Community,Mock Interview Training,Data Engineering Certificates,Live Gen AI & Agentic Automation Case Studies,SQL,Python,ETL,Pipelines,Gen AI,Technical Documentation & Data Communication,Stakeholder Requirement Gathering,Debugging & Systematic Problem Solving,Cross-Functional Collaboration with Analysts & Scientists,Ownership & Pipeline Reliability Mindset,Professional Networking & Relationship Building,Real-world Data Pipeline Projects,ETL & Warehouse Build-Outs,Orchestration & Scheduling Implementation,Data Quality & Monitoring Work,Gen AI and Agentic Automation for Data Ops,Industry Mentorship by Working Data Engineers,Program Investment,"₹1,55,000",Including GST,,,,,,,,,,,,,,,,,,,,,,,,,,,,,,,,,,,Data Mentor,,,,,,,,,,,,,,,,,,,,,,,,,,,,,,,,,,,,,,,,,,,,,,
6a76bba02402e4ed9daef1d7,programs,6a6061e97bfcf05ac32c3e35,10,6a6061e97bfcf05ac32c3e35,,,,,,,,,,,,,,,,,backend-engineering,published,2026-07-22T06:23:37.469Z,,false,7,,,,6a708ec07c0778d2b1fdc62a,10,6a7176d1bc58f329a325e602,https://ik.imagekit.io/ojoijfoinsdnfoodsnf/careerveda/ChatGPT-Image-Aug-3-2026-06_53_50-PM-0b629bd9.png,6a7176ce5c7cd75eb89298bf,https://ik.imagekit.io/ojoijfoinsdnfoodsnf/tr:n-ik_ml_thumbnail/careerveda/ChatGPT-Image-Aug-3-2026-06_53_50-PM-0b629bd9.png,,,1122,1402,,,,,,,,,PG Program in Backend Development Engineering,"Master server-side development, databases, APIs, authentication, deployment workflows, and scalable backend architecture.",,,false,2026-07-22T06:23:37.473Z,2026-08-06T05:11:58.313Z,true,6a6061e97bfcf05ac32c3e35,6a706e412188a497eefd8214,,2026-08-08T05:16:16.002Z,0,PG Program in Backend Development Engineering,PG Program in Backend Development Engineering,,Become a Backend Development Engineer,Engineering,"Master server-side development, databases, APIs, authentication, deployment workflows, and scalable backend architecture.","Master server-side engineering — REST APIs, databases, authentication, deployment and scalable architecture — on production-style projects that stand up in a developer portfolio.",6 Months,,Live Online,"Freshers, Graduates, Experienced",,,,,,,,,"Node.js, Express APIs, databases, authentication and deployment",Backend architecture with clean routing and secure data handling,Production-style projects for developer portfolios,,"A comprehensive curriculum designed by industry experts combining JavaScript, Node.js, Express, SQL and NoSQL databases, authentication, testing, Docker and cloud deployment. Master API design, system architecture and production readiness with hands-on projects.","This PG Program in Backend Development Engineering equips you with API design, database, authentication, testing and deployment skills through production-style projects and expert guidance.","10,000+",30+,"₹1,70,000",,"3, 6, 9 & 12 months (No Cost EMIs)",7-Day Money Back Guarantee,"July 18, 2026",Few seats left,,Industry-Aligned,Enrolling Now,100% Placement Assurance,,JavaScript backend foundations and REST API design,"Database modeling, authentication and authorization","Deployment, environment variables and production readiness",1,2,3,4,5,6,7,8,9,10,11,12,13,14,15,16,17,18,19,20,21,Introduction to Backend Engineering,JavaScript & TypeScript Foundations,Node.js Fundamentals,Building APIs with Express,REST API Design,SQL Databases,NoSQL & MongoDB,ORMs & Data Access Layers,Authentication & Authorization,API Security,Testing Backend Systems,Caching & Performance,Asynchronous Processing & Queues,Real-Time Backends,Microservices & System Architecture,Docker & Containerisation,Cloud Deployment & DevOps,Observability & Production Operations,Scalability & System Design,Backend Engineering Capstone Project,Engineering Career Readiness & Interview Prep,,,,,,,,,,,,,,,,,,,,,,What backend engineers own in a product,Client-server architecture explained,How a request travels end to end,Backend languages and runtimes compared,Career paths in backend and platform teams,Industry trends and outlook,Modern JavaScript syntax and semantics,"Closures, scope and the event loop","Promises, async/await and error handling",Modules and package management with npm,"TypeScript types, interfaces and generics",Language foundations exercise set,The Node runtime and event loop in practice,"Core modules: fs, path, http, events",Streams and buffers,Environment configuration and secrets,Debugging and profiling Node applications,First Node service build,"Routing, controllers and middleware",Request parsing and response shaping,Centralised error handling,Project structure that scales,Logging and request tracing,REST API build project,Resource modeling and URL design,HTTP methods and status codes used correctly,"Pagination, filtering and sorting",Versioning strategies,OpenAPI documentation,API design review exercise,Relational modeling and normalisation,PostgreSQL setup and core SQL,"Joins, aggregations and subqueries",Indexes and query performance,Transactions and ACID guarantees,Relational database project,Document databases versus relational,MongoDB schema design patterns,CRUD operations and the aggregation pipeline,Indexing in MongoDB,Embedding versus referencing,MongoDB-backed service project,ORM concepts and trade-offs,"Prisma, Sequelize and Mongoose in practice",Migrations and schema evolution,Repository pattern and data access separation,Seeding and test data management,Data layer refactor exercise,Password hashing done properly,Session-based versus token-based auth,"JWT issuance, refresh and revocation",OAuth 2.0 and third-party login,Role and permission based access control,Complete auth system project,The OWASP API Security Top 10,Input validation and injection prevention,Rate limiting and abuse protection,"CORS, CSRF and secure headers",Secrets management and key rotation,API hardening lab,Unit testing with Jest,Integration testing against a real database,API contract testing with Supertest,"Mocking, stubbing and fixtures","Coverage, flakiness and test discipline",Test suite build project,Where latency actually comes from,Redis fundamentals and data types,Cache strategies and invalidation,Database query optimisation,Load testing and benchmarking,Performance tuning exercise,When to move work out of the request path,Message queues and job workers,BullMQ and RabbitMQ concepts,"Retries, dead letter queues and idempotency",Scheduled and recurring jobs,Background processing project,WebSockets versus polling,Socket.IO event architecture,Server-sent events and streaming,Scaling real-time connections,"Presence, rooms and broadcast patterns",Real-time feature project,Monolith versus microservices trade-offs,Service boundaries and communication,API gateways and service discovery,Event-driven architecture basics,Distributed system failure modes,Architecture design exercise,"Images, containers and layers",Writing an efficient Dockerfile,Docker Compose for local environments,Container networking and volumes,Container security basics,Containerised application project,"Deploying to AWS, Render or Railway",Environment configuration across stages,CI/CD pipelines with GitHub Actions,Zero-downtime deploys and rollbacks,Infrastructure basics for backend engineers,Full deployment pipeline project,Structured logging that helps at 3am,"Metrics, dashboards and alerting",Distributed tracing fundamentals,Health checks and graceful shutdown,Incident response for backend services,Observability instrumentation lab,Horizontal versus vertical scaling,Load balancing strategies,Database replication and sharding,"Consistency, availability and partition trade-offs",Designing systems at interview whiteboard level,System design case study,End-to-end production-style backend build,"Requirements, data model and API contract",Implementation with tests and security,Containerised deployment to the cloud,Documentation and architecture write-up,Portfolio packaging of the capstone,Developer resume creation and optimization,Data structures and algorithms preparation,System design interview training,Behavioral interview training,GitHub and LinkedIn portfolio for engineers,1 year Placement Support for Top Fellows,,,,,,,,,,,,,,,,,,,,,,,,Backend API project portfolio,Interview preparation for backend developer roles,Confidence with real deployment and database workflows,REST & API Design Mastery,Node.js & Express Development,SQL & NoSQL Database Modeling,Authentication & Authorization,Docker & Cloud Deployment,200+ Hrs Engineering-Focused Content,300+ Hrs Live Coding Sessions,Working Backend Engineers as Mentors,Backend Engineering Job Placement Support,Round-the-Clock Assistance,Backend Engineering Curriculum Track,Skill Evaluation Tests,Learning Performance Analytics Dashboard,Professional Community Access,Self-Paced Learning Options,Global Alumni Community,Mock Interview Training,Backend Engineering Certificates,Advanced LMS Platform,Live System Design Case Studies,Node.js,Express,MongoDB,SQL,Auth,Technical Documentation & API Communication,Code Review & Constructive Feedback,Debugging & Systematic Problem Solving,Cross-Functional Collaboration with Product & Frontend,Ownership & On-Call Responsibility,Professional Networking & Relationship Building,Real-world Backend Engineering Projects,Production-Style API Development,Database Design & Optimisation Work,Code Review & Pull Request Workflows,Deployment & Release Participation,Industry Mentorship by Working Backend Engineers,Program Investment,"₹1,70,000",Including GST,,,,,,,,,,,,,,,,,,,,,,,,,,,,,,,,,,,Engineering Mentor,,,,,,,,,,,,,,,,,,,,,,,,,,,,,,,,,,,,,,,,,,,,,,
6a76bbc72402e4ed9daef1f4,programs,6a6061e97bfcf05ac32c3e39,23,6a6061e97bfcf05ac32c3e39,,,,,,,,,,,,,,,,,cybersecurity,published,2026-07-22T06:23:37.534Z,,false,8,,,,6a708ec07c0778d2b1fdc62a,23,6a717690bc58f329a325e5c9,https://ik.imagekit.io/ojoijfoinsdnfoodsnf/careerveda/CyberSecurity-7e85cd39.png,6a71768e5c7cd75eb8904cae,https://ik.imagekit.io/ojoijfoinsdnfoodsnf/tr:n-ik_ml_thumbnail/careerveda/CyberSecurity-7e85cd39.png,,,1122,1402,,,,,,,,,PG Program in CyberSecurity,"Learn practical digital security foundations, network safety, risk awareness, and defensive monitoring workflows.",,,false,2026-07-22T06:23:37.537Z,2026-08-06T05:12:14.869Z,true,6a6061e97bfcf05ac32c3e39,6a706e412188a497eefd8214,,2026-08-08T05:16:55.653Z,0,PG Program in CyberSecurity,PG Program in CyberSecurity,,Become a Defensive Security Professional,Security,"Learn practical digital security foundations, network safety, risk awareness, and defensive monitoring workflows.","Learn defensive security from the ground up — networks, Linux, web fundamentals, monitoring and incident response — through hands-on labs built around awareness, reporting and response.",6 Months,,Live Online,"Freshers, Graduates, Experienced",,,,,,,,,"Network safety, secure systems thinking and web security fundamentals","Hands-on defensive labs focused on awareness, reporting and response",Career preparation for entry-level security operations roles,,"A comprehensive curriculum designed by industry experts combining networking, Linux, security fundamentals, SOC operations, threat detection and incident response. Master defensive monitoring, risk assessment and reporting with hands-on labs.","This PG Program in CyberSecurity equips you with networking, Linux, security operations, monitoring and incident response skills through hands-on defensive labs and expert guidance.","10,000+",30+,"₹1,65,000",,"3, 6, 9 & 12 months (No Cost EMIs)",7-Day Money Back Guarantee,"July 18, 2026",Few seats left,,Industry-Aligned,Enrolling Now,100% Placement Assurance,,"Networking, Linux, security fundamentals and web basics","Risk review, safe reporting and documentation workflows","Monitoring concepts, alert review and incident response basics",1,2,3,4,5,6,7,8,9,10,11,12,13,14,15,16,17,18,19,20,21,Introduction to CyberSecurity,Networking Fundamentals,Linux Essentials for Security,Windows & Endpoint Security,Security Fundamentals & Frameworks,Cryptography Basics,Identity & Access Management,Web Application Security,Network Defence & Perimeter Security,Vulnerability Management,Threat Intelligence & the Attack Lifecycle,Logging & Log Analysis,SIEM & Security Monitoring,Security Operations Centre Workflows,Incident Response,Digital Forensics Fundamentals,Malware & Phishing Defence,Cloud Security Fundamentals,"Governance, Risk & Compliance",CyberSecurity Capstone Project,Security Career Readiness & Interview Prep,,,,,,,,,,,,,,,,,,,,,,The security landscape and why attacks succeed,"Confidentiality, integrity and availability","Threats, vulnerabilities and risk","Blue team, red team and purple team roles",Security career paths and certifications,Industry trends and outlook,The OSI and TCP/IP models,"IP addressing, subnetting and routing","TCP, UDP and common protocols","DNS, DHCP and HTTP in practice",Packet analysis with Wireshark,Network traffic analysis lab,The Linux filesystem and shell,"Users, groups and permissions","Processes, services and systemd",Package management and updates,Shell scripting for security tasks,Linux administration lab,Windows architecture and the registry,Active Directory fundamentals,Windows event logs and auditing,Endpoint protection and EDR concepts,Endpoint hardening baselines,Endpoint hardening lab,Defence in depth and least privilege,The CIA triad applied to real systems,NIST Cybersecurity Framework,ISO 27001 and CIS Controls overview,The MITRE ATT&CK matrix,Framework mapping exercise,Symmetric and asymmetric encryption,"Hashing, salting and integrity checks",TLS and certificate chains,Public key infrastructure,Key management practices,Encryption implementation lab,Authentication versus authorisation,Multi-factor authentication,"Single sign-on, OAuth and SAML",Role-based and least-privilege access,Privileged access management,Access review exercise,How web applications work end to end,The OWASP Top 10 explained,"Injection, XSS and broken access control",Secure session and cookie handling,Input validation and output encoding,Secure code review lab,Firewall rules and network segmentation,IDS and IPS concepts,VPNs and secure remote access,Zero trust network principles,Wireless network security,Network defence configuration lab,The vulnerability management lifecycle,Scanning and asset discovery,CVSS scoring and prioritisation,Patch management workflows,Reporting findings to system owners,Vulnerability assessment report project,The cyber kill chain,Common attacker tactics and techniques,Indicators of compromise,Threat intelligence sources and feeds,Mapping observed activity to ATT&CK,Threat analysis exercise,What to log and what to keep,Log sources across the estate,Parsing and normalising log data,Baselining normal behaviour,Spotting anomalies in log volume,Log analysis lab,SIEM architecture and data flow,Writing detection rules and correlation logic,Building monitoring dashboards,Alert triage and tuning out noise,Reducing false positives,SIEM detection build lab,SOC tiers and escalation paths,The alert triage process,"Ticketing, tracking and handover",Runbooks and standard operating procedures,Shift discipline and documentation,Simulated SOC shift exercise,The incident response lifecycle,"Detection, containment and eradication",Recovery and return to service,Communication during an incident,Post-incident review and lessons learned,Incident response tabletop exercise,Evidence handling and chain of custody,Disk and memory acquisition basics,Timeline reconstruction,Artefact analysis on Windows and Linux,Forensic reporting standards,Forensic investigation lab,Malware categories and behaviour,Safe analysis in an isolated sandbox,Phishing campaign anatomy,"Email authentication: SPF, DKIM, DMARC",User awareness and reporting culture,Phishing response lab,The shared responsibility model,Identity and access management in the cloud,Common cloud misconfigurations,"Storage, network and workload security",Cloud logging and monitoring,Cloud security review lab,Security policy and standards,Risk assessment and risk registers,Audit preparation and evidence,Data protection and privacy obligations,Business continuity and disaster recovery,Risk assessment project,End-to-end defensive security project,Assessing and hardening a target environment,Building detection and monitoring coverage,Responding to a simulated incident,Full written incident and risk report,Portfolio packaging of the capstone,Security analyst resume creation and optimization,Technical security interview preparation,Scenario and incident-handling tests,Behavioral interview training,LinkedIn networking for security professionals,1 year Placement Support for Top Fellows,,,,,,,,,,,,,,,,,,,,,,,,Security fundamentals portfolio and report samples,Clear roadmap for entry-level defensive security tracks,Practical understanding of safe digital risk management,Networking & Protocol Fundamentals,Linux & Systems Hardening,Security Operations Centre Workflows,Threat Detection & Log Monitoring,Incident Response & Reporting,200+ Hrs Security-Focused Content,300+ Hrs Live Lab Sessions,Practising Security Analysts as Mentors,CyberSecurity Job Placement Support,Round-the-Clock Assistance,CyberSecurity Curriculum Track,Skill Evaluation Tests,Learning Performance Analytics Dashboard,Professional Community Access,Self-Paced Learning Options,Global Alumni Community,Mock Interview Training,CyberSecurity Certificates,Advanced LMS Platform,Live Incident Response Case Studies,Linux,Networking,Web Safety,Monitoring,Reports,Incident Communication Under Pressure,Clear Security Reporting & Documentation,Risk Explanation for Non-Technical Stakeholders,Cross-Team Coordination During Incidents,Analytical Thinking & Investigative Discipline,Professional Networking & Relationship Building,Real-world Defensive Security Projects,SOC Monitoring & Alert Triage,Vulnerability Assessment & Reporting,Incident Response Simulations,Security Hardening & Configuration Reviews,Industry Mentorship by Practising Security Analysts,Program Investment,"₹1,65,000",Including GST,,,,,,,,,,,,,,,,,,,,,,,,,,,,,,,,,,,Security Mentor,,,,,,,,,,,,,,,,,,,,,,,,,,,,,,,,,,,,,,,,,,,,,,
